company_number,company_name,company_status,company_type,incorporation_date,company_age_years,postcode,local_authority,region,sic_code,sic_description,secondary_sic_codes,primary_industry,accounts_due_date,accounts_overdue_flag,confirmation_due,snapshot_date
00009872,NOTTINGHAMSHIRE LAW SOCIETY,Active,"PRI/LTD BY GUAR/NSC (Private, limited by guarantee, no share capital)",1875-09-23,151,NG1 5HR,Nottingham,East Midlands,94120,Activities of professional membership organizations,,Other Service Activities,2027-12-31,0,2027-06-15,2026-09-01
00010416,SUTTON-IN-ASHFIELD TOWN HALL COMPANY LTD,Active,Private Limited Company,1876-03-09,150,NG17 1DH,Ashfield,East Midlands,68100,Buying and selling of own real estate,68209,Real Estate Activities,2026-12-25,0,2027-07-14,2026-09-01
00012592,REFLEX PLUS LTD,Active,Private Limited Company,1878-10-29,148,NG18 5BU,Mansfield,East Midlands,18129,Printing n.e.c.,,Manufacturing,2026-11-30,0,2027-05-22,2026-09-01
00014968,"LENTON LIBERAL CLUB COMPANY,LIMITED(THE)",Active,Private Limited Company,1881-02-17,145,NG7 1SD,Nottingham,East Midlands,94990,Activities of other membership organizations n.e.c.,,Other Service Activities,2027-09-30,0,2027-04-16,2026-09-01
00021205,HARRINGTON FACTORY COMPANY LIMITED(THE),Active,Private Limited Company,1885-05-27,141,NG18 5FB,Mansfield,East Midlands,68209,Other letting and operating of own or leased real estate,,Real Estate Activities,2027-03-31,0,2027-04-23,2026-09-01
00026588,ARNOLD AND DISTRICT LIBERAL CLUB COMPANY LIMITED(THE),Active,Private Limited Company,1888-05-01,138,NG5 7DB,Gedling,East Midlands,56301,Licensed clubs,,Accommodation & Food Service,2027-03-31,0,2027-01-14,2026-09-01
00027657,THE BOOTS COMPANY PLC,Active,Public Limited Company,1888-11-07,138,NG2 3AA,Broxtowe,East Midlands,70100,Activities of head offices,77400,"Professional, Scientific & Technical",2027-02-28,0,2027-02-15,2026-09-01
00034165,SOUTHWELL AND NOTTINGHAM DIOCESAN BOARD OF FINANCE,Active,"PRI/LTD BY GUAR/NSC (Private, limited by guarantee, no share capital)",1891-06-05,135,NG25 0JH,Newark and Sherwood,East Midlands,82990,Other business support service activities n.e.c.,,Administrative & Support Service,2027-09-30,0,2026-06-10,2026-09-01
00047570,RYBURNDALE PAPER MILLS COMPANY LIMITED.(THE),Active,Private Limited Company,1896-04-16,130,NG3 1DE,Nottingham,East Midlands,74990,Non-trading company,,"Professional, Scientific & Technical",2026-09-30,0,2027-01-13,2026-09-01
00048139,JALLAND & CO.LIMITED,Active,Private Limited Company,1896-05-30,130,NG1 1PB,Nottingham,East Midlands,68209,Other letting and operating of own or leased real estate,,Real Estate Activities,2026-09-30,0,2027-02-21,2026-09-01
00048245,NOTTINGHAM AND COUNTY CONSTITUTIONAL CLUB COMPANY LIMITED(THE),Active,Private Limited Company,1896-06-08,130,NG1 1EW,Nottingham,East Midlands,68209,Other letting and operating of own or leased real estate,,Real Estate Activities,2027-09-30,0,2026-11-12,2026-09-01
00051903,ARMITAGE BROTHERS LIMITED,Active,Private Limited Company,1897-04-01,129,NG8 6AS,Broxtowe,East Midlands,10920,Manufacture of prepared pet foods,,Manufacturing,2027-06-30,0,2026-10-28,2026-09-01
00056433,SAINT-GOBAIN PAM UK LIMITED,Active,Private Limited Company,1898-03-09,128,LE12 6JU,Rushcliffe,East Midlands,99999,Dormant Company,,Extraterritorial Organisations,2026-09-30,0,2027-08-26,2026-09-01
00058093,COMPANY CHEMISTS ASSOCIATION LIMITED,Active,Private Limited Company,1898-07-06,128,NG11 0DJ,Rushcliffe,East Midlands,94110,Activities of business and employers membership organizations,,Other Service Activities,2026-09-30,0,2026-10-10,2026-09-01
00059225,ABBOTT AND COMPANY HOLDINGS LIMITED,Active,Private Limited Company,1898-10-20,128,NG24 2EJ,Newark and Sherwood,East Midlands,70100,Activities of head offices,,"Professional, Scientific & Technical",2027-06-30,0,2026-12-03,2026-09-01
00062561,"COPLEY,MARSHALL & CO.,LIMITED",Active,Private Limited Company,1899-06-14,127,NG15 8AB,Gedling,East Midlands,99999,Dormant Company,,Extraterritorial Organisations,2027-10-31,0,2027-05-22,2026-09-01
00068498,NOTTS GOLF CLUB LIMITED(THE),Active,"PRI/LTD BY GUAR/NSC (Private, limited by guarantee, no share capital)",1900-12-20,126,NG17 7QR,Ashfield,East Midlands,93110,Operation of sports facilities,,"Arts, Entertainment & Recreation",2027-09-30,0,2027-05-05,2026-09-01
00071649,THE WOODLAND BUILDINGS INVESTMENT COMPANY LIMITED,Active,Private Limited Company,1901-10-19,125,NG1 7BQ,Nottingham,East Midlands,68209,Other letting and operating of own or leased real estate,,Real Estate Activities,2027-09-30,0,2027-05-21,2026-09-01
00079136,SOURCE BIOSCIENCE LIMITED,Active,Private Limited Company,1903-11-14,123,NG8 6PX,Nottingham,East Midlands,82990,Other business support service activities n.e.c.,,Administrative & Support Service,2027-09-30,0,2027-01-23,2026-09-01
00079856,DAYBROOK LIMITED,Active,Private Limited Company,1904-01-27,122,NG23 6BB,Newark and Sherwood,East Midlands,68100,Buying and selling of own real estate,,Real Estate Activities,2027-07-31,0,2027-03-04,2026-09-01
00089761,SAINT-GOBAIN QUARTZ LIMITED,Active,Private Limited Company,1906-08-03,120,LE12 6JU,Rushcliffe,East Midlands,99999,Dormant Company,,Extraterritorial Organisations,2026-09-30,0,2027-07-29,2026-09-01
00090604,MARSH BELLOFRAM EUROPE LIMITED,Active,Private Limited Company,1906-10-29,120,NG2 1AH,Nottingham,East Midlands,46690,Wholesale of other machinery and equipment,,Wholesale & Retail Trade,2026-09-30,0,2027-01-17,2026-09-01
00091349,PRICE SHEPSHED LIMITED,Active,Private Limited Company,1906-12-20,120,NG24 2EJ,Newark and Sherwood,East Midlands,68209,Other letting and operating of own or leased real estate,,Real Estate Activities,2026-12-31,0,2026-12-03,2026-09-01
00095778,NEWARK CONSERVATIVE PROPERTY COMPANY LIMITED,Active,Private Limited Company,1907-11-22,119,NG24 1AX,Newark and Sherwood,East Midlands,41100,Development of building projects,,Construction,2027-09-30,0,2027-07-17,2026-09-01
00096365,REEVES WIRELINE TECHNOLOGIES LIMITED,Active,Private Limited Company,1908-01-07,118,LE12 6JX,Rushcliffe,East Midlands,32990,Other manufacturing n.e.c.,,Manufacturing,2026-09-30,0,2027-07-12,2026-09-01
00098251,WEST BRIDGFORD FREEMASONS HALL COMPANY LIMITED(THE),Active,Private Limited Company,1908-06-04,118,NG2 7QW,Rushcliffe,East Midlands,68209,Other letting and operating of own or leased real estate,,Real Estate Activities,2027-01-31,0,2026-11-02,2026-09-01
00099942,"TRENT BUILDING COMPANY,LIMITED(THE)",Active,Private Limited Company,1908-10-19,118,NG1 4GZ,Nottingham,East Midlands,42990,Construction of other civil engineering projects n.e.c.,98000,Construction,2026-12-31,0,2026-08-25,2026-09-01
00101449,"RADCLIFFE ON TRENT GOLF CLUB,LIMITED(THE)",Active,Private Limited Company,1909-02-05,117,NG12 2JH,Rushcliffe,East Midlands,93199,Other sports activities,,"Arts, Entertainment & Recreation",2027-07-31,0,2027-02-05,2026-09-01
00106442,MURPHY & SON LIMITED,Active,Private Limited Company,1909-12-14,117,NG6 0HQ,Nottingham,East Midlands,20590,Manufacture of other chemical products n.e.c.,,Manufacturing,2026-12-31,0,2026-11-23,2026-09-01
00108006,E.O.SMITH & CO. LIMITED,Active,Private Limited Company,1910-03-09,116,NG7 7BQ,Nottingham,East Midlands,68209,Other letting and operating of own or leased real estate,,Real Estate Activities,2027-02-28,0,2026-09-04,2026-09-01
00109201,WORKSOP BOWLING CLUB LIMITED (THE),Active,Private Limited Company,1910-04-25,116,S80 2HD,Bassetlaw,East Midlands,93120,Activities of sport clubs,,"Arts, Entertainment & Recreation",2026-09-30,0,2027-06-14,2026-09-01
00113045,"RUSHCLIFFE GOLF LINKS COMPANY,LIMITED(THE)",Active,Private Limited Company,1910-12-03,116,LE12 5RL,Rushcliffe,East Midlands,93110,Operation of sports facilities,,"Arts, Entertainment & Recreation",2027-06-30,0,2027-01-02,2026-09-01
00115628,CENTRAL MOTOR COMPANY (LEICESTER) LIMITED,Active,Private Limited Company,1911-05-04,115,NG15 0DR,Ashfield,East Midlands,5010,Sale of motor vehicles,,Not classified (legacy SIC 2003 code - not migrated),2026-09-30,0,,2026-09-01
00117572,BRITISH ASTRONOMICAL ASSOCIATION(THE),Active,"PRI/LTD BY GUAR/NSC (Private, limited by guarantee, no share capital)",1911-09-07,115,NG24 1AX,Newark and Sherwood,East Midlands,85310,General secondary education,94120,Education,2026-12-31,0,2026-11-14,2026-09-01
00117939,"GEORGE WILLIAM PRICE,LIMITED",Active,Private Limited Company,1911-10-05,115,NG7 7BQ,Nottingham,East Midlands,68209,Other letting and operating of own or leased real estate,,Real Estate Activities,2027-03-31,0,2026-09-19,2026-09-01
00119907,MEYER 9 LIMITED,Active,Private Limited Company,1912-01-27,114,LE12 6JU,Rushcliffe,East Midlands,99999,Dormant Company,,Extraterritorial Organisations,2026-09-30,0,2027-05-27,2026-09-01
00120649,"R.NEWBOLD AND COMPANY,LIMITED",Active,Private Limited Company,1912-03-04,114,NG7 2PW,Nottingham,East Midlands,99999,Dormant Company,,Extraterritorial Organisations,2027-03-31,0,2027-04-02,2026-09-01
00123595,EVANS HALSHAW (NORTHERN) LIMITED,Active,Private Limited Company,1912-08-02,114,NG15 0DR,Ashfield,East Midlands,74990,Non-trading company,,"Professional, Scientific & Technical",2018-09-30,1,2018-06-16,2026-09-01
00130649,BRITISH HOROLOGICAL INSTITUTE LIMITED(THE),Active,"PRI/LTD BY GUAR/NSC (Private, limited by guarantee, no share capital)",1913-08-14,113,NG23 5TE,Newark and Sherwood,East Midlands,94120,Activities of professional membership organizations,,Other Service Activities,2026-09-30,0,2026-11-09,2026-09-01
00134328,"WILLIAM H.PAINTER,LIMITED",Active,Private Limited Company,1914-03-03,112,NG1 6HH,Nottingham,East Midlands,99999,Dormant Company,,Extraterritorial Organisations,2027-06-30,0,2027-07-14,2026-09-01
00135577,WORKSOP GOLF CLUB LIMITED(THE),Active,Private Limited Company,1914-05-02,112,S80 2SQ,Bassetlaw,East Midlands,93110,Operation of sports facilities,,"Arts, Entertainment & Recreation",2027-07-31,0,2027-03-27,2026-09-01
00137408,DEIGHTON MOTOR CO. LIMITED(THE),Active,Private Limited Company,1914-08-13,112,NG15 0DR,Ashfield,East Midlands,5010,Sale of motor vehicles,7499,Not classified (legacy SIC 2003 code - not migrated),1997-10-31,1,2017-04-17,2026-09-01
00137552,W & J LINNEY LIMITED,Active,Private Limited Company,1914-08-31,112,NG18 4FW,Mansfield,East Midlands,18129,Printing n.e.c.,"62020, 70229, 74100",Manufacturing,2027-01-31,0,2026-12-25,2026-09-01
00140912,"A.C.GILL,LIMITED",Active,Private Limited Company,1915-07-08,111,NG7 2TA,Nottingham,East Midlands,68209,Other letting and operating of own or leased real estate,,Real Estate Activities,2026-12-31,0,2026-11-17,2026-09-01
00141388,DRIVEWAY VEHICLE SOLUTIONS LIMITED,Active,Private Limited Company,1915-08-26,111,NG15 0DR,Ashfield,East Midlands,45111,Sale of new cars and light motor vehicles,,Wholesale & Retail Trade,2026-09-30,0,2027-05-29,2026-09-01
00143980,PORTLAND LAUNDRY COMPANY(MANSFIELD)LIMITED(THE),Active,Private Limited Company,1916-05-30,110,NG18 1BW,Mansfield,East Midlands,77299,Renting and leasing of other personal and household goods,96010,Administrative & Support Service,2027-03-31,0,2026-11-15,2026-09-01
00146575,EXPERIAN FINANCE PLC,Active,Public Limited Company,1917-03-17,109,NG80 1ZZ,Nottingham,East Midlands,64205,Activities of financial services holding companies,,Financial & Insurance Activities,2026-09-30,0,2026-09-14,2026-09-01
00147271,BPB LIMITED,Active,Private Limited Company,1917-04-24,109,LE12 6JU,Rushcliffe,East Midlands,70100,Activities of head offices,,"Professional, Scientific & Technical",2026-09-30,0,2026-11-24,2026-09-01
00148767,A L DALTON LIMITED,Active,Private Limited Company,1917-10-30,109,NG2 1LW,Nottingham,East Midlands,46690,Wholesale of other machinery and equipment,,Wholesale & Retail Trade,2026-09-30,0,2026-07-26,2026-09-01
00151276,BONEHAM & TURNER LIMITED,Active,Private Limited Company,1918-08-23,108,NG17 5FS,Ashfield,East Midlands,25500,"Forging, pressing, stamping and roll-forming of metal; powder metallurgy",25730,Manufacturing,2027-04-30,0,2026-10-10,2026-09-01
00151738,"SHEFFIELD SHEARS COMPANY,LIMITED",Active,Private Limited Company,1918-10-22,108,NG16 5NQ,Ashfield,East Midlands,25730,Manufacture of tools,,Manufacturing,2026-12-31,0,2026-10-31,2026-09-01
00152024,B.HAGUE & COMPANY LIMITED,Active,Private Limited Company,1918-11-26,108,NG4 2DW,Gedling,East Midlands,32990,Other manufacturing n.e.c.,,Manufacturing,2027-12-31,0,2027-07-14,2026-09-01
00153658,STRATSTONE AUTOMOTIVE LIMITED,Active,Private Limited Company,1919-03-15,107,NG15 0DR,Ashfield,East Midlands,45111,Sale of new cars and light motor vehicles,,Wholesale & Retail Trade,2026-09-30,0,2027-06-15,2026-09-01
00154121,BRITISH HEALTHCARE TRADES ASSOCIATION,Active,"PRI/LTD BY GUAR/NSC (Private, limited by guarantee, no share capital)",1919-04-04,107,NG7 7BQ,Nottingham,East Midlands,94110,Activities of business and employers membership organizations,,Other Service Activities,2027-03-31,0,2026-11-24,2026-09-01
00154873,HARPIN'S FUNERAL SERVICE LIMITED,Active,Private Limited Company,1919-05-06,107,NG1 6HH,Nottingham,East Midlands,99999,Dormant Company,,Extraterritorial Organisations,2027-06-30,0,2027-02-14,2026-09-01
00158215,BRAMALL QUICKS LIMITED,Active,Private Limited Company,1919-08-25,107,NG15 0DR,Ashfield,East Midlands,45111,Sale of new cars and light motor vehicles,,Wholesale & Retail Trade,2026-09-30,0,2027-07-03,2026-09-01
00158285,MOTTERSHEAD & SMITH LIMITED,Active,Private Limited Company,1919-08-27,107,NG9 8AU,Broxtowe,East Midlands,45111,Sale of new cars and light motor vehicles,"45200, 45310",Wholesale & Retail Trade,2027-09-30,0,2027-07-05,2026-09-01
00158775,MEYER INTERNATIONAL FINANCE AND PROPERTY LIMITED,Active,Private Limited Company,1919-09-13,107,LE12 6JU,Rushcliffe,East Midlands,99999,Dormant Company,,Extraterritorial Organisations,2026-09-30,0,2027-06-01,2026-09-01
00165453,GIBBS AND DANDY LIMITED,Active,Private Limited Company,1920-03-19,106,LE12 6JU,Rushcliffe,East Midlands,99999,Dormant Company,,Extraterritorial Organisations,2026-09-30,0,2027-08-26,2026-09-01
00170511,WEST BRIDGFORD LAWN TENNIS CLUB LIMITED,Active,"PRI/LTD BY GUAR/NSC (Private, limited by guarantee, no share capital)",1920-09-28,106,NG2 7QA,Rushcliffe,East Midlands,93120,Activities of sport clubs,,"Arts, Entertainment & Recreation",2027-06-30,0,2027-04-30,2026-09-01
00174642,MIDLAND JOINERY LIMITED,Active,Private Limited Company,1921-05-10,105,NG1 6FQ,Nottingham,East Midlands,4542,Joinery installation,,Not classified (legacy SIC 2003 code - not migrated),1992-10-31,1,2016-11-23,2026-09-01
00174853,NOTTINGHAM & NOTTINGHAMSHIRE UNITED SERVICES CLUB LIMITED(THE),Active,"PRI/LTD BY GUAR/NSC (Private, limited by guarantee, no share capital)",1921-05-24,105,NG2 6AB,Rushcliffe,East Midlands,94990,Activities of other membership organizations n.e.c.,,Other Service Activities,2026-12-31,0,2026-11-28,2026-09-01
00177932,"NORTH WALSHAM CANAL COMPANY,LIMITED(THE)",Active,Private Limited Company,1921-11-21,105,NG2 6AB,Rushcliffe,East Midlands,74990,Non-trading company,,"Professional, Scientific & Technical",2027-08-20,0,2027-07-05,2026-09-01
00181839,MANSFIELD TOWN FOOTBALL CLUB LIMITED,Active,Private Limited Company,1922-05-17,104,NG18 5DA,Mansfield,East Midlands,93120,Activities of sport clubs,,"Arts, Entertainment & Recreation",2027-03-31,0,2027-09-06,2026-09-01
00184202,CMGC 1922 LIMITED,Active,Private Limited Company,1922-09-06,104,NG9 5AE,Broxtowe,East Midlands,68100,Buying and selling of own real estate,,Real Estate Activities,2027-06-30,0,2026-12-25,2026-09-01
00185605,"ERNEST W.HATFIELD,LIMITED",Active,Private Limited Company,1922-11-09,104,NG15 0DR,Ashfield,East Midlands,74990,Non-trading company,,"Professional, Scientific & Technical",2026-09-30,0,2027-04-28,2026-09-01
00186716,CRYSTAL MARTIN HOLDINGS LIMITED,Active,Private Limited Company,1922-12-28,104,NG17 1GZ,Ashfield,East Midlands,14132,Manufacture of other women's outerwear,14142,Manufacturing,2027-09-30,0,2027-07-09,2026-09-01
00187821,BOX BROS.LIMITED,Active,Private Limited Company,1923-02-15,103,NG1 6HH,Nottingham,East Midlands,99999,Dormant Company,,Extraterritorial Organisations,2026-09-25,0,2027-05-27,2026-09-01
00191287,REG VARDY (TMC) LIMITED,Active,Private Limited Company,1923-07-13,103,NG15 0DR,Ashfield,East Midlands,45111,Sale of new cars and light motor vehicles,45200,Wholesale & Retail Trade,2026-09-30,0,2027-06-29,2026-09-01
00191361,"JONES & CO(NOTTINGHAM),LIMITED",Active,Private Limited Company,1923-07-17,103,NG5 1EH,Nottingham,East Midlands,46499,Wholesale of household goods (other than musical instruments) n.e.c.,,Wholesale & Retail Trade,2027-09-30,0,2027-03-24,2026-09-01
00195906,OFFSET PRESS (LONG EATON) LIMITED,Active,Private Limited Company,1924-02-21,102,NG12 5AH,Rushcliffe,East Midlands,68209,Other letting and operating of own or leased real estate,,Real Estate Activities,2027-08-31,0,2027-07-29,2026-09-01
00196839,MCLEAN & APPLETON LIMITED,Active,Private Limited Company,1924-03-29,102,NG15 0DR,Ashfield,East Midlands,70100,Activities of head offices,,"Professional, Scientific & Technical",2026-09-30,0,2027-04-29,2026-09-01
00198656,THE QMJ GROUP LIMITED,Active,Private Limited Company,1924-06-16,102,NG1 5BS,Nottingham,East Midlands,58142,Publishing of  consumer and business journals and periodicals,,Information & Communication,2027-09-30,0,2027-06-06,2026-09-01
00199422,JOSEPH TRUMAN & COMPANY (1924) LIMITED,Active,Private Limited Company,1924-07-21,102,NG6 8NG,Nottingham,East Midlands,74990,Non-trading company,,"Professional, Scientific & Technical",2026-12-31,0,2027-02-26,2026-09-01
00200568,NOTTINGHAMSHIRE MASONIC HALL COMPANY (1924) LIMITED,Active,Private Limited Company,1924-09-22,102,NG1 5LB,Nottingham,East Midlands,68320,Management of real estate on a fee or contract basis,,Real Estate Activities,2027-03-29,0,2026-11-28,2026-09-01
00209091,BRITISH GYPSUM LIMITED,Active,Private Limited Company,1925-10-19,101,LE12 6JU,Rushcliffe,East Midlands,99999,Dormant Company,,Extraterritorial Organisations,2027-09-30,0,2027-08-17,2026-09-01
00209640,"GILBERT & HALL,LIMITED",Active,Private Limited Company,1925-11-12,101,NG1 1PB,Nottingham,East Midlands,41100,Development of building projects,"41202, 68100, 68209",Construction,2027-03-31,0,2027-01-02,2026-09-01
00214645,"PRATT & GELSTHORPE, LIMITED",Active,Private Limited Company,1926-06-25,100,NG24 1UF,Newark and Sherwood,East Midlands,45111,Sale of new cars and light motor vehicles,,Wholesale & Retail Trade,2026-09-30,0,2027-04-14,2026-09-01
00214769,BAMPTON PACKAGING LIMITED,Active,Private Limited Company,1926-07-02,100,NG8 4GY,Nottingham,East Midlands,16240,Manufacture of wooden containers,,Manufacturing,2026-06-30,1,2026-10-14,2026-09-01
00220329,BRITTAIN & SONS LIMITED,Active,Private Limited Company,1927-03-15,99,NG17 1BA,Ashfield,East Midlands,47789,Other retail sale of new goods in specialised stores (not commercial art galleries and opticians),,Wholesale & Retail Trade,2027-04-30,0,2027-01-11,2026-09-01
00222222,R. COX HAULAGE LIMITED,Active,Private Limited Company,1927-05-30,99,S81 9RE,Bassetlaw,East Midlands,49410,Freight transport by road,,Transportation & Storage,2027-12-31,0,2027-08-09,2026-09-01
00224329,"E.S.ROSE,LIMITED",Active,Private Limited Company,1927-09-10,99,NG22 0BS,Newark and Sherwood,East Midlands,68209,Other letting and operating of own or leased real estate,,Real Estate Activities,2027-06-30,0,2027-08-16,2026-09-01
00226122,BARTONS PUBLIC LIMITED COMPANY,Active,Public Limited Company,1927-11-25,99,NG9 4AJ,Broxtowe,East Midlands,68209,Other letting and operating of own or leased real estate,,Real Estate Activities,2026-09-28,0,2027-01-15,2026-09-01
00227841,STANTON-ON-THE-WOLDS GOLF CLUB LIMITED,Active,Private Limited Company,1928-02-04,98,NG12 5BH,Rushcliffe,East Midlands,93120,Activities of sport clubs,,"Arts, Entertainment & Recreation",2027-09-30,0,2027-03-28,2026-09-01
00228780,CRYSTAL LACE COMPANY LIMITED(THE),Active,Private Limited Company,1928-03-14,98,NG18 1EX,Mansfield,East Midlands,68209,Other letting and operating of own or leased real estate,,Real Estate Activities,2027-12-31,0,2027-07-07,2026-09-01
00231661,BOOTS PROPERTIES LIMITED,Active,Private Limited Company,1928-07-02,98,NG2 3AA,Broxtowe,East Midlands,68209,Other letting and operating of own or leased real estate,,Real Estate Activities,2027-05-31,0,2027-02-15,2026-09-01
00232361,GRENFELL ASSOCIATION OF GREAT BRITAIN AND IRELAND(THE),Active,"PRI/LBG/NSC (Private, Limited by guarantee, no share capital, use of 'Limited' exemption)",1928-07-28,98,NG14 5GU,Newark and Sherwood,East Midlands,88990,Other social work activities without accommodation n.e.c.,,Human Health & Social Work,2026-12-30,0,2026-11-18,2026-09-01
00238177,"CEYLON TEA GROWERS ASSOCIATION,LIMITED",Active,Private Limited Company,1929-03-25,97,NG2 6AB,Rushcliffe,East Midlands,68320,Management of real estate on a fee or contract basis,,Real Estate Activities,2026-11-30,0,2027-01-14,2026-09-01
00240964,BAYLES AND WYLIE LIMITED,Active,Private Limited Company,1929-07-11,97,NG9 1AE,Broxtowe,East Midlands,68209,Other letting and operating of own or leased real estate,,Real Estate Activities,2027-07-31,0,2026-11-27,2026-09-01
00243234,ATKINS OF HINCKLEY LIMITED,Active,Private Limited Company,1929-10-25,97,NG17 2PE,Ashfield,East Midlands,99999,Dormant Company,,Extraterritorial Organisations,2013-12-31,1,2016-07-14,2026-09-01
00244661,ANCEFIN LIMITED,Active,Private Limited Company,1929-12-28,97,NG3 1DE,Nottingham,East Midlands,70100,Activities of head offices,,"Professional, Scientific & Technical",2026-09-30,0,2027-01-13,2026-09-01
00245722,SAINT-GOBAIN HIGH PERFORMANCE SOLUTIONS UK LIMITED,Active,Private Limited Company,1930-02-12,96,LE12 6JU,Rushcliffe,East Midlands,70100,Activities of head offices,,"Professional, Scientific & Technical",2026-09-30,0,2027-05-27,2026-09-01
00248625,TAYLOR & SONS (GROWERS) LIMITED,Active,Private Limited Company,1930-06-06,96,NG23 6JE,Newark and Sherwood,East Midlands,01110,"Growing of cereals (except rice), leguminous crops and oil seeds",,"Agriculture, Forestry & Fishing",2027-01-31,0,2026-11-26,2026-09-01
00250446,KIRIL MISCHEFF LIMITED,Active,Private Limited Company,1930-08-29,96,S81 7QF,Bassetlaw,East Midlands,46900,Non-specialised wholesale trade,,Wholesale & Retail Trade,2027-06-30,0,2027-05-18,2026-09-01
00251846,TOMLINSON & SMITH LIMITED,Active,Private Limited Company,1930-11-05,96,S80 2AW,Bassetlaw,East Midlands,41202,Construction of domestic buildings,68209,Construction,2026-12-31,0,2027-09-01,2026-09-01
00255987,W.W.WOOD LIMITED,Active,Private Limited Company,1931-04-25,95,NG25 0QP,Newark and Sherwood,East Midlands,68201,Renting and operating of Housing Association real estate,,Real Estate Activities,2026-10-31,0,2026-12-01,2026-09-01
00259388,DHP FAMILY LTD,Active,Private Limited Company,1931-10-03,95,NG1 1PB,Nottingham,East Midlands,56302,Public houses and bars,,Accommodation & Food Service,2026-09-30,0,2027-02-21,2026-09-01
00263760,MAPPERLEY GOLF CLUB LTD,Active,Private Limited Company,1932-03-21,94,NG3 5LD,Gedling,East Midlands,93110,Operation of sports facilities,,"Arts, Entertainment & Recreation",2027-05-31,0,2027-03-24,2026-09-01
00265006,CML INNOVATIVE TECHNOLOGIES LIMITED,Active,Private Limited Company,1932-04-30,94,NG16 1AA,Broxtowe,East Midlands,27400,Manufacture of electric lighting equipment,29310,Manufacturing,2027-03-31,0,2026-10-14,2026-09-01
00268515,ISA-LEA LIMITED,Active,Private Limited Company,1932-09-16,94,NG4 2JY,Gedling,East Midlands,96010,Washing and (dry-)cleaning of textile and fur products,,Other Service Activities,2027-02-28,0,2027-03-11,2026-09-01
00268909,FIELD BOXMORE GB LIMITED,Active,Private Limited Company,1932-09-30,94,NG8 6AW,Broxtowe,East Midlands,99999,Dormant Company,,Extraterritorial Organisations,2027-09-30,0,2026-11-15,2026-09-01
00273067,KINSWEAR LIMITED,Active,Private Limited Company,1933-02-15,93,NG8 2QJ,Nottingham,East Midlands,68209,Other letting and operating of own or leased real estate,,Real Estate Activities,2027-11-30,0,2027-07-11,2026-09-01
00273068,F.B.ATKINS LIMITED,Active,Private Limited Company,1933-02-15,93,NG8 2QJ,Nottingham,East Midlands,99999,Dormant Company,,Extraterritorial Organisations,2027-11-30,0,2027-01-12,2026-09-01
00274602,W. SAUNDERS (SHIPPING & FORWARDING) LIMITED,Active,Private Limited Company,1933-04-01,93,S81 7QF,Bassetlaw,East Midlands,52241,Cargo handling for water transport activities,,Transportation & Storage,2027-06-30,0,2027-05-18,2026-09-01
00274742,ABRAHAM'S VINEYARD LIMITED,Active,Private Limited Company,1933-04-06,93,NG22 8LS,Newark and Sherwood,East Midlands,94910,Activities of religious organizations,,Other Service Activities,2027-06-30,0,2027-03-02,2026-09-01
00280428,REG VARDY (PROPERTY MANAGEMENT) LIMITED,Active,Private Limited Company,1933-10-09,93,NG15 0DR,Ashfield,East Midlands,68209,Other letting and operating of own or leased real estate,,Real Estate Activities,2026-09-30,0,2026-10-12,2026-09-01
00282999,NOTTINGHAM PAPER BAG COMPANY LIMITED(THE),Active,Private Limited Company,1933-12-23,93,NG1 5GF,Nottingham,East Midlands,82920,Packaging activities,,Administrative & Support Service,2026-09-30,0,2027-02-10,2026-09-01
00285372,NETHERTON BUILDING AND CONSTRUCTION COMPANY LIMITED,Active,Private Limited Company,1934-03-05,92,NG3 1DE,Nottingham,East Midlands,41100,Development of building projects,,Construction,2027-03-31,0,2027-01-13,2026-09-01
00285811,RADFORD HOLDINGS LIMITED,Active,Private Limited Company,1934-03-16,92,NG4 2JR,Gedling,East Midlands,41100,Development of building projects,68209,Construction,2026-09-30,0,2027-01-14,2026-09-01
00286222,"E. MOSS, LIMITED",Active,Private Limited Company,1934-03-27,92,NG2 3AA,Broxtowe,East Midlands,74990,Non-trading company,,"Professional, Scientific & Technical",2027-05-31,0,2027-02-15,2026-09-01
00288760,PORTLAND BISHOP (NOTTINGHAM) LIMITED,Active,Private Limited Company,1934-06-02,92,NG11 6PN,Rushcliffe,East Midlands,41100,Development of building projects,,Construction,2026-11-30,0,2026-10-23,2026-09-01
00297610,MANSFIELD MASONIC HALL COMPANY LIMITED(THE),Active,Private Limited Company,1935-02-26,91,NG18 4AE,Mansfield,East Midlands,68209,Other letting and operating of own or leased real estate,,Real Estate Activities,2027-04-30,0,2027-05-08,2026-09-01
00298325,GREENCORE PREPARED MEALS LIMITED,Active,Private Limited Company,1935-03-15,91,S80 2RS,Bassetlaw,East Midlands,10890,Manufacture of other food products n.e.c.,,Manufacturing,2027-06-30,0,2026-10-24,2026-09-01
00299219,UNIVERSAL GRINDING WHEEL COMPANY LIMITED,Active,Private Limited Company,1935-04-03,91,LE12 6JU,Rushcliffe,East Midlands,99999,Dormant Company,,Extraterritorial Organisations,2027-09-30,0,2027-06-01,2026-09-01
00299346,BAIRNS-WEAR LIMITED,Active,Private Limited Company,1935-04-05,91,NG5 1EB,Nottingham,East Midlands,74990,Non-trading company,,"Professional, Scientific & Technical",2025-03-31,1,2025-09-14,2026-09-01
00299734,SKIPPER OF WAKEFIELD LIMITED,Active,Private Limited Company,1935-04-13,91,NG15 0DR,Ashfield,East Midlands,45111,Sale of new cars and light motor vehicles,,Wholesale & Retail Trade,2026-09-30,0,2027-04-17,2026-09-01
00301140,BOOTS PENSIONS LIMITED,Active,Private Limited Company,1935-05-25,91,NG2 3AA,Broxtowe,East Midlands,65300,Pension funding,,Financial & Insurance Activities,2026-12-31,0,2027-02-15,2026-09-01
00302245,FREDK.LAMB LIMITED,Active,Private Limited Company,1935-06-26,91,NG9 8PJ,Broxtowe,East Midlands,43210,Electrical installation,,Construction,2027-03-31,0,2027-01-04,2026-09-01
00304247,ATTENBOROUGH LIMITED,Active,Private Limited Company,1935-08-21,91,NG1 3BN,Nottingham,East Midlands,23200,Manufacture of refractory products,"23440, 24540, 68209",Manufacturing,2027-01-31,0,2027-05-09,2026-09-01
00306395,GRAIN PROPERTIES LTD,Active,Private Limited Company,1935-10-25,91,NG8 6PX,Nottingham,East Midlands,68209,Other letting and operating of own or leased real estate,,Real Estate Activities,2027-09-30,0,2027-03-08,2026-09-01
00308066,BUXTON & ATTEWELL LIMITED,Active,Private Limited Company,1935-12-12,91,NG13 8AQ,Rushcliffe,East Midlands,68209,Other letting and operating of own or leased real estate,,Real Estate Activities,2027-09-30,0,2027-05-24,2026-09-01
00309498,TRONOS LIMITED,Active,Private Limited Company,1936-01-20,90,NG1 3BE,Nottingham,East Midlands,70100,Activities of head offices,,"Professional, Scientific & Technical",2026-09-30,0,2026-11-05,2026-09-01
00310342,YMCA ROBIN HOOD GROUP,Active,"PRI/LTD BY GUAR/NSC (Private, limited by guarantee, no share capital)",1936-02-12,90,NG1 6FG,Nottingham,East Midlands,86900,Other human health activities,"87900, 88910, 96090",Human Health & Social Work,2026-12-31,0,2027-04-08,2026-09-01
00314560,HOFTON & SON LIMITED,Active,Private Limited Company,1936-05-27,90,NG13 9HP,Rushcliffe,East Midlands,41100,Development of building projects,,Construction,2026-12-31,0,2026-10-17,2026-09-01
00315401,NORTHERN OIL COMPANY LIMITED,Active,Private Limited Company,1936-06-19,90,NG9 6RZ,Broxtowe,East Midlands,46120,"Agents involved in the sale of fuels, ores, metals and industrial chemicals",,Wholesale & Retail Trade,2027-02-28,0,2026-11-03,2026-09-01
00321419,BLUGILT HOLDINGS LIMITED,Active,Private Limited Company,1936-12-02,90,NG3 1DE,Nottingham,East Midlands,70100,Activities of head offices,,"Professional, Scientific & Technical",2027-09-30,0,2027-04-24,2026-09-01
00322455,FRANK GOULDING LIMITED,Active,Private Limited Company,1936-12-30,90,NG2 6HF,Rushcliffe,East Midlands,41202,Construction of domestic buildings,43220,Construction,2026-12-31,0,2026-08-13,2026-09-01
00324283,R.J.BROWN & SONS LIMITED,Active,Private Limited Company,1937-02-15,89,NG2 6AB,Rushcliffe,East Midlands,68320,Management of real estate on a fee or contract basis,,Real Estate Activities,2026-11-30,0,2027-01-14,2026-09-01
00327010,EVANS HALSHAW.COM LIMITED,Active,Private Limited Company,1937-04-20,89,NG15 0DR,Ashfield,East Midlands,70100,Activities of head offices,,"Professional, Scientific & Technical",2026-09-30,0,2027-06-29,2026-09-01
00328767,W.H.PUTNAM LIMITED,Active,Private Limited Company,1937-06-12,89,NG1 6HH,Nottingham,East Midlands,99999,Dormant Company,,Extraterritorial Organisations,2027-06-30,0,2027-03-01,2026-09-01
00330304,22-25 PORTMAN CLOSE MANAGEMENT LIMITED,Active,Private Limited Company,1937-07-30,89,NG5 1EB,Nottingham,East Midlands,68209,Other letting and operating of own or leased real estate,68320,Real Estate Activities,2026-03-31,1,2027-02-09,2026-09-01
00336272,"COOPER & BERRY,LIMITED",Active,Private Limited Company,1938-01-28,88,NG7 7AF,Nottingham,East Midlands,46180,Agents specialized in the sale of other particular products,,Wholesale & Retail Trade,2026-11-30,0,2026-12-15,2026-09-01
00339162,RENERGETICS LIMITED,Active,Private Limited Company,1938-04-09,88,NG9 6RZ,Broxtowe,East Midlands,74990,Non-trading company,,"Professional, Scientific & Technical",2027-09-30,0,2026-10-05,2026-09-01
00340076,GASCOINES GROUP LIMITED,Active,Private Limited Company,1938-05-07,88,NG25 0HQ,Newark and Sherwood,East Midlands,01430,Raising of horses and other equines,"01500, 41100, 68209","Agriculture, Forestry & Fishing",2026-09-30,0,2027-06-12,2026-09-01
00341104,WEAVERS (NOTTINGHAM) LIMITED,Active,Private Limited Company,1938-06-07,88,NG1 7AQ,Nottingham,East Midlands,46342,"Wholesale of wine, beer, spirits and other alcoholic beverages",,Wholesale & Retail Trade,2027-04-30,0,2027-06-08,2026-09-01
00344549,A.LANGHAM AND SONS LIMITED,Active,Private Limited Company,1938-09-23,88,NG5 6LJ,Gedling,East Midlands,45400,"Sale, maintenance and repair of motorcycles and related parts and accessories",,Wholesale & Retail Trade,2027-05-31,0,2026-12-18,2026-09-01
00345529,BETTIX LIMITED,Active,Private Limited Company,1938-10-24,88,NG3 1DE,Nottingham,East Midlands,22290,Manufacture of other plastic products,,Manufacturing,2027-09-30,0,2027-01-13,2026-09-01
00345645,FIRST CARTON THYNE LTD,Active,Private Limited Company,1938-10-27,88,NG8 6AW,Broxtowe,East Midlands,99999,Dormant Company,,Extraterritorial Organisations,2027-09-30,0,2027-05-20,2026-09-01
00346064,ROBERT TEAL LIMITED,Active,Private Limited Company,1938-11-09,88,NG23 6NR,Newark and Sherwood,East Midlands,68100,Buying and selling of own real estate,,Real Estate Activities,2027-05-30,0,2027-02-22,2026-09-01
00348088,JOSERY TEXTILES LIMITED,Active,Private Limited Company,1939-01-05,87,NG15 0DT,Ashfield,East Midlands,96090,Other service activities n.e.c.,,Other Service Activities,2027-06-30,0,2027-04-10,2026-09-01
00349875,OCEANS OF NOTIONS LIMITED,Active,Private Limited Company,1939-02-23,87,NG8 1FL,Nottingham,East Midlands,13990,Manufacture of other textiles n.e.c.,,Manufacturing,2026-09-30,0,2026-09-14,2026-09-01
00350383,NEWARK-ON-TRENT MASONIC HALL CO LIMITED(THE),Active,"PRI/LTD BY GUAR/NSC (Private, limited by guarantee, no share capital)",1939-03-09,87,NG24 1ST,Newark and Sherwood,East Midlands,94910,Activities of religious organizations,,Other Service Activities,2026-12-31,0,2027-01-24,2026-09-01
00353727,FORMAN & LINACRE LIMITED,Active,Private Limited Company,1939-06-07,87,LE12 6PA,Rushcliffe,East Midlands,41100,Development of building projects,,Construction,2027-12-31,0,2026-12-24,2026-09-01
00355853,FORMAN HARDY HOLDINGS LIMITED,Active,Private Limited Company,1939-08-10,87,NG12 4DG,Rushcliffe,East Midlands,66120,Security and commodity contracts dealing activities,70100,Financial & Insurance Activities,2027-06-30,0,2026-11-12,2026-09-01
00356371,MINSTER GARAGE LIMITED,Active,Private Limited Company,1939-08-28,87,NG25 0JX,Newark and Sherwood,East Midlands,45200,Maintenance and repair of motor vehicles,,Wholesale & Retail Trade,2027-02-28,0,2026-12-04,2026-09-01
00357290,NOTTINGHAM TEXTILES LIMITED,Active,Private Limited Company,1939-10-20,87,NG7 2TA,Nottingham,East Midlands,13960,Manufacture of other technical and industrial textiles,,Manufacturing,2026-12-31,0,2026-11-07,2026-09-01
00358408,RADCLIFFE PAPER TUBES LIMITED,Active,Private Limited Company,1939-12-23,87,LE12 6JU,Rushcliffe,East Midlands,99999,Dormant Company,,Extraterritorial Organisations,2027-09-30,0,2027-06-17,2026-09-01
00360609,C.J. HEMPSALL & SONS LIMITED,Active,Private Limited Company,1940-04-17,86,NG22 0SS,Bassetlaw,East Midlands,01250,Growing of other tree and bush fruits and nuts,68209,"Agriculture, Forestry & Fishing",2027-01-05,0,2027-08-27,2026-09-01
00361854,"SHERWOOD FARMS,LIMITED",Active,Private Limited Company,1940-06-15,86,LE14 3AR,Rushcliffe,East Midlands,01500,Mixed farming,,"Agriculture, Forestry & Fishing",2026-12-31,0,2026-11-14,2026-09-01
00362051,JOHN E. WRIGHT & CO. LIMITED,Active,Private Limited Company,1940-06-26,86,NG1 3NF,Nottingham,East Midlands,18129,Printing n.e.c.,,Manufacturing,2027-09-30,0,2027-04-20,2026-09-01
00364890,CROPWELL BISHOP CREAMERY LIMITED,Active,Private Limited Company,1941-01-15,85,NG12 3BQ,Rushcliffe,East Midlands,10512,Butter and cheese production,,Manufacturing,2026-12-31,0,2027-01-14,2026-09-01
00364942,B.FEARN(OLLERTON)LIMITED,Active,Private Limited Company,1941-01-17,85,NG22 9HT,Newark and Sherwood,East Midlands,82990,Other business support service activities n.e.c.,,Administrative & Support Service,2027-01-05,0,2026-09-22,2026-09-01
00365295,CHEETHAMS (WORKSOP) LIMITED,Active,Private Limited Company,1941-02-12,85,S80 2AE,Bassetlaw,East Midlands,64999,Financial intermediation not elsewhere classified,,Financial & Insurance Activities,2027-01-05,0,2026-12-25,2026-09-01
00366174,SOMERSET CREAMERIES LIMITED,Active,Private Limited Company,1941-03-28,85,NG12 3BQ,Rushcliffe,East Midlands,74990,Non-trading company,,"Professional, Scientific & Technical",2026-12-31,0,2027-01-14,2026-09-01
00368091,METOOL PRODUCTS LIMITED,Active,Private Limited Company,1941-07-11,85,NG15 0DX,Ashfield,East Midlands,28220,Manufacture of lifting and handling equipment,,Manufacturing,2027-09-30,0,2026-10-03,2026-09-01
00371794,W NEWBOLD & SONS LIMITED,Active,Private Limited Company,1942-01-08,84,NG25 0SY,Newark and Sherwood,East Midlands,68209,Other letting and operating of own or leased real estate,,Real Estate Activities,2026-12-31,0,2026-10-05,2026-09-01
00371983,"BOSTON MOTORS,LIMITED",Active,Private Limited Company,1942-01-21,84,NG9 8AU,Broxtowe,East Midlands,45111,Sale of new cars and light motor vehicles,"45200, 45310",Wholesale & Retail Trade,2027-09-30,0,2027-07-05,2026-09-01
00372396,HAZLEWOOD FOODS LIMITED,Active,Private Limited Company,1942-02-17,84,S80 2RS,Bassetlaw,East Midlands,99000,Activities of extraterritorial organizations and bodies,,Extraterritorial Organisations,2027-06-30,0,2027-08-25,2026-09-01
00374583,SAMUEL BATES (NORTHAMPTON) LIMITED,Active,Private Limited Company,1942-06-19,84,NG23 7HX,Newark and Sherwood,East Midlands,99999,Dormant Company,,Extraterritorial Organisations,2027-02-28,0,2026-09-10,2026-09-01
00374891,EAST MIDLANDS PROPERTY OWNERS LIMITED,Active,"PRI/LTD BY GUAR/NSC (Private, limited by guarantee, no share capital)",1942-07-06,84,NG7 2EN,Nottingham,East Midlands,82990,Other business support service activities n.e.c.,,Administrative & Support Service,2027-02-28,0,2027-03-08,2026-09-01
00374973,"EDWIN POUNDS & SONS,LIMITED",Active,Private Limited Company,1942-07-10,84,NG1 6HH,Nottingham,East Midlands,99999,Dormant Company,,Extraterritorial Organisations,2027-06-30,0,2027-02-17,2026-09-01
00375497,DRILLING HOLDINGS UNLIMITED,Active,Private Unlimited Company,1942-08-12,84,NG4 2BB,Gedling,East Midlands,99999,Dormant Company,,Extraterritorial Organisations,,0,2026-10-04,2026-09-01
00378187,"C.W.WADDINGTON,LIMITED",Active,Private Limited Company,1943-01-06,83,S80 1JS,Bassetlaw,East Midlands,47710,Retail sale of clothing in specialised stores,,Wholesale & Retail Trade,2027-11-30,0,2027-07-19,2026-09-01
00380493,HAROLD WILSON (INSURANCES) LIMITED,Active,Private Limited Company,1943-05-08,83,NG7 4HG,Nottingham,East Midlands,65110,Life insurance,,Financial & Insurance Activities,2026-12-31,0,2026-12-04,2026-09-01
00381000,00381000 LTD,Active,Private Limited Company,1943-06-05,83,NG1 1PB,Nottingham,East Midlands,46900,Non-specialised wholesale trade,,Wholesale & Retail Trade,2017-08-31,1,2018-01-04,2026-09-01
00381020,DERWENT VEHICLES LIMITED,Active,Private Limited Company,1943-06-07,83,NG15 0DR,Ashfield,East Midlands,45111,Sale of new cars and light motor vehicles,,Wholesale & Retail Trade,2026-09-30,0,2027-08-10,2026-09-01
00382248,MERCIA GARDEN PRODUCTS LIMITED,Active,Private Limited Company,1943-08-17,83,NG23 6QN,Newark and Sherwood,East Midlands,16290,"Manufacture of other products of wood; manufacture of articles of cork, straw and plaiting materials",,Manufacturing,2026-09-30,0,2026-11-14,2026-09-01
00384684,"MAUN INDUSTRIES,LIMITED",Active,Private Limited Company,1944-01-01,82,NG17 5LD,Ashfield,East Midlands,25730,Manufacture of tools,,Manufacturing,2027-09-30,0,2026-10-27,2026-09-01
00385709,ROMO LIMITED,Active,Private Limited Company,1944-02-21,82,NG17 5FB,Ashfield,East Midlands,46410,Wholesale of textiles,,Wholesale & Retail Trade,2027-09-30,0,2027-05-08,2026-09-01
00386609,"CORNISH ENGINEERING,LIMITED",Active,Private Limited Company,1944-03-31,82,NG2 4EG,Nottingham,East Midlands,28150,"Manufacture of bearings, gears, gearing and driving elements",,Manufacturing,2026-12-31,0,2027-01-12,2026-09-01
00387596,SOCIETY OF TEACHERS OF SPEECH AND DRAMA (THE),Active,"PRI/LBG/NSC (Private, Limited by guarantee, no share capital, use of 'Limited' exemption)",1944-05-15,82,NG18 4RU,Mansfield,East Midlands,94120,Activities of professional membership organizations,,Other Service Activities,2027-06-30,0,2026-04-15,2026-09-01
00388023,WATERSTONE GLASSWARE LIMITED,Active,Private Limited Company,1944-06-05,82,NG7 6NX,Nottingham,East Midlands,2613,Manufacture of hollow glass,2615,Not classified (legacy SIC 2003 code - not migrated),2000-10-31,1,2016-10-27,2026-09-01
00389149,MAGDALA LAWN TENNIS CLUB LIMITED(THE),Active,"PRI/LTD BY GUAR/NSC (Private, limited by guarantee, no share capital)",1944-08-09,82,NG7 7BQ,Nottingham,East Midlands,93110,Operation of sports facilities,,"Arts, Entertainment & Recreation",2027-09-30,0,2027-04-16,2026-09-01
00389833,J.N. DERBYSHIRE TRUST,Active,"PRI/LTD BY GUAR/NSC (Private, limited by guarantee, no share capital)",1944-09-15,82,NG1 6GR,Nottingham,East Midlands,88990,Other social work activities without accommodation n.e.c.,,Human Health & Social Work,2026-12-31,0,2026-11-07,2026-09-01
00391147,KANDEL AND JACOBS LIMITED,Active,Private Limited Company,1944-11-15,82,S81 7BQ,Bassetlaw,East Midlands,99999,Dormant Company,,Extraterritorial Organisations,2026-09-30,0,2027-06-30,2026-09-01
00394635,SPRING LANE FARM LIMITED,Active,Private Limited Company,1945-04-11,81,NG3 5RQ,Gedling,East Midlands,47290,Other retail sale of food in specialised stores,,Wholesale & Retail Trade,2026-12-31,0,2027-04-24,2026-09-01
00396309,THE NEWARK PREPARATORY SCHOOL COMPANY LIMITED,Active,Private Limited Company,1945-06-19,81,NG24 3AL,Newark and Sherwood,East Midlands,85200,Primary education,,Education,2027-05-31,0,2027-01-06,2026-09-01
00397784,PANDROL UK LIMITED,Active,Private Limited Company,1945-08-13,81,S81 7AX,Bassetlaw,East Midlands,22290,Manufacture of other plastic products,25500,Manufacturing,2027-09-30,0,2027-07-29,2026-09-01
00397841,ALLENS (PLYMOUTH) LIMITED,Active,Private Limited Company,1945-08-17,81,NG15 0DR,Ashfield,East Midlands,45111,Sale of new cars and light motor vehicles,,Wholesale & Retail Trade,2026-09-30,0,2026-04-17,2026-09-01
00398548,PANDROL INTERNATIONAL LIMITED,Active,Private Limited Company,1945-09-14,81,S81 7AX,Bassetlaw,East Midlands,64202,Activities of production holding companies,,Financial & Insurance Activities,2027-09-30,0,2027-08-14,2026-09-01
00398800,ARTEX-BLUE HAWK LIMITED,Active,Private Limited Company,1945-09-25,81,LE12 6JU,Rushcliffe,East Midlands,99999,Dormant Company,,Extraterritorial Organisations,2027-09-30,0,2027-08-26,2026-09-01
00402000,BENTINCK CONSERVATIVE CLUB (HUCKNALL) LIMITED(THE),Active,"PRI/LTD BY GUAR/NSC (Private, limited by guarantee, no share capital)",1945-12-14,81,NG15 7SL,Ashfield,East Midlands,94920,Activities of political organizations,,Other Service Activities,2026-12-31,0,2027-03-16,2026-09-01
00406089,MUSTERS ESTATES LIMITED,Active,Private Limited Company,1946-03-13,80,NG2 6AB,Rushcliffe,East Midlands,68209,Other letting and operating of own or leased real estate,,Real Estate Activities,2027-01-05,0,2027-07-20,2026-09-01
00406897,BUDGET CREMATIONS LIMITED,Active,Private Limited Company,1946-03-26,80,NG1 6HH,Nottingham,East Midlands,99999,Dormant Company,,Extraterritorial Organisations,2027-06-30,0,2027-02-11,2026-09-01
00408340,PORTLAND COLLEGE,Active,"PRI/LTD BY GUAR/NSC (Private, limited by guarantee, no share capital)",1946-04-12,80,NG18 4TJ,Ashfield,East Midlands,85590,Other education n.e.c.,,Education,2027-05-31,0,2027-02-15,2026-09-01
00410747,BLAND ESTATES LIMITED(THE),Active,Private Limited Company,1946-05-17,80,NG1 5HJ,Nottingham,East Midlands,68100,Buying and selling of own real estate,68209,Real Estate Activities,2026-12-31,0,2026-11-02,2026-09-01
00410752,BUDLEIGH ESTATE LIMITED(THE),Active,Private Limited Company,1946-05-17,80,NG1 5HJ,Nottingham,East Midlands,68100,Buying and selling of own real estate,68209,Real Estate Activities,2026-12-31,0,2026-11-02,2026-09-01
00410753,CAULK ESTATES LIMITED,Active,Private Limited Company,1946-05-17,80,NG1 5HJ,Nottingham,East Midlands,68100,Buying and selling of own real estate,68209,Real Estate Activities,2026-12-31,0,2026-11-02,2026-09-01
00410754,CHERT ESTATES LIMITED,Active,Private Limited Company,1946-05-17,80,NG1 5HJ,Nottingham,East Midlands,68100,Buying and selling of own real estate,68209,Real Estate Activities,2026-12-31,0,2026-11-02,2026-09-01
00410757,COPFORD DWELLINGS LIMITED(THE),Active,Private Limited Company,1946-05-17,80,NG1 5HJ,Nottingham,East Midlands,68100,Buying and selling of own real estate,68209,Real Estate Activities,2026-12-31,0,2026-11-02,2026-09-01
00410759,DONNINGTON HOUSING ESTATES LIMITED,Active,Private Limited Company,1946-05-17,80,NG1 5HJ,Nottingham,East Midlands,68100,Buying and selling of own real estate,68209,Real Estate Activities,2026-12-31,0,2026-11-02,2026-09-01
00410805,PENNELL FREEHOLD HOUSES LIMITED,Active,Private Limited Company,1946-05-17,80,NG1 5HJ,Nottingham,East Midlands,68100,Buying and selling of own real estate,68209,Real Estate Activities,2026-12-31,0,2026-11-02,2026-09-01
00410822,SILCOCKS ESTATES LIMITED,Active,Private Limited Company,1946-05-17,80,NG1 5HJ,Nottingham,East Midlands,68100,Buying and selling of own real estate,68209,Real Estate Activities,2026-12-31,0,2026-11-02,2026-09-01
00410827,SYDNOPE HOUSING LIMITED,Active,Private Limited Company,1946-05-17,80,NG1 5HJ,Nottingham,East Midlands,68100,Buying and selling of own real estate,68209,Real Estate Activities,2026-12-31,0,2026-11-02,2026-09-01
00410949,JENKIN HOUSING COMPANY LIMITED(THE),Active,Private Limited Company,1946-05-20,80,NG1 5HJ,Nottingham,East Midlands,68100,Buying and selling of own real estate,68209,Real Estate Activities,2026-12-31,0,2026-11-02,2026-09-01
00410953,KIRKHAM ESTATE LIMITED(THE),Active,Private Limited Company,1946-05-20,80,NG1 5HJ,Nottingham,East Midlands,68100,Buying and selling of own real estate,68209,Real Estate Activities,2026-12-31,0,2026-11-07,2026-09-01
00411475,JOHNS GROUP LIMITED,Active,Private Limited Company,1946-05-27,80,NG3 5FS,Nottingham,East Midlands,43341,Painting,"43390, 47520",Construction,2027-09-30,0,2027-02-05,2026-09-01
00411498,MORGAN HOUSING ESTATES LIMITED,Active,Private Limited Company,1946-05-27,80,NG1 5HJ,Nottingham,East Midlands,68100,Buying and selling of own real estate,68209,Real Estate Activities,2026-12-31,0,2026-11-02,2026-09-01
00412768,SHERRY FUNERAL SERVICE LIMITED,Active,Private Limited Company,1946-06-14,80,NG1 6HH,Nottingham,East Midlands,99999,Dormant Company,,Extraterritorial Organisations,2026-09-25,0,2027-08-13,2026-09-01
00412789,CASTLEGATE 143 LIMITED,Active,Private Limited Company,1946-06-15,80,NG6 8NJ,Nottingham,East Midlands,99999,Dormant Company,,Extraterritorial Organisations,2027-09-30,0,2027-03-10,2026-09-01
00414832,J. ADAMS & SONS (MANUFACTURERS) LIMITED,Active,Private Limited Company,1946-07-11,80,NG5 1AH,Nottingham,East Midlands,,,,Not classified (no SIC code recorded),1999-10-31,1,,2026-09-01
00414965,F.A. NORTH (CARLTON) LIMITED,Active,Private Limited Company,1946-07-13,80,NG4 1GZ,Gedling,East Midlands,16230,Manufacture of other builders' carpentry and joinery,,Manufacturing,2027-09-30,0,2027-08-04,2026-09-01
00417528,CATHOLIC MARRIAGE CARE LIMITED,Active,"PRI/LTD BY GUAR/NSC (Private, limited by guarantee, no share capital)",1946-08-19,80,NG1 6EE,Nottingham,East Midlands,88990,Other social work activities without accommodation n.e.c.,,Human Health & Social Work,2027-12-31,0,2027-04-01,2026-09-01
00421826,DOFF PORTLAND LIMITED,Active,Private Limited Company,1946-10-18,80,NG15 6DW,Ashfield,East Midlands,20200,Manufacture of pesticides and other agrochemical products,,Manufacturing,2026-09-30,0,2027-07-14,2026-09-01
00422427,KEN WARD (SPORTS SPECIALIST) LIMITED,Active,Private Limited Company,1946-10-26,80,S80 1PH,Bassetlaw,East Midlands,47640,"Retail sale of sports goods, fishing gear, camping goods, boats and bicycles",,Wholesale & Retail Trade,2026-11-30,0,2027-07-15,2026-09-01
00423798,BALE INSURANCE BROKERS (LEICESTER) LIMITED,Active,Private Limited Company,1946-11-16,80,NG5 1FX,Nottingham,East Midlands,65120,Non-life insurance,,Financial & Insurance Activities,2027-03-31,0,2026-09-14,2026-09-01
00426392,SHEETFABS (NOTTINGHAM) LIMITED,Active,Private Limited Company,1946-12-24,80,NG9 6DR,Broxtowe,East Midlands,25110,Manufacture of metal structures and parts of structures,,Manufacturing,2026-09-30,0,2026-12-01,2026-09-01
00428622,LOUIS DEMERY & SONS LIMITED,Active,Private Limited Company,1947-01-29,79,S80 3DB,Bassetlaw,East Midlands,28290,Manufacture of other general-purpose machinery n.e.c.,46140,Manufacturing,2027-06-30,0,2026-09-06,2026-09-01
00430855,DMT CONSULTING LIMITED,Active,Private Limited Company,1947-03-08,79,NG24 1FB,Newark and Sherwood,East Midlands,09900,Support activities for other mining and quarrying,,Mining & Quarrying,2026-09-30,0,2026-09-20,2026-09-01
00431457,L M VAN MOPPES & SONS DIAMOND TOOLS LIMITED,Active,Private Limited Company,1947-03-20,79,LE12 6JU,Rushcliffe,East Midlands,99999,Dormant Company,,Extraterritorial Organisations,2027-09-30,0,2027-05-27,2026-09-01
00438370,JAMES HAWES & GOODCHILD LIMITED,Active,Private Limited Company,1947-07-05,79,NG1 6HH,Nottingham,East Midlands,99999,Dormant Company,,Extraterritorial Organisations,2027-06-30,0,2026-12-31,2026-09-01
00439439,J.S.DAKIN & COMPANY,Active,Private Unlimited Company,1947-07-23,79,NG23 6TS,Newark and Sherwood,East Midlands,01110,"Growing of cereals (except rice), leguminous crops and oil seeds",,"Agriculture, Forestry & Fishing",,0,2027-08-30,2026-09-01
00442002,ZIPSER MOTORS (NOTTM) LIMITED,Active,Private Limited Company,1947-09-10,79,NG11 6ND,Rushcliffe,East Midlands,68209,Other letting and operating of own or leased real estate,,Real Estate Activities,2027-09-07,0,2027-01-24,2026-09-01
00443522,DALKIA ENGINEERING LIMITED,Active,Private Limited Company,1947-10-11,79,NG2 1AG,Nottingham,East Midlands,43210,Electrical installation,43220,Construction,2027-09-30,0,2026-10-14,2026-09-01
00444795,C D BRAMALL LIMITED,Active,Private Limited Company,1947-11-06,79,NG15 0DR,Ashfield,East Midlands,45111,Sale of new cars and light motor vehicles,45112,Wholesale & Retail Trade,2026-09-30,0,2027-04-20,2026-09-01
00447593,H.S.HODGSON(SCARBOROUGH)LIMITED,Active,Private Limited Company,1948-01-06,78,NG17 7DR,Ashfield,East Midlands,47190,Other retail sale in non-specialised stores,"55900, 56290",Wholesale & Retail Trade,2027-08-31,0,2027-01-14,2026-09-01
00448161,WORKSOP MASONIC HALL COMPANY LIMITED,Active,Private Limited Company,1948-01-16,78,S80 2AE,Bassetlaw,East Midlands,94110,Activities of business and employers membership organizations,,Other Service Activities,2027-03-31,0,2027-06-27,2026-09-01
00451130,BURT BROS.(HOSIERY)LIMITED,Active,Private Limited Company,1948-03-18,78,NG7 2TA,Nottingham,East Midlands,46420,Wholesale of clothing and footwear,,Wholesale & Retail Trade,2026-09-30,0,2027-06-30,2026-09-01
00451842,SUNNYSIDE DAIRY FARMS LIMITED,Active,Private Limited Company,1948-04-05,78,LE12 5RF,Rushcliffe,East Midlands,01500,Mixed farming,68209,"Agriculture, Forestry & Fishing",2027-12-31,0,2027-01-31,2026-09-01
00452840,SANDICLIFFE GARAGE LIMITED,Active,Private Limited Company,1948-04-20,78,NG9 8AU,Broxtowe,East Midlands,45111,Sale of new cars and light motor vehicles,"45200, 45310",Wholesale & Retail Trade,2027-12-31,0,2027-07-05,2026-09-01
00453159,NEWFIELD FARM(SCREVETON)LIMITED,Active,Private Limited Company,1948-04-26,78,NG23 5LE,Rushcliffe,East Midlands,01500,Mixed farming,,"Agriculture, Forestry & Fishing",2027-01-05,0,2027-01-18,2026-09-01
00455603,A. ROSE (NEWARK) LIMITED,Active,Private Limited Company,1948-06-17,78,NG24 2EL,Newark and Sherwood,East Midlands,46120,"Agents involved in the sale of fuels, ores, metals and industrial chemicals",49410,Wholesale & Retail Trade,2026-12-31,0,2027-01-20,2026-09-01
00456065,TABRAMHILL ESTATES LIMITED,Active,Private Limited Company,1948-06-24,78,NG17 1FE,Ashfield,East Midlands,68209,Other letting and operating of own or leased real estate,,Real Estate Activities,2027-09-30,0,2026-11-27,2026-09-01
00456913,TEMPLE PRINTING (NOTTINGHAM) LIMITED,Active,Private Limited Company,1948-06-30,78,NG8 1NA,Nottingham,East Midlands,18129,Printing n.e.c.,,Manufacturing,2027-05-31,0,2027-02-03,2026-09-01
00457881,E.GILL & SONS (MEMORIALS) LIMITED,Active,Private Limited Company,1948-08-14,78,NG24 4BQ,Newark and Sherwood,East Midlands,96030,Funeral and related activities,,Other Service Activities,2027-05-31,0,2027-03-01,2026-09-01
00458005,K.& M.(HAULIERS)LIMITED,Active,Private Limited Company,1948-08-19,78,NG1 1PB,Nottingham,East Midlands,49410,Freight transport by road,"52103, 68209",Transportation & Storage,2026-09-30,0,2027-07-14,2026-09-01
00458233,CHAMBERS PACKAGING LIMITED,Active,Private Limited Company,1948-08-27,78,LE12 6JU,Rushcliffe,East Midlands,99999,Dormant Company,,Extraterritorial Organisations,2027-09-30,0,2027-06-17,2026-09-01
00459627,STONEHOUSE TABLET MANUFACTURING COMPANY LIMITED,Active,Private Limited Company,1948-10-05,78,NG9 6DT,Broxtowe,East Midlands,20590,Manufacture of other chemical products n.e.c.,,Manufacturing,2027-06-30,0,2027-02-17,2026-09-01
00461376,FRANK HODSON FOUNDATION LIMITED,Active,Private Limited Company,1948-11-19,78,NG7 7BQ,Nottingham,East Midlands,55900,Other accommodation,,Accommodation & Food Service,2027-01-05,0,2026-11-04,2026-09-01
00461650,D.N.HYDE-BARKER (AGENTS) LIMITED,Active,Private Limited Company,1948-11-26,78,NG24 3RS,Newark and Sherwood,East Midlands,68209,Other letting and operating of own or leased real estate,,Real Estate Activities,2027-08-31,0,2027-04-10,2026-09-01
00464277,J. KERRY & SONS LIMITED,Active,Private Limited Company,1949-02-04,77,NG1 4GZ,Nottingham,East Midlands,47210,Retail sale of fruit and vegetables in specialised stores,,Wholesale & Retail Trade,2026-10-31,0,2026-12-07,2026-09-01
00465648,A.H.GARNER LIMITED,Active,Private Limited Company,1949-03-12,77,NG1 6GR,Nottingham,East Midlands,25620,Machining,,Manufacturing,2027-06-30,0,2027-07-29,2026-09-01
00465793,CHATFIELDS LIMITED,Active,Private Limited Company,1949-03-16,77,NG15 0DR,Ashfield,East Midlands,45111,Sale of new cars and light motor vehicles,45112,Wholesale & Retail Trade,2026-09-30,0,2026-12-12,2026-09-01
00466944,CARL BARTON LIMITED,Active,Private Limited Company,1949-04-06,77,NG1 4GZ,Nottingham,East Midlands,68209,Other letting and operating of own or leased real estate,,Real Estate Activities,2027-01-05,0,2027-01-29,2026-09-01
00468931,MELHAM GROUP LIMITED,Active,Private Limited Company,1949-05-24,77,NG3 1DE,Nottingham,East Midlands,70100,Activities of head offices,,"Professional, Scientific & Technical",2027-03-31,0,2027-01-13,2026-09-01
00469773,F.L.& J.PROPERTIES COMPANY,Active,Private Unlimited Company,1949-06-17,77,NG1 4JA,Nottingham,East Midlands,68209,Other letting and operating of own or leased real estate,,Real Estate Activities,,0,2027-01-14,2026-09-01
00470275,CHATFIELDS - MARTIN WALTER LIMITED,Active,Private Limited Company,1949-06-30,77,NG15 0DR,Ashfield,East Midlands,45111,Sale of new cars and light motor vehicles,45112,Wholesale & Retail Trade,2026-09-30,0,2026-12-12,2026-09-01
00471228,J.N.ROWEN LIMITED,Active,Private Limited Company,1949-07-26,77,NG1 5BS,Nottingham,East Midlands,42990,Construction of other civil engineering projects n.e.c.,68209,Construction,2027-06-30,0,2027-05-01,2026-09-01
00471330,MITCHELL'S (CARAVANS) LIMITED,Active,Private Limited Company,1949-07-28,77,NG9 1NA,Broxtowe,East Midlands,99999,Dormant Company,,Extraterritorial Organisations,2027-07-31,0,2027-03-04,2026-09-01
00476003,RONALD W. MORRIS (STOURPORT) LIMITED,Active,Private Limited Company,1949-12-12,77,NG1 7HR,Nottingham,East Midlands,82990,Other business support service activities n.e.c.,,Administrative & Support Service,2027-08-31,0,2026-11-06,2026-09-01
00477028,JAMES DUNCAN INVESTMENTS LIMITED,Active,Private Limited Company,1950-01-10,76,NG2 6AX,Rushcliffe,East Midlands,64304,Activities of open-ended investment companies,,Financial & Insurance Activities,2027-10-31,0,2027-06-26,2026-09-01
00477076,C D BRAMALL DEALERSHIPS LIMITED,Active,Private Limited Company,1950-01-11,76,NG15 0DR,Ashfield,East Midlands,45111,Sale of new cars and light motor vehicles,45112,Wholesale & Retail Trade,2026-09-30,0,2026-12-12,2026-09-01
00479504,XYLEM WATER SOLUTIONS UK LTD,Active,Private Limited Company,1950-03-14,76,NG4 2AN,Gedling,East Midlands,28131,Manufacture of pumps,52220,Manufacturing,2026-09-30,0,2027-08-31,2026-09-01
00481054,IDEAL CLEANING SERVICES LIMITED,Active,Private Limited Company,1950-04-15,76,NG8 5BX,Nottingham,East Midlands,81210,General cleaning of buildings,97000,Administrative & Support Service,2027-03-31,0,2027-02-14,2026-09-01
00482605,"LENTON AND WILKINSON, LIMITED",Active,Private Limited Company,1950-05-25,76,NG5 6LS,Gedling,East Midlands,68209,Other letting and operating of own or leased real estate,,Real Estate Activities,2027-07-31,0,2027-03-11,2026-09-01
00484469,S. COLLINS & CO. LIMITED,Active,Private Limited Company,1950-07-17,76,NG11 6LL,Rushcliffe,East Midlands,47510,Retail sale of textiles in specialised stores,,Wholesale & Retail Trade,2026-10-31,0,2027-05-05,2026-09-01
00487413,GEOFFREY ALLISON,Active,Private Unlimited Company,1950-10-17,76,S80 2HY,Bassetlaw,East Midlands,47430,Retail sale of audio and video equipment in specialised stores,"47540, 47640, 47650",Wholesale & Retail Trade,,0,2026-05-15,2026-09-01
00488431,MARKHAM (SHEFFIELD) LIMITED,Active,Private Limited Company,1950-11-17,76,S81 9ED,Bassetlaw,East Midlands,46140,"Agents involved in the sale of machinery, industrial equipment, ships and aircraft",77320,Wholesale & Retail Trade,2026-09-30,0,2027-06-25,2026-09-01
00490674,TOTAL INTEGRATED SOLUTIONS LIMITED,Active,Private Limited Company,1951-01-18,75,NG18 5BU,Mansfield,East Midlands,27900,Manufacture of other electrical equipment,80200,Manufacturing,2026-09-30,0,2027-07-09,2026-09-01
00491261,DISPOSAL COMPANY (RICHBOROUGH) LIMITED,Active,Private Limited Company,1951-02-05,75,NG3 1DE,Nottingham,East Midlands,37000,Sewerage,,"Water Supply, Sewerage & Waste Management",2027-09-30,0,2027-01-13,2026-09-01
00491902,FIRST DENTAL LIMITED,Active,Private Limited Company,1951-02-23,75,NG7 5LR,Nottingham,East Midlands,41100,Development of building projects,86230,Construction,2027-01-31,0,2027-08-16,2026-09-01
00493198,G.B.HOLDING LIMITED,Active,Private Limited Company,1951-03-27,75,NG17 5FB,Ashfield,East Midlands,46410,Wholesale of textiles,,Wholesale & Retail Trade,2027-09-30,0,2027-05-08,2026-09-01
00494174,FRANK KEY (NOTTINGHAM) LIMITED,Active,Private Limited Company,1951-04-12,75,NG5 6BL,Gedling,East Midlands,46130,Agents involved in the sale of timber and building materials,,Wholesale & Retail Trade,2026-09-30,0,2026-11-15,2026-09-01
00498207,PETER TAYLOR PRODUCE LIMITED,Active,Private Limited Company,1951-08-02,75,S81 8HF,Bassetlaw,East Midlands,01110,"Growing of cereals (except rice), leguminous crops and oil seeds",,"Agriculture, Forestry & Fishing",2027-03-31,0,2027-06-24,2026-09-01
00503047,G.L.SAVAGE LIMITED,Active,Private Limited Company,1952-01-03,74,NG5 1AP,Nottingham,East Midlands,41201,Construction of commercial buildings,,Construction,2026-09-30,0,2026-11-13,2026-09-01
00504422,GRAHAM GROUP LIMITED,Active,Private Limited Company,1952-02-14,74,LE12 6JU,Rushcliffe,East Midlands,99999,Dormant Company,,Extraterritorial Organisations,2026-09-30,0,2027-05-27,2026-09-01
00504877,CURRYS GROUP LIMITED,Active,Private Limited Company,1952-02-28,74,NG24 2NH,Newark and Sherwood,East Midlands,47540,Retail sale of electrical household appliances in specialised stores,,Wholesale & Retail Trade,2027-01-31,0,2027-09-01,2026-09-01
00504990,"JACKSON & LAKIN,LIMITED",Active,Private Limited Company,1952-03-01,74,NG8 6PX,Nottingham,East Midlands,68209,Other letting and operating of own or leased real estate,,Real Estate Activities,2027-02-28,0,2027-01-28,2026-09-01
00505251,LOWDHAM OUTDOOR LEISURE LIMITED,Active,Private Limited Company,1952-03-08,74,NG14 7ES,Newark and Sherwood,East Midlands,45320,Retail trade of motor vehicle parts and accessories,,Wholesale & Retail Trade,2026-09-30,0,2026-09-19,2026-09-01
00506127,WOODTHORPE TENNIS COURTS LIMITED,Active,Private Limited Company,1952-03-27,74,NG7 7BQ,Nottingham,East Midlands,93110,Operation of sports facilities,,"Arts, Entertainment & Recreation",2028-01-31,0,2027-05-13,2026-09-01
00508556,SIDNEY HACKETT LIMITED,Active,Private Limited Company,1952-06-06,74,NG12 2LD,Rushcliffe,East Midlands,01110,"Growing of cereals (except rice), leguminous crops and oil seeds",,"Agriculture, Forestry & Fishing",2026-12-31,0,2026-11-08,2026-09-01
00509074,JOSEPH A.HEY & SON LIMITED,Active,Private Limited Company,1952-06-21,74,NG1 6HH,Nottingham,East Midlands,99999,Dormant Company,,Extraterritorial Organisations,2026-09-25,0,2027-06-14,2026-09-01
00510194,WALKER ULTRASONICS LIMITED,Active,Private Limited Company,1952-07-30,74,NG23 7LA,Newark and Sherwood,East Midlands,74990,Non-trading company,,"Professional, Scientific & Technical",2027-04-30,0,2026-10-22,2026-09-01
00510428,COLESON AND COMPANY (BAKERS) LIMITED,Active,Private Limited Company,1952-08-09,74,NG9 6BU,Broxtowe,East Midlands,56290,Other food services,,Accommodation & Food Service,2027-07-31,0,2027-04-11,2026-09-01
00515963,H. HUGHES & SON (WORKSOP) LIMITED,Active,Private Limited Company,1953-02-11,73,S81 7QF,Bassetlaw,East Midlands,33120,Repair of machinery,"33140, 43210",Manufacturing,2026-12-31,0,2026-12-15,2026-09-01
00517077,LACE MECHANICS LIMITED,Active,Private Limited Company,1953-03-12,73,NG1 5GF,Nottingham,East Midlands,82990,Other business support service activities n.e.c.,,Administrative & Support Service,2026-11-30,0,2027-07-01,2026-09-01
00517599,SIMPLEX KNITTING COMPANY LIMITED,Active,Private Limited Company,1953-03-24,73,NG9 5HN,Broxtowe,East Midlands,13910,Manufacture of knitted and crocheted fabrics,,Manufacturing,2027-05-31,0,2027-05-12,2026-09-01
00519133,PETER TAYLOR (OLDCOTES) LIMITED,Active,Private Limited Company,1953-04-29,73,S81 8HF,Bassetlaw,East Midlands,01110,"Growing of cereals (except rice), leguminous crops and oil seeds",,"Agriculture, Forestry & Fishing",2027-03-31,0,2027-06-24,2026-09-01
00521438,PANDROL LIMITED,Active,Private Limited Company,1953-07-04,73,S81 7AX,Bassetlaw,East Midlands,25990,Manufacture of other fabricated metal products n.e.c.,,Manufacturing,2027-09-30,0,2027-08-14,2026-09-01
00522418,PAR COMMUNICATIONS LTD,Active,Private Limited Company,1953-08-06,73,NG4 2BU,Gedling,East Midlands,25990,Manufacture of other fabricated metal products n.e.c.,,Manufacturing,2026-09-30,0,2026-10-09,2026-09-01
00523582,VINTAGE WINES LIMITED,Active,Private Limited Company,1953-09-12,73,NG1 5FB,Nottingham,East Midlands,46342,"Wholesale of wine, beer, spirits and other alcoholic beverages",47250,Wholesale & Retail Trade,2027-03-31,0,2026-09-26,2026-09-01
00526954,WRIGHT'S PIES (SHELTON) LIMITED,Active,Private Limited Company,1953-12-16,73,NG2 1LU,Nottingham,East Midlands,10850,Manufacture of prepared meals and dishes,,Manufacturing,2026-12-26,0,2027-04-15,2026-09-01
00527055,J.E. HARRIS & SON (FURNISHERS) LIMITED,Active,Private Limited Company,1953-12-19,73,NG25 0NF,Newark and Sherwood,East Midlands,68209,Other letting and operating of own or leased real estate,,Real Estate Activities,2027-12-31,0,2027-08-10,2026-09-01
00527271,W.R. BLOODWORTH & SONS LIMITED,Active,Private Limited Company,1953-12-24,73,NG11 7EP,Rushcliffe,East Midlands,41100,Development of building projects,"41201, 41202",Construction,2026-12-31,0,2026-08-14,2026-09-01
00529479,00529479 LIMITED,Active,Private Limited Company,1954-02-23,72,NG7 1LB,Nottingham,East Midlands,,,,Not classified (no SIC code recorded),1989-04-30,1,2017-03-09,2026-09-01
00530194,W.H.BUTLER & SONS(FOUNDERS)LIMITED,Active,Private Limited Company,1954-03-11,72,S81 8AP,Bassetlaw,East Midlands,68209,Other letting and operating of own or leased real estate,,Real Estate Activities,2026-12-31,0,2027-06-14,2026-09-01
00531909,JON WALKER TIMBER PRODUCTS LIMITED,Active,Private Limited Company,1954-04-08,72,NG14 6HP,Gedling,East Midlands,46730,"Wholesale of wood, construction materials and sanitary equipment",,Wholesale & Retail Trade,2027-04-30,0,2027-01-13,2026-09-01
00532657,CHARLES WATSON (IRONMONGERS) LIMITED,Active,Private Limited Company,1954-04-30,72,NG5 6BL,Gedling,East Midlands,46900,Non-specialised wholesale trade,47520,Wholesale & Retail Trade,2026-09-30,0,2026-11-23,2026-09-01
00533089,WALKER & SON (HAULIERS) LIMITED,Active,Private Limited Company,1954-05-08,72,NG22 0PQ,Bassetlaw,East Midlands,68209,Other letting and operating of own or leased real estate,,Real Estate Activities,2027-03-27,0,2026-11-22,2026-09-01
00534310,CLOWER DEVELOPMENTS LIMITED,Active,Private Limited Company,1954-06-11,72,NG4 4AD,Gedling,East Midlands,68209,Other letting and operating of own or leased real estate,,Real Estate Activities,2027-04-30,0,2027-03-12,2026-09-01
00534536,FIELDAIR LIMITED,Active,Private Limited Company,1954-06-17,72,NG5 4AY,Nottingham,East Midlands,43220,"Plumbing, heat and air-conditioning installation",,Construction,2026-09-30,0,2027-08-11,2026-09-01
00534618,STRATSTONE LUXURY VEHICLES LIMITED,Active,Private Limited Company,1954-06-18,72,NG15 0DR,Ashfield,East Midlands,45111,Sale of new cars and light motor vehicles,,Wholesale & Retail Trade,2026-09-30,0,2027-06-15,2026-09-01
00534651,B.& D.BURTT LIMITED,Active,Private Limited Company,1954-06-19,72,NG18 1BL,Mansfield,East Midlands,82990,Other business support service activities n.e.c.,,Administrative & Support Service,2027-06-30,0,2027-04-06,2026-09-01
00535398,FRED HALLAM LIMITED,Active,Private Limited Company,1954-07-05,72,NG9 2JQ,Broxtowe,East Midlands,47210,Retail sale of fruit and vegetables in specialised stores,47230,Wholesale & Retail Trade,2026-12-31,0,2027-03-29,2026-09-01
00536301,WALTER S.BATES LIMITED,Active,Private Limited Company,1954-07-29,72,NG3 6DG,Gedling,East Midlands,25620,Machining,,Manufacturing,2026-12-31,0,2026-09-25,2026-09-01
00537005,STRATSTONE CARS LIMITED,Active,Private Limited Company,1954-08-17,72,NG15 0DR,Ashfield,East Midlands,45111,Sale of new cars and light motor vehicles,,Wholesale & Retail Trade,2026-09-30,0,2027-05-15,2026-09-01
00537887,C.W.ELLISON LIMITED,Active,Private Limited Company,1954-09-09,72,NG24 4SP,Newark and Sherwood,East Midlands,49410,Freight transport by road,,Transportation & Storage,2027-01-05,0,2026-11-14,2026-09-01
00538332,G.E. HARPER LIMITED,Active,Private Limited Company,1954-09-22,72,NG15 0DR,Ashfield,East Midlands,74990,Non-trading company,,"Professional, Scientific & Technical",2026-09-30,0,2027-04-14,2026-09-01
00538447,FUNERALS ON A BUDGET LTD,Active,Private Limited Company,1954-09-24,72,NG1 6HH,Nottingham,East Midlands,99999,Dormant Company,,Extraterritorial Organisations,2027-06-30,0,2026-12-24,2026-09-01
00538776,T EDSON & SONS LIMITED,Active,Private Limited Company,1954-10-01,72,NG8 6PX,Nottingham,East Midlands,43320,Joinery installation,,Construction,2027-07-31,0,2026-11-06,2026-09-01
00542148,HARRY RICHMOND AND PARTNER LIMITED,Active,Private Limited Company,1954-12-18,72,NG12 2LD,Rushcliffe,East Midlands,41100,Development of building projects,"41201, 41202",Construction,2026-12-31,0,2026-08-10,2026-09-01
00543329,SCHOOLS DIRECT LIMITED,Active,Private Limited Company,1955-01-14,71,NG9 5DA,Broxtowe,East Midlands,47710,Retail sale of clothing in specialised stores,,Wholesale & Retail Trade,2027-10-31,0,2027-07-19,2026-09-01
00544641,WILLIAM CAMM AND COMPANY LIMITED,Active,Private Limited Company,1955-02-16,71,NG5 2GU,Nottingham,East Midlands,,,,Not classified (no SIC code recorded),1989-03-31,1,,2026-09-01
00544883,AWARD PUBLICATIONS LIMITED,Active,Private Limited Company,1955-02-23,71,S80 3LR,Bassetlaw,East Midlands,58110,Book publishing,,Information & Communication,2026-09-30,0,2027-07-20,2026-09-01
00545306,EXPERIAN TRUSTEES LIMITED,Active,Private Limited Company,1955-03-03,71,NG80 1ZZ,Nottingham,East Midlands,96090,Other service activities n.e.c.,,Other Service Activities,2026-12-31,0,2026-12-17,2026-09-01
00545693,WRATES SCHOLASTIC PHOTOGRAPHS LIMITED,Active,Private Limited Company,1955-03-10,71,NG24 2EG,Newark and Sherwood,East Midlands,74209,Photographic activities not elsewhere classified,,"Professional, Scientific & Technical",2026-09-30,0,2027-03-23,2026-09-01
00546349,SKILLS TRAVEL LIMITED,Active,Private Limited Company,1955-03-23,71,NG1 5GF,Nottingham,East Midlands,49390,Other passenger land transport,,Transportation & Storage,2027-01-31,0,2027-04-20,2026-09-01
00547046,CREDENHILL LIMITED,Active,Private Limited Company,1955-04-01,71,DE7 5UD,Broxtowe,East Midlands,46460,Wholesale of pharmaceutical goods,47749,Wholesale & Retail Trade,2027-09-30,0,2027-03-15,2026-09-01
00547227,GAUNTLEYS OF NOTTINGHAM LIMITED,Active,Private Limited Company,1955-04-02,71,NG1 2ET,Nottingham,East Midlands,47110,"Retail sale in non-specialised stores with food, beverages or tobacco predominating",,Wholesale & Retail Trade,2027-01-31,0,2026-11-17,2026-09-01
00547646,JOHN J.DOE AND SON LIMITED,Active,Private Limited Company,1955-04-13,71,NG18 1QH,Mansfield,East Midlands,32990,Other manufacturing n.e.c.,,Manufacturing,2027-02-28,0,2026-12-17,2026-09-01
00550331,G.H. SUTTON LIMITED,Active,Private Limited Company,1955-06-07,71,NG23 6SA,Bassetlaw,East Midlands,01110,"Growing of cereals (except rice), leguminous crops and oil seeds",,"Agriculture, Forestry & Fishing",2027-04-30,0,2026-10-25,2026-09-01
00550473,TEMPLE COURTS INVESTMENTS LIMITED,Active,Private Limited Company,1955-06-09,71,NG25 0HQ,Newark and Sherwood,East Midlands,99999,Dormant Company,,Extraterritorial Organisations,2027-06-30,0,2026-09-26,2026-09-01
00552926,ASTORIA BINGO CLUB LIMITED,Active,Private Limited Company,1955-08-04,71,NG7 1TN,Nottingham,East Midlands,92000,Gambling and betting activities,,"Arts, Entertainment & Recreation",2026-10-14,0,2027-08-05,2026-09-01
00555088,HEATING HOMES GROUP LTD,Active,Private Limited Company,1955-09-26,71,NG12 4ED,Rushcliffe,East Midlands,43210,Electrical installation,43220,Construction,2026-09-30,0,2027-03-24,2026-09-01
00556783,REQUISITE INVESTMENTS LIMITED,Active,Private Limited Company,1955-11-02,71,NG1 4GZ,Nottingham,East Midlands,68100,Buying and selling of own real estate,,Real Estate Activities,2027-06-30,0,2027-08-18,2026-09-01
00557602,BEARD ENGINEERING CO. LIMITED(THE),Active,Private Limited Company,1955-11-22,71,NG16 5LR,Ashfield,East Midlands,25620,Machining,,Manufacturing,2027-08-31,0,2027-03-12,2026-09-01
00559820,BROOKFIELD INVESTMENTS (NOTTINGHAM) LIMITED,Active,Private Limited Company,1956-01-10,70,NG14 5BN,Gedling,East Midlands,68209,Other letting and operating of own or leased real estate,,Real Estate Activities,2027-11-30,0,2027-01-31,2026-09-01
00560651,T BADDILEY & SONS LIMITED,Active,Private Limited Company,1956-01-28,70,S81 0TN,Bassetlaw,East Midlands,01110,"Growing of cereals (except rice), leguminous crops and oil seeds",01420,"Agriculture, Forestry & Fishing",2026-12-31,0,2027-05-14,2026-09-01
00561875,SANHAM FARM LIMITED,Active,Private Limited Company,1956-02-25,70,NG2 5JQ,Rushcliffe,East Midlands,01110,"Growing of cereals (except rice), leguminous crops and oil seeds",,"Agriculture, Forestry & Fishing",2027-01-05,0,2026-11-17,2026-09-01
00565658,MOCHA COFFEE HOUSES LIMITED,Active,Private Limited Company,1956-05-04,70,NG19 7AE,Mansfield,East Midlands,68209,Other letting and operating of own or leased real estate,,Real Estate Activities,2026-12-31,0,2027-04-13,2026-09-01
00565818,G.W.MOORE(BUILDERS)LIMITED,Active,Private Limited Company,1956-05-08,70,NG5 1AW,Nottingham,East Midlands,41201,Construction of commercial buildings,,Construction,2027-04-30,0,2026-12-04,2026-09-01
00566357,GOODWOOD PAPER(NOTTINGHAM)LIMITED,Active,Private Limited Company,1956-05-18,70,NG5 7JD,Gedling,East Midlands,18129,Printing n.e.c.,46900,Manufacturing,2026-12-31,0,2027-06-15,2026-09-01
00566679,J. BEALBY & SONS LIMITED,Active,Private Limited Company,1956-05-29,70,NG21 9HG,Newark and Sherwood,East Midlands,01110,"Growing of cereals (except rice), leguminous crops and oil seeds","01130, 01430, 01450","Agriculture, Forestry & Fishing",2027-01-05,0,2026-10-09,2026-09-01
00567664,HAROLD SAVAGE (BUTCHERS) LIMITED,Active,Private Limited Company,1956-06-15,70,NG18 1BL,Mansfield,East Midlands,01500,Mixed farming,,"Agriculture, Forestry & Fishing",2026-10-30,0,2026-09-16,2026-09-01
00567690,HAROLD SAVAGE (FARMERS & BUTCHERS) LIMITED,Active,Private Limited Company,1956-06-16,70,NG18 1BL,Mansfield,East Midlands,01500,Mixed farming,,"Agriculture, Forestry & Fishing",2026-10-30,0,2026-09-17,2026-09-01
00569938,FRED HARRISON (IRONMONGER) LIMITED,Active,Private Limited Company,1956-08-07,70,S80 1DL,Bassetlaw,East Midlands,47520,"Retail sale of hardware, paints and glass in specialised stores",,Wholesale & Retail Trade,2026-11-30,0,2026-11-01,2026-09-01
00572587,NEWARK PROPERTY COMPANY LIMITED,Active,Private Limited Company,1956-10-08,70,NG24 1TW,Newark and Sherwood,East Midlands,68209,Other letting and operating of own or leased real estate,,Real Estate Activities,2027-09-30,0,2027-01-03,2026-09-01
00573812,DEANROW INVESTMENTS LIMITED,Active,Private Limited Company,1956-11-05,70,NG12 4FP,Rushcliffe,East Midlands,68100,Buying and selling of own real estate,68209,Real Estate Activities,2026-12-30,0,2026-12-28,2026-09-01
00574327,W.J.DALE LIMITED,Active,Private Limited Company,1956-11-16,70,NG18 5FB,Mansfield,East Midlands,68209,Other letting and operating of own or leased real estate,,Real Estate Activities,2026-09-30,0,2027-01-15,2026-09-01
00574665,G. & F. COPE & CO. (RETAIL) LIMITED,Active,Private Limited Company,1956-11-23,70,NG1 2BT,Nottingham,East Midlands,47770,Retail sale of watches and jewellery in specialised stores,,Wholesale & Retail Trade,2027-03-31,0,2027-03-20,2026-09-01
00575281,WRIGHT ENGINEERING COMPANY(NOTTINGHAM)LIMITED,Active,Private Limited Company,1956-12-06,70,NG2 4BG,Nottingham,East Midlands,28490,Manufacture of other machine tools,,Manufacturing,2027-09-30,0,2026-10-28,2026-09-01
00580189,DUNHAM & HAINES LIMITED,Active,Private Limited Company,1957-03-18,69,NG15 0DR,Ashfield,East Midlands,74990,Non-trading company,,"Professional, Scientific & Technical",2026-09-30,0,2027-05-30,2026-09-01
00581974,BURTON & SHERWOOD LIMITED,Active,Private Limited Company,1957-04-09,69,NG20 0JR,Mansfield,East Midlands,46439,"Wholesale of radio, television goods & electrical household appliances (other than records, tapes, CD's & video tapes and the equipment used for playing them)",47540,Wholesale & Retail Trade,2026-12-31,0,2027-02-14,2026-09-01
00582288,ERITON SECURITIES LIMITED,Active,Private Limited Company,1957-04-12,69,NG25 0HQ,Newark and Sherwood,East Midlands,99999,Dormant Company,,Extraterritorial Organisations,2027-06-30,0,2027-07-01,2026-09-01
00582968,JOHN HARRISON (LOWDHAM) LIMITED,Active,Private Limited Company,1957-04-29,69,NG14 7DS,Newark and Sherwood,East Midlands,45200,Maintenance and repair of motor vehicles,45320,Wholesale & Retail Trade,2026-09-30,0,2026-10-23,2026-09-01
00586831,LEEN GATE ENGINEERING CO. LIMITED,Active,Private Limited Company,1957-07-08,69,NG7 2UJ,Nottingham,East Midlands,25610,Treatment and coating of metals,25990,Manufacturing,2027-06-30,0,2027-03-06,2026-09-01
00588827,LANGRIDGE HOMES LIMITED,Active,Private Limited Company,1957-08-14,69,NG5 1AG,Nottingham,East Midlands,41202,Construction of domestic buildings,,Construction,2026-12-31,0,2026-10-23,2026-09-01
00591037,LONGCLIFFE PROPERTIES LIMITED,Active,Private Limited Company,1957-09-26,69,NG2 6AB,Rushcliffe,East Midlands,41100,Development of building projects,,Construction,2027-09-30,0,2026-10-24,2026-09-01
00592844,HOVAL LIMITED,Active,Private Limited Company,1957-10-31,69,NG24 1JN,Newark and Sherwood,East Midlands,25210,Manufacture of central heating radiators and boilers,,Manufacturing,2027-12-31,0,2027-07-20,2026-09-01
00593770,J.T.BEEDHAM & SONS LIMITED,Active,Private Limited Company,1957-11-15,69,NG1 4GZ,Nottingham,East Midlands,10110,Processing and preserving of meat,"10130, 10890, 47220",Manufacturing,2027-08-31,0,2027-04-08,2026-09-01
00597269,TRACK TECHNOLOGY LIMITED,Active,Private Limited Company,1958-01-16,68,S81 7AX,Bassetlaw,East Midlands,64202,Activities of production holding companies,,Financial & Insurance Activities,2027-09-30,0,2027-08-14,2026-09-01
00600006,C.J.NEALE LIMITED,Active,Private Limited Company,1958-03-05,68,NG13 8JS,Rushcliffe,East Midlands,01110,"Growing of cereals (except rice), leguminous crops and oil seeds",,"Agriculture, Forestry & Fishing",2026-12-31,0,2026-12-27,2026-09-01
00609735,DACRYLATE LIMITED,Active,Private Limited Company,1958-08-14,68,NG17 8AL,Ashfield,East Midlands,68209,Other letting and operating of own or leased real estate,,Real Estate Activities,2027-09-30,0,2026-11-11,2026-09-01
00611190,REG VARDY LIMITED,Active,Private Limited Company,1958-09-12,68,NG15 0DR,Ashfield,East Midlands,45190,Sale of other motor vehicles,,Wholesale & Retail Trade,2026-09-30,0,2026-10-17,2026-09-01
00612324,SKILLS MOTOR COACHES LIMITED,Active,Private Limited Company,1958-10-03,68,NG6 8LY,Nottingham,East Midlands,49390,Other passenger land transport,,Transportation & Storage,2027-01-31,0,2027-06-04,2026-09-01
00613451,A.W.LYMN LIMITED,Active,Private Limited Company,1958-10-22,68,NG3 1GF,Nottingham,East Midlands,96030,Funeral and related activities,,Other Service Activities,2027-08-05,0,2027-07-09,2026-09-01
00613512,J.J. STEEPLES & SONS LIMITED,Active,Private Limited Company,1958-10-23,68,NG16 3BF,Broxtowe,East Midlands,01110,"Growing of cereals (except rice), leguminous crops and oil seeds",,"Agriculture, Forestry & Fishing",2027-12-31,0,2026-10-22,2026-09-01
00613743,PALACE PERMA-SIGNS LIMITED,Active,Private Limited Company,1958-10-28,68,NG1 5GF,Nottingham,East Midlands,25610,Treatment and coating of metals,,Manufacturing,2027-09-30,0,2027-02-24,2026-09-01
00614807,SAINT-GOBAIN CONSTRUCTION CHEMICALS UK LIMITED,Active,Private Limited Company,1958-11-13,68,LE12 6JU,Rushcliffe,East Midlands,20590,Manufacture of other chemical products n.e.c.,,Manufacturing,2026-09-30,0,2026-10-15,2026-09-01
00614987,ROBERT FLETCHER AND SON LIMITED,Active,Private Limited Company,1958-11-17,68,NG3 1DE,Nottingham,East Midlands,70100,Activities of head offices,,"Professional, Scientific & Technical",2026-09-30,0,2027-01-13,2026-09-01
00615881,JAMES & THOMAS LIMITED,Active,Private Limited Company,1958-12-01,68,NG1 6HH,Nottingham,East Midlands,99999,Dormant Company,,Extraterritorial Organisations,2027-06-30,0,2027-08-14,2026-09-01
00616879,AGRICULTURAL CROP SPRAYERS (NOTTINGHAM) LIMITED,Active,Private Limited Company,1958-12-16,68,NG25 0TL,Newark and Sherwood,East Midlands,96090,Other service activities n.e.c.,,Other Service Activities,2027-01-31,0,2027-05-09,2026-09-01
00617809,VINTAGE WINES (WHOLESALE) LIMITED,Active,Private Limited Company,1958-12-31,68,NG1 5FB,Nottingham,East Midlands,99999,Dormant Company,,Extraterritorial Organisations,2027-03-31,0,2026-09-26,2026-09-01
00621482,UNIQ (HOLDINGS) LIMITED,Active,Private Limited Company,1959-02-20,67,S80 2RS,Bassetlaw,East Midlands,64209,Activities of other holding companies n.e.c.,,Financial & Insurance Activities,2027-06-27,0,2027-04-14,2026-09-01
00624494,BUILDERS CENTRE (SHEFFIELD) LIMITED(THE),Active,Private Limited Company,1959-03-31,67,NG5 6BL,Gedling,East Midlands,46130,Agents involved in the sale of timber and building materials,,Wholesale & Retail Trade,2026-09-30,0,2027-08-22,2026-09-01
00628973,JACKSON & LAKIN(FRECKINGHAM STREET)LIMITED,Active,Private Limited Company,1959-05-28,67,NG8 6PX,Nottingham,East Midlands,68209,Other letting and operating of own or leased real estate,,Real Estate Activities,2027-02-28,0,2027-01-28,2026-09-01
00629240,JACK BRITTON LIMITED,Active,Private Limited Company,1959-06-01,67,NG9 6AU,Broxtowe,East Midlands,68100,Buying and selling of own real estate,,Real Estate Activities,2027-02-28,0,2026-12-04,2026-09-01
00629400,WOODTHORPE HARRISON LIMITED,Active,Private Limited Company,1959-06-02,67,NG22 0SA,Bassetlaw,East Midlands,68209,Other letting and operating of own or leased real estate,,Real Estate Activities,2026-11-30,0,2026-12-15,2026-09-01
00630355,SPRINGHILL PROPERTIES(DONINGTON)LIMITED,Active,Private Limited Company,1959-06-15,67,LE12 6PB,Rushcliffe,East Midlands,68209,Other letting and operating of own or leased real estate,,Real Estate Activities,2027-07-31,0,2027-06-05,2026-09-01
00633999,G W PADLEY HOLDINGS LIMITED,Active,Private Limited Company,1959-07-31,67,NG1 6HH,Nottingham,East Midlands,70100,Activities of head offices,,"Professional, Scientific & Technical",2027-04-30,0,2026-11-24,2026-09-01
00635984,G W PADLEY PROPERTY 2 LIMITED,Active,Private Limited Company,1959-08-28,67,NG1 6HH,Nottingham,East Midlands,68100,Buying and selling of own real estate,68209,Real Estate Activities,2027-04-30,0,2026-11-24,2026-09-01
00636099,MACKAY AND SCHNELLMANN LIMITED,Active,Private Limited Company,1959-08-31,67,NG24 1FB,Newark and Sherwood,East Midlands,99999,Dormant Company,,Extraterritorial Organisations,2026-09-30,0,2026-09-20,2026-09-01
00636587,PRICE & BUCKLAND LIMITED,Active,Private Limited Company,1959-09-08,67,NG15 6EL,Ashfield,East Midlands,14190,Manufacture of other wearing apparel and accessories n.e.c.,,Manufacturing,2026-09-30,0,2027-07-20,2026-09-01
00638687,WASHBROOKE LIMITED,Active,Private Limited Company,1959-10-02,67,NG14 5HB,Newark and Sherwood,East Midlands,68209,Other letting and operating of own or leased real estate,,Real Estate Activities,2026-09-30,0,2026-11-24,2026-09-01
00639379,IDAMENEO (UK) LIMITED,Active,Private Limited Company,1959-10-12,67,NG2 1BJ,Nottingham,East Midlands,99999,Dormant Company,,Extraterritorial Organisations,2027-03-31,0,2027-06-15,2026-09-01
00639558,G W PADLEY FARMS LIMITED,Active,Private Limited Company,1959-10-14,67,NG1 6HH,Nottingham,East Midlands,01110,"Growing of cereals (except rice), leguminous crops and oil seeds",01190,"Agriculture, Forestry & Fishing",2027-04-30,0,2026-11-24,2026-09-01
00640252,EDIS & CO.(ELECTRICAL)LIMITED,Active,Private Limited Company,1959-10-23,67,NG18 2RL,Mansfield,East Midlands,4531,Installation electrical wiring etc.,,Not classified (legacy SIC 2003 code - not migrated),1995-08-31,1,,2026-09-01
00641514,W.S.INGHAM & SON LIMITED,Active,Private Limited Company,1959-11-09,67,NG19 0HW,Mansfield,East Midlands,96030,Funeral and related activities,,Other Service Activities,2026-09-30,0,2026-09-17,2026-09-01
00642270,HENTON & CHATTELL LIMITED,Active,Private Limited Company,1959-11-18,67,NG2 3HW,Nottingham,East Midlands,46140,"Agents involved in the sale of machinery, industrial equipment, ships and aircraft",,Wholesale & Retail Trade,2027-06-30,0,2027-03-18,2026-09-01
00642754,LATHAM FARMS LIMITED,Active,Private Limited Company,1959-11-23,67,NG24 1TW,Newark and Sherwood,East Midlands,01500,Mixed farming,,"Agriculture, Forestry & Fishing",2027-01-05,0,2027-06-26,2026-09-01
00643166,HOLDFAST INVESTMENTS LIMITED,Active,Private Limited Company,1959-11-27,67,NG2 5LN,Rushcliffe,East Midlands,68100,Buying and selling of own real estate,,Real Estate Activities,2026-12-31,0,2027-07-10,2026-09-01
00643669,HIGHWAY CONTRACTORS LIMITED,Active,Private Limited Company,1959-12-03,67,NG9 3DX,Broxtowe,East Midlands,68100,Buying and selling of own real estate,,Real Estate Activities,2027-09-30,0,2026-09-14,2026-09-01
00645486,JOHN DARBY (1959) LIMITED,Active,Private Limited Company,1959-12-24,67,NG5 1AP,Nottingham,East Midlands,01110,"Growing of cereals (except rice), leguminous crops and oil seeds",,"Agriculture, Forestry & Fishing",2027-01-31,0,2026-09-15,2026-09-01
00650387,SJC 10 LIMITED,Active,Private Limited Company,1960-02-24,66,NG17 5FT,Ashfield,East Midlands,7499,Non-trading company,,Not classified (legacy SIC 2003 code - not migrated),1999-10-31,1,,2026-09-01
00653203,HAZELFORD FERRY ESTATES CO. LIMITED,Active,Private Limited Company,1960-03-21,66,NG14 7FT,Newark and Sherwood,East Midlands,55900,Other accommodation,,Accommodation & Food Service,2027-12-31,0,2027-04-18,2026-09-01
00653331,EXPERIAN LIMITED,Active,Private Limited Company,1960-03-22,66,NG80 1ZZ,Nottingham,East Midlands,62020,Information technology consultancy activities,,Information & Communication,2026-12-31,0,2026-11-03,2026-09-01
00654737,H.SLADEN & SON LIMITED,Active,Private Limited Company,1960-03-31,66,NG15 7LL,Ashfield,East Midlands,49410,Freight transport by road,68209,Transportation & Storage,2027-12-31,0,2027-01-11,2026-09-01
00655229,DIAMOND HOUSE LIMITED,Active,Private Limited Company,1960-04-04,66,NG14 7BZ,Newark and Sherwood,East Midlands,99999,Dormant Company,,Extraterritorial Organisations,2027-09-30,0,2027-08-15,2026-09-01
00656070,F.W.WHITE(FARMERS)LIMITED,Active,Private Limited Company,1960-04-11,66,NG24 3NB,Newark and Sherwood,East Midlands,01110,"Growing of cereals (except rice), leguminous crops and oil seeds",01460,"Agriculture, Forestry & Fishing",2027-06-30,0,2027-04-23,2026-09-01
00656608,YEWSCOR LIMITED,Active,Private Limited Company,1960-04-14,66,NG25 0HQ,Newark and Sherwood,East Midlands,99999,Dormant Company,,Extraterritorial Organisations,2027-06-30,0,2027-07-01,2026-09-01
00658577,SPECTRUM BRANDS EMEA UK LIMITED,Active,Private Limited Company,1960-05-09,66,NG8 6AS,Broxtowe,East Midlands,10920,Manufacture of prepared pet foods,,Manufacturing,2027-06-30,0,2026-11-08,2026-09-01
00659441,GROVE VALE INVESTMENTS LIMITED,Active,Private Limited Company,1960-05-19,66,NG25 0HQ,Newark and Sherwood,East Midlands,99999,Dormant Company,,Extraterritorial Organisations,2027-06-30,0,2026-12-01,2026-09-01
00660046,BPB INDIA LIMITED,Active,Private Limited Company,1960-05-20,66,LE12 6JU,Rushcliffe,East Midlands,64202,Activities of production holding companies,,Financial & Insurance Activities,2026-09-30,0,2027-05-06,2026-09-01
00660274,OAKEASTON LIMITED,Active,Private Limited Company,1960-05-24,66,NG2 5LN,Rushcliffe,East Midlands,68100,Buying and selling of own real estate,,Real Estate Activities,2026-12-31,0,2027-06-22,2026-09-01
00662186,AKINS AUTOMATICS COMPANY LIMITED,Active,Private Limited Company,1960-06-15,66,NG1 1PB,Nottingham,East Midlands,92000,Gambling and betting activities,,"Arts, Entertainment & Recreation",2026-09-30,0,2027-02-21,2026-09-01
00663731,S.ALLWOOD & SON LIMITED,Active,Private Limited Company,1960-06-30,66,NG22 9PR,Newark and Sherwood,East Midlands,47220,Retail sale of meat and meat products in specialised stores,,Wholesale & Retail Trade,2027-06-30,0,2027-01-11,2026-09-01
00663868,BALLARD (WINCHESTER) LIMITED,Active,Private Limited Company,1960-06-30,66,NG5 1AW,Nottingham,East Midlands,,,,Not classified (no SIC code recorded),1989-10-31,1,2017-05-17,2026-09-01
00667573,PAPPLEWICK FARMS LIMITED,Active,Private Limited Company,1960-08-12,66,NG24 1TW,Newark and Sherwood,East Midlands,01110,"Growing of cereals (except rice), leguminous crops and oil seeds",,"Agriculture, Forestry & Fishing",2027-01-05,0,2026-10-17,2026-09-01
00667598,CLEGG CONSTRUCTION LIMITED,Active,Private Limited Company,1960-08-12,66,NG1 1HN,Nottingham,East Midlands,41201,Construction of commercial buildings,41202,Construction,2026-09-30,0,2027-07-13,2026-09-01
00668128,G W PADLEY POULTRY LIMITED,Active,Private Limited Company,1960-08-19,66,NG1 6HH,Nottingham,East Midlands,10130,Production of meat and poultry meat products,,Manufacturing,2027-04-30,0,2026-11-24,2026-09-01
00669632,A. HINSLEY LIMITED,Active,Private Limited Company,1960-09-09,66,NG9 1HU,Broxtowe,East Midlands,41100,Development of building projects,41202,Construction,2026-12-31,0,2027-02-15,2026-09-01
00673927,GORDON BODEN & SON LIMITED,Active,Private Limited Company,1960-11-01,66,NG9 4DD,Broxtowe,East Midlands,68209,Other letting and operating of own or leased real estate,,Real Estate Activities,2026-09-30,0,2027-06-17,2026-09-01
00675206,J.E.WRIGHT(HOME HEATING SYSTEMS)LIMITED,Active,Private Limited Company,1960-11-16,66,NG18 1BL,Mansfield,East Midlands,68209,Other letting and operating of own or leased real estate,,Real Estate Activities,2026-12-31,0,2026-10-21,2026-09-01
00676468,TATE STRUCTURAL STEELWORK LIMITED,Active,Private Limited Company,1960-11-30,66,NG1 2AS,Nottingham,East Midlands,4525,Other special trades construction,,Not classified (legacy SIC 2003 code - not migrated),1994-01-31,1,,2026-09-01
00677963,M. & G. HOOPER LIMITED,Active,Private Limited Company,1960-12-15,66,NG7 7HS,Nottingham,East Midlands,46390,"Non-specialised wholesale of food, beverages and tobacco",,Wholesale & Retail Trade,2026-10-31,0,2027-01-04,2026-09-01
00678990,GOOD BOY PET FOODS LIMITED,Active,Private Limited Company,1960-12-28,66,NG8 6AS,Broxtowe,East Midlands,99999,Dormant Company,,Extraterritorial Organisations,2027-06-30,0,2026-11-08,2026-09-01
00679178,G W PADLEY VEGETABLES LIMITED,Active,Private Limited Company,1960-12-30,66,NG1 6HH,Nottingham,East Midlands,10390,Other processing and preserving of fruit and vegetables,,Manufacturing,2027-04-30,0,2026-11-24,2026-09-01
00681246,SAUNDERS BROS.(BUILDERS)LIMITED,Active,Private Limited Company,1961-01-20,65,DE74 2GE,Rushcliffe,East Midlands,41202,Construction of domestic buildings,43390,Construction,2026-12-31,0,2027-06-22,2026-09-01
00681376,CROFT MOTORS LIMITED,Active,Private Limited Company,1961-01-23,65,NG1 5GF,Nottingham,East Midlands,25110,Manufacture of metal structures and parts of structures,25620,Manufacturing,2027-07-31,0,2026-12-21,2026-09-01
00683566,CROSSCOMPANY LTD,Active,Private Limited Company,1961-02-16,65,NG4 3HP,Gedling,East Midlands,68100,Buying and selling of own real estate,68209,Real Estate Activities,2027-02-28,0,2026-09-18,2026-09-01
00687234,"WINNS & CO.,(NOTTINGHAM)LIMITED",Active,Private Limited Company,1961-03-21,65,NG5 1AP,Nottingham,East Midlands,47990,"Other retail sale not in stores, stalls or markets",,Wholesale & Retail Trade,2026-12-31,0,2027-02-09,2026-09-01
00687510,LUPETA ESTATES LIMITED,Active,Private Limited Company,1961-03-23,65,NG5 6LF,Gedling,East Midlands,68209,Other letting and operating of own or leased real estate,,Real Estate Activities,2026-12-31,0,2026-08-26,2026-09-01
00688000,J. BEELEY COLLINGHAM & SONS LIMITED,Active,Private Limited Company,1961-03-27,65,NG22 8JQ,Newark and Sherwood,East Midlands,01110,"Growing of cereals (except rice), leguminous crops and oil seeds",,"Agriculture, Forestry & Fishing",2027-01-05,0,2027-07-15,2026-09-01
00688790,TK ELEVATOR UK LIMITED,Active,Private Limited Company,1961-04-05,65,NG15 7LL,Ashfield,East Midlands,30990,Manufacture of other transport equipment n.e.c.,33170,Manufacturing,2027-06-30,0,2027-02-25,2026-09-01
00689754,WELBECK ESTATES COMPANY LIMITED(THE),Active,Private Limited Company,1961-04-13,65,S80 3LL,Bassetlaw,East Midlands,68209,Other letting and operating of own or leased real estate,,Real Estate Activities,2026-12-31,0,2027-02-05,2026-09-01
00691607,A.CAMM LIMITED,Active,Private Limited Company,1961-05-04,65,NG1 6GN,Nottingham,East Midlands,68209,Other letting and operating of own or leased real estate,,Real Estate Activities,2027-01-31,0,2027-08-14,2026-09-01
00693258,MACHINS TRANSPORT (SURFLEET) LIMITED,Active,Private Limited Company,1961-05-19,65,NG1 2AS,Nottingham,East Midlands,6024,Freight transport by road,,Not classified (legacy SIC 2003 code - not migrated),1993-04-30,1,,2026-09-01
00693812,NEW CROWN SHARPES LIMITED,Active,Private Limited Company,1961-05-29,65,NG1 5GF,Nottingham,East Midlands,68320,Management of real estate on a fee or contract basis,,Real Estate Activities,2027-09-30,0,2026-10-02,2026-09-01
00694592,WILLETT BROTHERS (CHESTERFIELD) LIMITED,Active,Private Limited Company,1961-06-05,65,S81 8BX,Bassetlaw,East Midlands,68209,Other letting and operating of own or leased real estate,,Real Estate Activities,2026-09-30,0,2027-04-08,2026-09-01
00695678,HOVAL BOILERS LIMITED,Active,Private Limited Company,1961-06-15,65,NG24 1JN,Newark and Sherwood,East Midlands,25210,Manufacture of central heating radiators and boilers,,Manufacturing,2027-12-31,0,2027-07-12,2026-09-01
00695764,L. S. HEASON INVESTMENTS LIMITED,Active,Private Limited Company,1961-06-16,65,NG5 6AB,Gedling,East Midlands,68209,Other letting and operating of own or leased real estate,,Real Estate Activities,2027-06-30,0,2027-06-15,2026-09-01
00695792,COLWICK VALE COACHWORKS LIMITED,Active,Private Limited Company,1961-06-16,65,NG16 1HW,Broxtowe,East Midlands,96090,Other service activities n.e.c.,,Other Service Activities,2027-08-31,0,2027-01-03,2026-09-01
00697823,SPINNEY RISE (INVESTMENTS) LIMITED,Active,Private Limited Company,1961-07-10,65,NG1 4GZ,Nottingham,East Midlands,41202,Construction of domestic buildings,68209,Construction,2026-12-31,0,2027-01-30,2026-09-01
00699143,DENTAL LABORATORIES ASSOCIATION LIMITED(THE),Active,"PRI/LTD BY GUAR/NSC (Private, limited by guarantee, no share capital)",1961-07-24,65,NG9 2NR,Broxtowe,East Midlands,94110,Activities of business and employers membership organizations,,Other Service Activities,2026-12-31,0,2027-05-28,2026-09-01
00700084,ASTRALITE LIMITED,Active,Private Limited Company,1961-08-03,65,NG1 5AQ,Nottingham,East Midlands,64209,Activities of other holding companies n.e.c.,68209,Financial & Insurance Activities,2026-12-31,0,2027-01-14,2026-09-01
00701397,CLUMBER FARM LIMITED,Active,Private Limited Company,1961-08-22,65,S80 3PB,Bassetlaw,East Midlands,01110,"Growing of cereals (except rice), leguminous crops and oil seeds",,"Agriculture, Forestry & Fishing",2027-12-31,0,2026-12-19,2026-09-01
00701875,JOHN A.WELLS LIMITED,Active,Private Limited Company,1961-08-29,65,NG12 4DR,Rushcliffe,East Midlands,01110,"Growing of cereals (except rice), leguminous crops and oil seeds",68209,"Agriculture, Forestry & Fishing",2027-09-30,0,2027-04-19,2026-09-01
00702191,CHARLES LOMAX & SON LIMITED,Active,Private Limited Company,1961-09-01,65,NG8 5AF,Nottingham,East Midlands,46130,Agents involved in the sale of timber and building materials,,Wholesale & Retail Trade,2027-06-30,0,2026-10-24,2026-09-01
00703695,SKIPPER GROUP LIMITED(THE),Active,Private Limited Company,1961-09-20,65,NG15 0DR,Ashfield,East Midlands,74990,Non-trading company,,"Professional, Scientific & Technical",2026-09-30,0,2027-04-14,2026-09-01
00705304,GEORGE HOGG & SON(BUTCHERS)LIMITED,Active,Private Limited Company,1961-10-10,65,NG12 5QQ,Rushcliffe,East Midlands,01420,Raising of other cattle and buffaloes,47220,"Agriculture, Forestry & Fishing",2027-07-31,0,2027-01-14,2026-09-01
00707555,HAROLD WILSON (RISK MANAGEMENT) LIMITED,Active,Private Limited Company,1961-11-07,65,NG7 4HG,Nottingham,East Midlands,74990,Non-trading company,,"Professional, Scientific & Technical",2026-12-31,0,2026-12-04,2026-09-01
00707710,HAROLD WILSON FINANCIAL SERVICES LIMITED,Active,Private Limited Company,1961-11-09,65,NG7 4HG,Nottingham,East Midlands,65110,Life insurance,,Financial & Insurance Activities,2026-12-31,0,2026-12-04,2026-09-01
00710736,MEENO HOLDINGS LIMITED,Active,Private Limited Company,1961-12-15,65,NG9 6RZ,Broxtowe,East Midlands,68100,Buying and selling of own real estate,,Real Estate Activities,2026-12-31,0,2027-08-02,2026-09-01
00715604,KAVELLS MUSHROOM COMPANY LIMITED,Active,Private Limited Company,1962-02-16,64,NG13 9NX,Rushcliffe,East Midlands,68209,Other letting and operating of own or leased real estate,,Real Estate Activities,2026-12-31,0,2026-12-07,2026-09-01
00716485,FABER BLINDS UK LIMITED,Active,Private Limited Company,1962-02-27,64,NG4 2JY,Gedling,East Midlands,32990,Other manufacturing n.e.c.,,Manufacturing,2027-09-30,0,2027-04-14,2026-09-01
00718316,M. J. MARETTE LIMITED,Active,Private Limited Company,1962-03-19,64,NG1 4EN,Nottingham,East Midlands,41100,Development of building projects,,Construction,2027-12-31,0,2027-08-29,2026-09-01
00718645,GILBERTS (FASHIONS) LIMITED,Active,Private Limited Company,1962-03-21,64,NG2 6AB,Rushcliffe,East Midlands,68209,Other letting and operating of own or leased real estate,,Real Estate Activities,2026-12-31,0,2026-12-05,2026-09-01
00719712,TYLER BROS. LIMITED,Active,Private Limited Company,1962-03-29,64,NG17 7ER,Ashfield,East Midlands,25620,Machining,25990,Manufacturing,2026-12-31,0,2027-03-04,2026-09-01
00719833,D. CRESSWELL & SON (ELECTRICIANS) LIMITED,Active,Private Limited Company,1962-03-30,64,NG5 7JD,Gedling,East Midlands,43210,Electrical installation,,Construction,2026-12-31,0,2026-12-07,2026-09-01
00720232,"STADDON & SONS(NOTTINGHAM),LIMITED",Active,Private Limited Company,1962-04-02,64,NG7 5FW,Nottingham,East Midlands,47599,"Retail of furniture, lighting, and similar (not musical instruments or scores) in specialised store",,Wholesale & Retail Trade,2026-10-31,0,2027-06-28,2026-09-01
00720381,JEANNE MARETTE LIMITED,Active,Private Limited Company,1962-04-03,64,NG1 4EN,Nottingham,East Midlands,82990,Other business support service activities n.e.c.,,Administrative & Support Service,2027-12-31,0,2027-07-20,2026-09-01
00720734,DISCO BOWL BIRMINGHAM LTD,Active,Private Limited Company,1962-04-05,64,NG1 1JZ,Nottingham,East Midlands,93120,Activities of sport clubs,93290,"Arts, Entertainment & Recreation",2027-03-31,0,2027-08-26,2026-09-01
00721411,GREENCORE FOOD TO GO LIMITED,Active,Private Limited Company,1962-04-12,64,S80 2RS,Bassetlaw,East Midlands,10850,Manufacture of prepared meals and dishes,10890,Manufacturing,2027-06-30,0,2027-08-15,2026-09-01
00722204,TORBAY & DISTRICT FUNERAL SERVICE LIMITED,Active,Private Limited Company,1962-04-25,64,NG1 6HH,Nottingham,East Midlands,99999,Dormant Company,,Extraterritorial Organisations,2027-06-30,0,2027-04-14,2026-09-01
00723840,A.E.HERBERT LIMITED,Active,Private Limited Company,1962-05-14,64,NG5 1AY,Nottingham,East Midlands,46130,Agents involved in the sale of timber and building materials,"47520, 47789",Wholesale & Retail Trade,2027-06-30,0,2027-09-06,2026-09-01
00725344,GENERAL & INDUSTRIAL WINDOW CLEANING CO. LIMITED,Active,Private Limited Company,1962-05-28,64,S81 7BB,Bassetlaw,East Midlands,81299,Other cleaning services,,Administrative & Support Service,2027-02-28,0,2027-01-14,2026-09-01
00726693,NOTTINGHAMSHIRE RIFLE ASSOCIATION LIMITED,Active,"PRI/LTD BY GUAR/NSC (Private, limited by guarantee, no share capital)",1962-06-12,64,NG12 3AF,Rushcliffe,East Midlands,93120,Activities of sport clubs,,"Arts, Entertainment & Recreation",2026-09-30,0,2026-11-15,2026-09-01
00734396,SAINT-GOBAIN CONSTRUCTION PRODUCTS UK LIMITED,Active,Private Limited Company,1962-09-04,64,LE12 6JU,Rushcliffe,East Midlands,08110,"Quarrying of ornamental and building stone, limestone, gypsum, chalk and slate","23620, 70100",Mining & Quarrying,2026-09-30,0,2027-06-05,2026-09-01
00735083,A.E.CHAMBERS LIMITED,Active,Private Limited Company,1962-09-11,64,NG5 9RA,Nottingham,East Midlands,10130,Production of meat and poultry meat products,47220,Manufacturing,2027-05-31,0,2027-06-04,2026-09-01
00736901,"WINTERBOTHAM,DARBY & CO.LIMITED",Active,Private Limited Company,1962-10-02,64,NG2 1LU,Nottingham,East Midlands,46320,Wholesale of meat and meat products,,Wholesale & Retail Trade,2026-12-31,0,2027-07-12,2026-09-01
00737408,EAST MIDLAND UNITARIANS,Active,"PRI/LTD BY GUAR/NSC (Private, limited by guarantee, no share capital)",1962-10-09,64,NG18 4PG,Mansfield,East Midlands,94910,Activities of religious organizations,,Other Service Activities,2026-12-31,0,2026-11-14,2026-09-01
00741683,MIDLAND INDUSTRIAL DESIGNERS LIMITED,Active,Private Limited Company,1962-11-22,64,NG16 1HD,Broxtowe,East Midlands,28990,Manufacture of other special-purpose machinery n.e.c.,,Manufacturing,2027-08-31,0,2027-02-12,2026-09-01
00744501,DEANS OF NOTTINGHAM PROPERTIES LIMITED,Active,Private Limited Company,1962-12-18,64,NG1 5GF,Nottingham,East Midlands,41100,Development of building projects,,Construction,2027-01-03,0,2027-09-03,2026-09-01
00746953,G. PRITCHARD (WATFORD) LIMITED,Active,Private Limited Company,1963-01-15,63,NG24 1JY,Newark and Sherwood,East Midlands,68209,Other letting and operating of own or leased real estate,,Real Estate Activities,2027-05-31,0,2027-04-23,2026-09-01
00748865,NOTTINGHAMSHIRE WILDLIFE TRUST,Active,"PRI/LTD BY GUAR/NSC (Private, limited by guarantee, no share capital)",1963-02-01,63,NG1 1EA,Nottingham,East Midlands,96090,Other service activities n.e.c.,,Other Service Activities,2026-12-31,0,2027-07-11,2026-09-01
00749079,OAKHAM INVESTMENTS LIMITED,Active,Private Limited Company,1963-02-05,63,NG1 7HR,Nottingham,East Midlands,41100,Development of building projects,,Construction,2027-01-31,0,2027-05-27,2026-09-01
00749966,PRINCE PETROLEUM LIMITED,Active,Private Limited Company,1963-02-13,63,LE14 3BH,Rushcliffe,East Midlands,46711,Wholesale of petroleum and petroleum products,,Wholesale & Retail Trade,2027-03-31,0,2027-03-09,2026-09-01
00751955,PROFESSIONAL TYPING & SERVICE BUREAU LIMITED,Active,Private Limited Company,1963-03-01,63,NG5 1AY,Nottingham,East Midlands,82110,Combined office administrative service activities,,Administrative & Support Service,2027-11-30,0,2027-04-12,2026-09-01
00753954,WILLSONS PRINTERS (NEWARK) LIMITED,Active,Private Limited Company,1963-03-18,63,NG24 1PP,Newark and Sherwood,East Midlands,18129,Printing n.e.c.,,Manufacturing,2027-12-31,0,2027-08-30,2026-09-01
00756539,CARLISLE BROS. (SANDIACRE),Active,Private Unlimited Company,1963-04-04,63,NG3 3FB,Nottingham,East Midlands,64209,Activities of other holding companies n.e.c.,,Financial & Insurance Activities,,0,2027-02-03,2026-09-01
00756920,TRUMAN AVIATION LIMITED,Active,Private Limited Company,1963-04-08,63,NG12 4DR,Rushcliffe,East Midlands,51102,Non-scheduled passenger air transport,68209,Transportation & Storage,2027-07-31,0,2027-05-28,2026-09-01
00757245,THE LAKELAND VILLAGE LIMITED,Active,Private Limited Company,1963-04-10,63,NG24 1AX,Newark and Sherwood,East Midlands,55100,Hotels and similar accommodation,,Accommodation & Food Service,2026-09-30,0,2026-10-15,2026-09-01
00758454,PLANT WELDING HOLDINGS LIMITED,Active,Private Limited Company,1963-04-23,63,NG4 2JW,Gedling,East Midlands,25110,Manufacture of metal structures and parts of structures,,Manufacturing,2027-03-31,0,2027-03-30,2026-09-01
00758524,CLASSIC REWINDS LIMITED,Active,Private Limited Company,1963-04-23,63,NG5 1AP,Nottingham,East Midlands,99999,Dormant Company,,Extraterritorial Organisations,2027-07-31,0,2026-10-14,2026-09-01
00760930,HILLFIELD LAND CO. LIMITED,Active,Private Limited Company,1963-05-15,63,NG9 6RZ,Broxtowe,East Midlands,68100,Buying and selling of own real estate,,Real Estate Activities,2026-12-31,0,2027-08-02,2026-09-01
00764536,CHAS. MASON CONSTRUCTION CO. LIMITED,Active,Private Limited Company,1963-06-18,63,NG21 0HJ,Mansfield,East Midlands,43290,Other construction installation,,Construction,2027-03-31,0,2027-04-14,2026-09-01
00765364,NEVILLE (HORNING) LIMITED,Active,Private Limited Company,1963-06-25,63,NG21 0HJ,Mansfield,East Midlands,68201,Renting and operating of Housing Association real estate,,Real Estate Activities,2027-01-31,0,2026-12-21,2026-09-01
00770023,STRATSTONE SPECIALIST CARS LIMITED,Active,Private Limited Company,1963-08-06,63,NG15 0DR,Ashfield,East Midlands,45111,Sale of new cars and light motor vehicles,,Wholesale & Retail Trade,2026-09-30,0,2027-06-07,2026-09-01
00773207,A.C. BUTLER & SON LIMITED,Active,Private Limited Company,1963-09-06,63,NG3 5JT,Gedling,East Midlands,42990,Construction of other civil engineering projects n.e.c.,,Construction,2027-06-30,0,2027-07-03,2026-09-01
00778026,ASHLEY PEAKE(NOTTINGHAM)LIMITED,Active,Private Limited Company,1963-10-21,63,NG9 2JG,Broxtowe,East Midlands,47789,Other retail sale of new goods in specialised stores (not commercial art galleries and opticians),,Wholesale & Retail Trade,2026-09-29,0,2027-04-12,2026-09-01
00780566,CONCUR,Active,Private Unlimited Company,1963-11-11,63,NG6 8WB,Nottingham,East Midlands,46520,Wholesale of electronic and telecommunications equipment and parts,,Wholesale & Retail Trade,,0,2027-05-12,2026-09-01
00783458,OLIVER C ANDERSON (HOLDINGS) LIMITED,Active,Private Limited Company,1963-12-05,63,NG7 2RR,Nottingham,East Midlands,68209,Other letting and operating of own or leased real estate,,Real Estate Activities,2027-12-31,0,2027-07-02,2026-09-01
00783624,ARTHUR GRESTY LIMITED,Active,Private Limited Company,1963-12-05,63,NG1 6HH,Nottingham,East Midlands,99999,Dormant Company,,Extraterritorial Organisations,2027-06-30,0,2026-12-19,2026-09-01
00783737,JOHN MACNAB SERVICES LIMITED,Active,Private Limited Company,1963-12-06,63,NG2 6BE,Rushcliffe,East Midlands,25620,Machining,,Manufacturing,2027-06-30,0,2026-03-18,2026-09-01
00786396,SPECIALIST PET GROUP LIMITED,Active,Private Limited Company,1964-01-01,62,NG2 6NQ,Rushcliffe,East Midlands,70100,Activities of head offices,74990,"Professional, Scientific & Technical",2027-09-30,0,2027-05-14,2026-09-01
00786973,FIRTH & SCOTT (INSURANCE BROKERS) LIMITED,Active,Private Limited Company,1964-01-06,62,NG5 4HQ,Gedling,East Midlands,65120,Non-life insurance,,Financial & Insurance Activities,2027-09-30,0,2026-11-04,2026-09-01
00787495,RESOURCE AND UTILITY CONTROL LTD,Active,Private Limited Company,1964-01-09,62,NG18 2RL,Mansfield,East Midlands,4533,Plumbing,,Not classified (legacy SIC 2003 code - not migrated),2000-10-31,1,2016-09-13,2026-09-01
00787969,PACT LIMITED,Active,Private Limited Company,1964-01-14,62,NG1 5GF,Nottingham,East Midlands,68201,Renting and operating of Housing Association real estate,,Real Estate Activities,2027-09-30,0,2027-05-21,2026-09-01
00789702,HERICON DEVELOPMENT CO. LIMITED,Active,Private Limited Company,1964-01-28,62,NG25 0HQ,Newark and Sherwood,East Midlands,99999,Dormant Company,,Extraterritorial Organisations,2027-06-30,0,2026-12-01,2026-09-01
00789819,KEN BURROWS LIMITED,Active,Private Limited Company,1964-01-29,62,NG15 7AW,Ashfield,East Midlands,43210,Electrical installation,,Construction,2027-04-30,0,2026-11-27,2026-09-01
00791202,HELLY-HANSEN (U.K.) LIMITED,Active,Private Limited Company,1964-02-07,62,NG8 6AT,Broxtowe,East Midlands,46420,Wholesale of clothing and footwear,47710,Wholesale & Retail Trade,2026-09-30,0,2027-04-19,2026-09-01
00792260,WOOLWRIGHT PROPERTY INVESTMENT COMPANY LIMITED,Active,Private Limited Company,1964-02-18,62,NG1 5HJ,Nottingham,East Midlands,68100,Buying and selling of own real estate,68209,Real Estate Activities,2026-12-31,0,2026-11-02,2026-09-01
00793029,SELBYS OFFICE SUPPLIES LIMITED,Active,Private Limited Company,1964-02-24,62,NG1 7HR,Nottingham,East Midlands,46650,Wholesale of office furniture,,Wholesale & Retail Trade,2026-12-31,0,2026-12-30,2026-09-01
00794803,CHARLES F.BOOTH & SON LIMITED,Active,Private Limited Company,1964-03-06,62,NG7 4HG,Nottingham,East Midlands,65110,Life insurance,,Financial & Insurance Activities,2026-12-31,0,2026-12-04,2026-09-01
00794943,BUZZ GROUP LIMITED,Active,Private Limited Company,1964-03-06,62,NG7 1TN,Nottingham,East Midlands,92000,Gambling and betting activities,,"Arts, Entertainment & Recreation",2026-10-14,0,2027-07-24,2026-09-01
00796402,COTGRAVE SERVICE STATION LIMITED,Active,Private Limited Company,1964-03-16,62,NG12 3HQ,Rushcliffe,East Midlands,47300,Retail sale of automotive fuel in specialised stores,,Wholesale & Retail Trade,2028-01-31,0,2027-05-15,2026-09-01
00797757,REFLEX FLEXIBLE PACKAGING LIMITED,Active,Private Limited Company,1964-03-23,62,NG18 5BU,Mansfield,East Midlands,22220,Manufacture of plastic packing goods,,Manufacturing,2026-11-30,0,2027-01-25,2026-09-01
00798926,K.W.RICHARDS LIMITED,Active,Private Limited Company,1964-04-01,62,NG24 1AX,Newark and Sherwood,East Midlands,64304,Activities of open-ended investment companies,,Financial & Insurance Activities,2027-01-05,0,2027-01-21,2026-09-01
00799596,M.KNOWLES & SONS LIMITED,Active,Private Limited Company,1964-04-03,62,NG14 7BZ,Newark and Sherwood,East Midlands,68209,Other letting and operating of own or leased real estate,,Real Estate Activities,2027-12-31,0,2026-09-10,2026-09-01
00800452,TURNER & WANLESS LIMITED,Active,Private Limited Company,1964-04-10,62,NG5 8LS,Gedling,East Midlands,68209,Other letting and operating of own or leased real estate,,Real Estate Activities,2027-09-30,0,2027-01-26,2026-09-01
00801316,C E COBB & SONS LIMITED,Active,Private Limited Company,1964-04-16,62,NG22 0TQ,Bassetlaw,East Midlands,01500,Mixed farming,"47190, 56102","Agriculture, Forestry & Fishing",2026-12-31,0,2027-02-08,2026-09-01
00801616,BUZZ ENTERTAINMENT LIMITED,Active,Private Limited Company,1964-04-20,62,NG7 1TN,Nottingham,East Midlands,70100,Activities of head offices,,"Professional, Scientific & Technical",2026-10-14,0,2027-01-30,2026-09-01
00805925,MANSFIELD BRICK COMPANY LIMITED,Active,Private Limited Company,1964-05-20,62,NG18 4LF,Mansfield,East Midlands,32990,Other manufacturing n.e.c.,,Manufacturing,2027-09-30,0,2026-09-20,2026-09-01
00806915,CRYSTAL MARTIN INTERNATIONAL LIMITED,Active,Private Limited Company,1964-05-28,62,NG17 1GZ,Ashfield,East Midlands,14132,Manufacture of other women's outerwear,14142,Manufacturing,2027-09-30,0,2027-07-09,2026-09-01
00807062,FLITTERMAN INVESTMENTS LIMITED,Active,Private Limited Company,1964-05-28,62,NG1 6GR,Nottingham,East Midlands,68100,Buying and selling of own real estate,,Real Estate Activities,2026-12-31,0,2027-03-16,2026-09-01
00807292,"J.W.R.BECKITT(HILL FARM,EGMANTON)LIMITED",Active,Private Limited Company,1964-06-01,62,NG22 0NS,Newark and Sherwood,East Midlands,01500,Mixed farming,,"Agriculture, Forestry & Fishing",2026-12-31,0,2027-05-04,2026-09-01
00807493,C.W. MOXON LIMITED,Active,Private Limited Company,1964-06-02,62,S81 8JN,Bassetlaw,East Midlands,49390,Other passenger land transport,,Transportation & Storage,2027-08-31,0,2027-04-08,2026-09-01
00807522,PERHAM COX LIMITED,Active,Private Limited Company,1964-06-02,62,S80 1BN,Bassetlaw,East Midlands,68209,Other letting and operating of own or leased real estate,,Real Estate Activities,2028-01-31,0,2027-07-10,2026-09-01
00808400,E.E.BLYTH & CO LIMITED,Active,Private Limited Company,1964-06-10,62,S81 9LB,Bassetlaw,East Midlands,68209,Other letting and operating of own or leased real estate,70100,Real Estate Activities,2026-12-31,0,2026-09-13,2026-09-01
00808556,BRIDGE PARK PROPERTIES LIMITED,Active,Private Limited Company,1964-06-11,62,NG5 1AP,Nottingham,East Midlands,41100,Development of building projects,,Construction,2027-03-31,0,2027-01-14,2026-09-01
00808759,QD EASTERN LIMITED,Active,Private Limited Company,1964-06-12,62,NG11 6PQ,Rushcliffe,East Midlands,47190,Other retail sale in non-specialised stores,,Wholesale & Retail Trade,2026-11-30,0,2027-08-03,2026-09-01
00809227,R.C. PRIESTLEY & CO. LIMITED,Active,Private Limited Company,1964-06-16,62,NG14 7ED,Newark and Sherwood,East Midlands,41202,Construction of domestic buildings,,Construction,2027-04-30,0,2027-02-12,2026-09-01
00811458,FRANK WATTS (TYRES) LIMITED,Active,Private Limited Company,1964-07-03,62,NG17 1FJ,Ashfield,East Midlands,45200,Maintenance and repair of motor vehicles,,Wholesale & Retail Trade,2027-07-31,0,2026-12-21,2026-09-01
00811797,WOODSEATS MOTORS (SHEFFIELD) LIMITED,Active,Private Limited Company,1964-07-07,62,NG15 0DR,Ashfield,East Midlands,5010,Sale of motor vehicles,,Not classified (legacy SIC 2003 code - not migrated),1997-10-31,1,,2026-09-01
00812264,ERNEST BEXON AND COY. (PRINTERS) LIMITED,Active,Private Limited Company,1964-07-10,62,NG4 4PN,Gedling,East Midlands,18129,Printing n.e.c.,,Manufacturing,2027-08-31,0,2026-10-23,2026-09-01
00812658,HEMPSHILL PROPERTIES LIMITED,Active,Private Limited Company,1964-07-14,62,NG12 3EL,Rushcliffe,East Midlands,64209,Activities of other holding companies n.e.c.,,Financial & Insurance Activities,2027-02-28,0,2027-02-16,2026-09-01
00812993,SOUTH LAWN COURT (GODALMING) RESIDENTS ASSOCIATION LIMITED,Active,Private Limited Company,1964-07-16,62,NG5 6LJ,Gedling,East Midlands,98000,Residents property management,,Households as Employers,2027-06-30,0,2026-10-10,2026-09-01
00819475,MALMIC LACE LIMITED,Active,Private Limited Company,1964-09-14,62,NG6 8NG,Nottingham,East Midlands,13990,Manufacture of other textiles n.e.c.,,Manufacturing,2026-12-31,0,2027-02-26,2026-09-01
00820176,00820176 LIMITED,Active,Private Limited Company,1964-09-21,62,NG5 1AH,Nottingham,East Midlands,,,,Not classified (no SIC code recorded),1999-03-31,1,2017-06-07,2026-09-01
00822682,A. BRATT & SON LIMITED,Active,Private Limited Company,1964-10-12,62,NG7 2SZ,Nottingham,East Midlands,32990,Other manufacturing n.e.c.,,Manufacturing,2027-07-31,0,2027-02-19,2026-09-01
00823742,GEE DIESEL SERVICES LIMITED,Active,Private Limited Company,1964-10-19,62,NG15 7LL,Ashfield,East Midlands,45200,Maintenance and repair of motor vehicles,,Wholesale & Retail Trade,2026-12-31,0,2027-07-13,2026-09-01
00826675,R.W. DERBYSHIRE (ELECTRICAL CONTRACTORS)LIMITED,Active,Private Limited Company,1964-11-10,62,NG18 3LG,Mansfield,East Midlands,43210,Electrical installation,,Construction,2026-09-30,0,2027-07-09,2026-09-01
00826958,NOTTINGHAM ESTATE AGENCY LIMITED,Active,Private Limited Company,1964-11-11,62,NG5 1AG,Nottingham,East Midlands,68310,Real estate agencies,,Real Estate Activities,2027-08-31,0,2027-05-23,2026-09-01
00827330,TIMCON DEVELOPMENT CO.LIMITED,Active,Private Limited Company,1964-11-16,62,NG25 0HQ,Newark and Sherwood,East Midlands,99999,Dormant Company,,Extraterritorial Organisations,2027-06-30,0,2026-12-01,2026-09-01
00829957,TORKARD CONSTRUCTION CO. LIMITED,Active,Private Limited Company,1964-12-04,62,NG5 1AG,Nottingham,East Midlands,68209,Other letting and operating of own or leased real estate,,Real Estate Activities,2027-06-30,0,2027-05-23,2026-09-01
00830356,JANE YOUNG (FASHIONS) LIMITED,Active,Private Limited Company,1964-12-08,62,NG24 1AU,Newark and Sherwood,East Midlands,47710,Retail sale of clothing in specialised stores,,Wholesale & Retail Trade,2026-09-30,0,2027-08-08,2026-09-01
00831186,BOWMANS TRANSPORT (MANSFIELD) LIMITED,Active,Private Limited Company,1964-12-15,62,NG17 2HU,Ashfield,East Midlands,49410,Freight transport by road,,Transportation & Storage,2027-03-31,0,2026-09-16,2026-09-01
00831972,GEO.AKINS(HOLDINGS)LIMITED,Active,Private Limited Company,1964-12-21,62,NG1 1PB,Nottingham,East Midlands,70100,Activities of head offices,,"Professional, Scientific & Technical",2026-09-30,0,2027-02-28,2026-09-01
00833466,SWITHLAND FARMS LIMITED,Active,Private Limited Company,1965-01-06,61,NG5 1AY,Nottingham,East Midlands,01110,"Growing of cereals (except rice), leguminous crops and oil seeds",,"Agriculture, Forestry & Fishing",2027-06-30,0,2027-03-29,2026-09-01
00833993,W.BOOLE(NEW OLLERTON)LIMITED,Active,Private Limited Company,1965-01-12,61,NG18 3DH,Mansfield,East Midlands,47110,"Retail sale in non-specialised stores with food, beverages or tobacco predominating",47620,Wholesale & Retail Trade,2026-12-31,0,2027-05-18,2026-09-01
