postcode,lad_code,region_code
NG1 5GF,E06000018,E12000004
NG1 7AQ,E06000018,E12000004
NG18 5SX,E07000174,E12000004
NG3 5QY,E07000173,E12000004
NG7 3JL,E06000018,E12000004
NG7 5LR,E06000018,E12000004
NG7 7DA,E06000018,E12000004
NG1 5AE,E06000018,E12000004
NG1 5AQ,E06000018,E12000004
NG1 5BG,E06000018,E12000004
NG18 1QH,E07000174,E12000004
NG18 4XL,E07000174,E12000004
NG3 3BG,E06000018,E12000004
NG3 3BQ,E06000018,E12000004
NG7 6HX,E06000018,E12000004
NG7 7BQ,E06000018,E12000004
NG8 3EG,E06000018,E12000004
NG22 0AH,E07000175,E12000004
NG23 5TE,E07000175,E12000004
NG5 5AW,E06000018,E12000004
NG5 5BP,E06000018,E12000004
S81 0DB,E07000171,E12000004
S81 8TP,E07000171,E12000004
NG7 2TA,E06000018,E12000004
NG15 7SW,E07000170,E12000004
NG15 9BD,E07000173,E12000004
NG23 7NR,E07000175,E12000004
S81 0QF,E07000171,E12000004
NG2 6GJ,E07000176,E12000004
NG2 7BA,E07000176,E12000004
NG2 7NW,E07000176,E12000004
NG21 0HJ,E07000174,E12000004
NG4 1AL,E07000173,E12000004
NG5 1NJ,E06000018,E12000004
LE12 5EH,E07000176,E12000004
LE12 6YL,E07000176,E12000004
NG17 1DG,E07000170,E12000004
NG13 8QX,E07000176,E12000004
NG9 2BD,E07000172,E12000004
NG9 2TG,E07000172,E12000004
NG9 6BU,E07000172,E12000004
S80 1QL,E07000171,E12000004
S81 8HD,E07000171,E12000004
NG12 4JY,E07000176,E12000004
NG2 4RN,E06000018,E12000004
NG2 6AB,E07000176,E12000004
NG5 1EB,E06000018,E12000004
NG18 1BL,E07000174,E12000004
NG1 5DT,E06000018,E12000004
NG1 7HR,E06000018,E12000004
NG24 4QQ,E07000175,E12000004
NG3 4GN,E06000018,E12000004
NG3 5AL,E06000018,E12000004
NG8 3EL,E06000018,E12000004
NG24 2AG,E07000175,E12000004
NG12 3DL,E07000176,E12000004
NG13 8BJ,E07000176,E12000004
NG2 6AU,E07000176,E12000004
NG2 7AL,E07000176,E12000004
NG20 0JD,E07000174,E12000004
NG9 6JE,E07000172,E12000004
LE12 6PD,E07000176,E12000004
NG17 2HU,E07000170,E12000004
NG17 8AS,E07000170,E12000004
NG25 0QU,E07000175,E12000004
NG5 7EJ,E07000173,E12000004
NG5 7JL,E07000173,E12000004
NG5 7LT,E07000173,E12000004
NG6 0EL,E06000018,E12000004
S80 2FT,E07000171,E12000004
NG18 3ER,E07000174,E12000004
NG18 5AS,E07000174,E12000004
NG24 3WF,E07000175,E12000004
NG3 5DF,E06000018,E12000004
NG16 3PA,E07000172,E12000004
NG18 4AY,E07000174,E12000004
NG24 2TW,E07000175,E12000004
S80 2HF,E07000171,E12000004
NG21 9DD,E07000175,E12000004
NG22 0QW,E07000171,E12000004
NG9 7AS,E07000172,E12000004
NG1 1HS,E06000018,E12000004
NG1 5FS,E06000018,E12000004
NG21 9AT,E07000175,E12000004
NG24 1NW,E07000175,E12000004
NG4 1JL,E07000173,E12000004
NG5 1FY,E06000018,E12000004
NG9 2TB,E07000172,E12000004
NG9 3AF,E07000172,E12000004
NG9 6HJ,E07000172,E12000004
NG9 7AA,E07000172,E12000004
NG12 5QW,E07000176,E12000004
NG7 5AB,E06000018,E12000004
NG7 6LB,E06000018,E12000004
S81 8HT,E07000171,E12000004
NG14 5DN,E07000173,E12000004
NG15 9HG,E07000173,E12000004
NG16 2FB,E07000172,E12000004
NG16 2LP,E07000172,E12000004
NG19 7GN,E07000174,E12000004
LE12 6XE,E07000176,E12000004
NG1 3BY,E06000018,E12000004
NG1 5AL,E06000018,E12000004
NG1 6DD,E06000018,E12000004
NG17 7DT,E07000170,E12000004
NG5 1DW,E06000018,E12000004
NG9 2NX,E07000172,E12000004
NG1 1DS,E06000018,E12000004
NG1 6JE,E06000018,E12000004
NG24 1LF,E07000175,E12000004
NG5 1AD,E06000018,E12000004
NG5 2EY,E06000018,E12000004
NG9 5NZ,E07000172,E12000004
NG12 4BW,E07000176,E12000004
NG13 8PJ,E07000176,E12000004
NG8 2DT,E06000018,E12000004
NG8 4PP,E06000018,E12000004
NG9 6DZ,E07000172,E12000004
NG9 7AZ,E07000172,E12000004
NG11 8TB,E06000018,E12000004
NG12 2FP,E07000176,E12000004
NG2 7UA,E07000176,E12000004
NG8 3LJ,E06000018,E12000004
NG11 6NR,E07000176,E12000004
NG12 2LE,E07000176,E12000004
NG8 1AS,E06000018,E12000004
NG12 3LP,E07000176,E12000004
NG12 4AP,E07000176,E12000004
NG18 2RL,E07000174,E12000004
NG19 0LN,E07000175,E12000004
NG3 3PG,E06000018,E12000004
NG5 8FS,E07000173,E12000004
NG6 8PP,E06000018,E12000004
NG15 9DH,E07000173,E12000004
NG16 1FL,E07000172,E12000004
NG16 2FT,E07000172,E12000004
NG4 1GP,E07000173,E12000004
NG4 3AS,E07000173,E12000004
NG5 1HE,E06000018,E12000004
NG9 5BQ,E07000172,E12000004
NG19 7EH,E07000174,E12000004
NG5 2JL,E06000018,E12000004
NG5 1FS,E06000018,E12000004
NG12 3EL,E07000176,E12000004
NG13 8AP,E07000176,E12000004
NG3 1GF,E06000018,E12000004
NG3 3PR,E06000018,E12000004
NG6 9AX,E06000018,E12000004
S81 0SA,E07000171,E12000004
NG5 1JG,E06000018,E12000004
NG5 2EL,E06000018,E12000004
NG9 3PU,E07000172,E12000004
NG11 6NJ,E07000176,E12000004
NG12 5QQ,E07000176,E12000004
NG3 2AX,E06000018,E12000004
NG5 9RA,E06000018,E12000004
NG15 9GW,E07000173,E12000004
NG4 3HQ,E07000173,E12000004
NG1 1PZ,E06000018,E12000004
NG1 3AL,E06000018,E12000004
NG18 1HQ,E07000174,E12000004
NG21 9JD,E07000175,E12000004
NG22 0LU,E07000171,E12000004
NG23 7DG,E07000175,E12000004
NG7 3FX,E06000018,E12000004
NG7 3NA,E06000018,E12000004
NG7 5FU,E06000018,E12000004
NG8 4GW,E06000018,E12000004
NG20 0SF,E07000174,E12000004
S80 2EA,E07000171,E12000004
NG11 0LH,E07000176,E12000004
NG17 2DF,E07000170,E12000004
NG17 2DY,E07000170,E12000004
NG18 1AX,E07000174,E12000004
NG7 2SZ,E06000018,E12000004
NG7 7AJ,E06000018,E12000004
NG2 4DF,E06000018,E12000004
NG2 7HH,E07000176,E12000004
NG20 0JW,E07000174,E12000004
NG17 2AA,E07000170,E12000004
NG8 6ET,E06000018,E12000004
NG22 9EX,E07000175,E12000004
NG23 7LL,E07000175,E12000004
NG24 2EL,E07000175,E12000004
NG8 6AF,E06000018,E12000004
NG2 1HJ,E06000018,E12000004
NG21 0PP,E07000175,E12000004
NG12 5ED,E07000176,E12000004
NG2 4FR,E06000018,E12000004
NG2 6JE,E07000176,E12000004
NG18 1NG,E07000174,E12000004
NG22 9BS,E07000175,E12000004
NG8 5FU,E06000018,E12000004
NG12 5HN,E07000176,E12000004
NG13 8FB,E07000176,E12000004
NG2 3GY,E06000018,E12000004
NG2 6DD,E07000176,E12000004
NG2 7JT,E07000176,E12000004
NG4 1AQ,E07000173,E12000004
NG4 3BP,E07000173,E12000004
NG9 5LD,E07000172,E12000004
NG1 1LL,E06000018,E12000004
NG8 5JQ,E06000018,E12000004
NG13 9LA,E07000176,E12000004
NG2 6EP,E07000176,E12000004
NG4 1FN,E07000173,E12000004
NG5 1EF,E06000018,E12000004
NG5 1FD,E06000018,E12000004
NG17 7LJ,E07000170,E12000004
NG7 2PD,E06000018,E12000004
S81 7HN,E07000171,E12000004
NG13 8QD,E07000176,E12000004
NG13 8YE,E07000176,E12000004
NG2 6PQ,E07000176,E12000004
NG4 1RS,E07000173,E12000004
NG9 1GL,E07000172,E12000004
NG9 3BA,E07000172,E12000004
LE12 6PF,E07000176,E12000004
LE12 6YS,E07000176,E12000004
NG17 4BS,E07000170,E12000004
NG17 8LB,E07000170,E12000004
NG14 6JQ,E07000173,E12000004
NG19 8BA,E07000174,E12000004
NG24 3GH,E07000175,E12000004
NG3 3LJ,E06000018,E12000004
NG3 7BE,E06000018,E12000004
NG5 8PG,E07000173,E12000004
NG14 7GS,E07000175,E12000004
NG15 0BL,E07000173,E12000004
NG19 7AY,E07000174,E12000004
NG19 9BG,E07000174,E12000004
NG25 0UN,E07000175,E12000004
NG3 5DS,E06000018,E12000004
NG6 0LY,E06000018,E12000004
NG6 9FJ,E06000018,E12000004
S80 1PD,E07000171,E12000004
NG15 9GR,E07000173,E12000004
NG18 5LW,E07000174,E12000004
NG6 9JF,E06000018,E12000004
NG3 2GY,E06000018,E12000004
NG5 3DT,E06000018,E12000004
NG6 8DX,E06000018,E12000004
NG14 6LT,E07000173,E12000004
NG2 4AG,E06000018,E12000004
NG2 7PL,E07000176,E12000004
NG5 6AT,E07000173,E12000004
S80 1DL,E07000171,E12000004
NG18 5AN,E07000174,E12000004
NG24 3RS,E07000175,E12000004
NG7 3GY,E06000018,E12000004
NG14 7DY,E07000175,E12000004
NG2 7LJ,E07000176,E12000004
NG5 6JE,E07000173,E12000004
LE12 5PD,E07000176,E12000004
NG18 1TQ,E07000174,E12000004
NG18 3HQ,E07000174,E12000004
NG19 8JG,E07000174,E12000004
NG3 5QQ,E07000173,E12000004
NG7 1BD,E06000018,E12000004
NG7 2NF,E06000018,E12000004
NG7 6HS,E06000018,E12000004
NG7 7EQ,E06000018,E12000004
NG7 7FF,E06000018,E12000004
NG8 4BY,E06000018,E12000004
NG21 0LL,E07000175,E12000004
S80 1EB,E07000171,E12000004
S80 1QW,E07000171,E12000004
NG7 2EY,E06000018,E12000004
NG7 5JP,E06000018,E12000004
NG2 6FN,E07000176,E12000004
NG5 7NJ,E07000173,E12000004
NG12 3GY,E07000176,E12000004
NG18 2LN,E07000174,E12000004
NG18 3AS,E07000174,E12000004
NG7 2PZ,E06000018,E12000004
NG8 4HN,E06000018,E12000004
NG1 6DQ,E06000018,E12000004
NG17 7PT,E07000170,E12000004
S81 0LZ,E07000171,E12000004
NG17 3EP,E07000170,E12000004
NG9 1DZ,E07000172,E12000004
NG4 1SJ,E07000173,E12000004
NG1 1GF,E06000018,E12000004
NG1 6FJ,E06000018,E12000004
NG24 1JY,E07000175,E12000004
NG24 1RZ,E07000175,E12000004
NG4 1LX,E07000173,E12000004
NG5 1FG,E06000018,E12000004
NG5 1GB,E06000018,E12000004
NG5 1QH,E06000018,E12000004
NG5 1RL,E06000018,E12000004
NG2 2DW,E06000018,E12000004
NG2 3FN,E06000018,E12000004
NG2 5HY,E07000176,E12000004
NG2 6EZ,E07000176,E12000004
NG2 7SE,E07000176,E12000004
NG6 0FP,E06000018,E12000004
LE12 5NH,E07000176,E12000004
NG18 1QA,E07000174,E12000004
NG13 8YX,E07000176,E12000004
NG17 2HW,E07000170,E12000004
NG17 3FW,E07000170,E12000004
NG18 1JA,E07000174,E12000004
NG21 0WA,E07000174,E12000004
NG22 8NN,E07000175,E12000004
NG5 1GQ,E06000018,E12000004
NG15 8EP,E07000173,E12000004
S80 3FZ,E07000171,E12000004
NG24 4JW,E07000175,E12000004
NG17 4BA,E07000170,E12000004
NG23 6ES,E07000175,E12000004
NG23 7HR,E07000175,E12000004
NG9 2JL,E07000172,E12000004
NG9 3HS,E07000172,E12000004
NG9 7EN,E07000172,E12000004
NG5 6BB,E07000173,E12000004
NG6 8EZ,E06000018,E12000004
NG24 5BJ,E07000175,E12000004
NG3 6BT,E07000173,E12000004
NG3 7FP,E06000018,E12000004
NG13 9JF,E07000176,E12000004
NG16 6JE,E07000170,E12000004
NG9 6RY,E07000172,E12000004
NG9 7HJ,E07000172,E12000004
NG1 1HY,E06000018,E12000004
NG9 3LZ,E07000172,E12000004
NG8 2EF,E06000018,E12000004
NG8 2RF,E06000018,E12000004
NG8 5GJ,E06000018,E12000004
NG8 6GB,E06000018,E12000004
NG7 2AJ,E06000018,E12000004
NG7 5GT,E06000018,E12000004
NG7 6HJ,E06000018,E12000004
NG3 1AR,E06000018,E12000004
NG3 5UR,E07000173,E12000004
NG11 9DF,E06000018,E12000004
NG12 2JR,E07000176,E12000004
NG12 4AS,E07000176,E12000004
NG12 4GB,E07000176,E12000004
NG17 7BJ,E07000170,E12000004
NG24 1HD,E07000175,E12000004
NG9 1JQ,E07000172,E12000004
NG1 3LZ,E06000018,E12000004
NG1 7AR,E06000018,E12000004
NG7 7JG,E06000018,E12000004
NG7 7JN,E06000018,E12000004
NG8 2EW,E06000018,E12000004
NG18 4YE,E07000174,E12000004
NG24 3GG,E07000175,E12000004
NG24 3TN,E07000175,E12000004
NG3 5SX,E07000173,E12000004
NG7 6LW,E06000018,E12000004
NG8 3PF,E06000018,E12000004
NG8 5GG,E06000018,E12000004
NG8 5RR,E06000018,E12000004
NG8 6EU,E06000018,E12000004
NG15 8EN,E07000173,E12000004
NG2 6BT,E07000176,E12000004
NG2 7SJ,E07000176,E12000004
NG12 5DY,E07000176,E12000004
NG12 5QT,E07000176,E12000004
NG18 3DT,E07000174,E12000004
NG19 6TA,E07000174,E12000004
NG3 2HX,E06000018,E12000004
NG3 6HL,E07000173,E12000004
NG7 5LJ,E06000018,E12000004
NG8 3HQ,E06000018,E12000004
LE12 6NB,E07000176,E12000004
NG11 8LT,E06000018,E12000004
NG18 5BU,E07000174,E12000004
NG19 0QZ,E07000174,E12000004
NG19 9NG,E07000174,E12000004
NG8 3AJ,E06000018,E12000004
NG8 6EN,E06000018,E12000004
NG16 2FX,E07000172,E12000004
NG20 0GF,E07000174,E12000004
NG4 4FY,E07000173,E12000004
NG12 3FD,E07000176,E12000004
NG19 6LR,E07000174,E12000004
NG24 3XA,E07000175,E12000004
NG24 4FG,E07000175,E12000004
NG7 5JJ,E06000018,E12000004
NG8 5GW,E06000018,E12000004
NG8 6AW,E07000172,E12000004
NG16 2TA,E07000172,E12000004
NG16 3HE,E07000172,E12000004
NG21 0AS,E07000175,E12000004
S81 9FG,E07000171,E12000004
NG11 6EP,E07000176,E12000004
NG16 6BN,E07000170,E12000004
NG17 2QX,E07000170,E12000004
NG22 9PN,E07000175,E12000004
NG9 2AY,E07000172,E12000004
NG9 7GG,E07000172,E12000004
NG5 6JZ,E07000173,E12000004
NG6 8AH,E06000018,E12000004
NG1 6BH,E06000018,E12000004
NG17 1LZ,E07000170,E12000004
NG17 7DR,E07000170,E12000004
NG23 5NE,E07000175,E12000004
NG9 3EE,E07000172,E12000004
NG9 5DA,E07000172,E12000004
NG5 4GY,E07000173,E12000004
NG1 1EW,E06000018,E12000004
NG1 4HH,E06000018,E12000004
NG17 2DL,E07000170,E12000004
NG6 8DG,E06000018,E12000004
S81 7JT,E07000171,E12000004
NG17 1JN,E07000170,E12000004
NG5 9LU,E06000018,E12000004
NG6 0FN,E06000018,E12000004
NG11 6HA,E07000176,E12000004
NG17 2PD,E07000170,E12000004
NG17 7JZ,E07000170,E12000004
NG22 0QG,E07000171,E12000004
NG5 7GU,E07000173,E12000004
LE12 6AA,E07000176,E12000004
NG16 2SS,E07000172,E12000004
NG2 1JQ,E06000018,E12000004
NG2 4LQ,E06000018,E12000004
NG2 7GR,E07000176,E12000004
NG4 4HY,E07000173,E12000004
NG16 6BJ,E07000170,E12000004
NG22 9PU,E07000175,E12000004
NG24 1BS,E07000175,E12000004
NG5 8RN,E07000173,E12000004
NG16 2WS,E07000172,E12000004
NG1 1DF,E06000018,E12000004
NG16 5FF,E07000170,E12000004
NG17 4NR,E07000170,E12000004
NG6 8AJ,E06000018,E12000004
LE12 6WL,E07000176,E12000004
NG15 8FJ,E07000173,E12000004
NG16 2HL,E07000172,E12000004
NG2 7FS,E07000176,E12000004
NG17 9LF,E07000170,E12000004
NG22 0BS,E07000175,E12000004
NG22 0FQ,E07000171,E12000004
NG5 3DE,E06000018,E12000004
NG5 8GJ,E07000173,E12000004
NG6 9EW,E06000018,E12000004
NG2 7EA,E07000176,E12000004
NG20 9PW,E07000174,E12000004
NG12 2DZ,E07000176,E12000004
NG18 2PR,E07000174,E12000004
NG3 1GE,E06000018,E12000004
NG7 4FL,E06000018,E12000004
NG8 2QP,E06000018,E12000004
NG8 3GD,E06000018,E12000004
NG7 5NL,E06000018,E12000004
NG8 1AN,E06000018,E12000004
NG8 3PQ,E06000018,E12000004
NG18 4RQ,E07000174,E12000004
NG24 2GR,E07000175,E12000004
NG7 1ED,E06000018,E12000004
NG8 2FB,E06000018,E12000004
NG24 3BP,E07000175,E12000004
S80 1DX,E07000171,E12000004
NG7 5PD,E06000018,E12000004
NG16 2WJ,E07000172,E12000004
NG9 6HQ,E07000172,E12000004
NG17 1BW,E07000170,E12000004
NG17 3AA,E07000170,E12000004
NG3 5RW,E07000173,E12000004
NG7 2LU,E06000018,E12000004
NG8 2DE,E06000018,E12000004
NG8 3LF,E06000018,E12000004
NG15 0AA,E07000170,E12000004
NG15 0AY,E07000170,E12000004
NG21 9GY,E07000175,E12000004
NG19 0FS,E07000174,E12000004
NG19 9RE,E07000174,E12000004
NG9 8EH,E07000172,E12000004
NG15 0DA,E07000170,E12000004
NG16 3DG,E07000172,E12000004
NG23 5JS,E07000175,E12000004
NG12 2PL,E07000176,E12000004
NG24 3EW,E07000175,E12000004
NG3 6BA,E07000173,E12000004
NG23 6PX,E07000175,E12000004
NG12 2AE,E07000176,E12000004
NG12 3DG,E07000176,E12000004
NG12 4FB,E07000176,E12000004
NG13 9PL,E07000176,E12000004
NG18 2LT,E07000174,E12000004
NG19 6TE,E07000174,E12000004
NG17 1JB,E07000170,E12000004
NG7 1PE,E06000018,E12000004
NG8 1QB,E06000018,E12000004
NG8 2NQ,E06000018,E12000004
S81 9NH,E07000171,E12000004
NG6 7FD,E06000018,E12000004
NG6 7GG,E06000018,E12000004
NG1 6FQ,E06000018,E12000004
NG5 4AL,E06000018,E12000004
NG5 4GQ,E07000173,E12000004
S80 2AR,E07000171,E12000004
NG2 6UE,E07000176,E12000004
NG5 5ED,E06000018,E12000004
NG5 7DR,E07000173,E12000004
NG5 9ED,E06000018,E12000004
S80 1DT,E07000171,E12000004
NG17 7PF,E07000170,E12000004
NG24 3AE,E07000175,E12000004
NG3 3AT,E06000018,E12000004
NG7 1DA,E06000018,E12000004
NG8 3DP,E06000018,E12000004
NG11 6LA,E07000176,E12000004
NG5 3GE,E06000018,E12000004
S80 3RD,E07000171,E12000004
NG8 5GY,E06000018,E12000004
NG8 5RE,E06000018,E12000004
NG17 8SD,E07000170,E12000004
NG23 7QS,E07000175,E12000004
S81 7RD,E07000171,E12000004
NG3 4GH,E06000018,E12000004
NG3 6EW,E07000173,E12000004
NG7 7FQ,E06000018,E12000004
NG8 2SS,E06000018,E12000004
NG21 9RW,E07000175,E12000004
NG22 0LJ,E07000171,E12000004
NG6 8ET,E06000018,E12000004
S81 9DA,E07000171,E12000004
LE12 5PQ,E07000176,E12000004
NG15 8JA,E07000170,E12000004
NG2 5AJ,E07000176,E12000004
NG2 6BB,E07000176,E12000004
NG4 1AF,E07000173,E12000004
NG5 2FD,E06000018,E12000004
NG24 3XG,E07000175,E12000004
NG3 7EG,E06000018,E12000004
NG7 7JT,E06000018,E12000004
NG8 5AL,E06000018,E12000004
NG8 5GB,E06000018,E12000004
NG17 1GS,E07000170,E12000004
NG5 4AT,E07000173,E12000004
NG5 7HU,E07000173,E12000004
NG5 8JY,E07000173,E12000004
NG12 3AG,E07000176,E12000004
NG12 5ET,E07000176,E12000004
NG18 3NP,E07000174,E12000004
NG9 1LE,E07000172,E12000004
NG9 3NY,E07000172,E12000004
NG25 0HX,E07000175,E12000004
NG25 0UP,E07000175,E12000004
NG3 5RS,E07000173,E12000004
NG7 3BX,E06000018,E12000004
NG7 7AQ,E06000018,E12000004
NG8 5JT,E06000018,E12000004
NG8 6FF,E06000018,E12000004
NG1 1PY,E06000018,E12000004
NG1 3FN,E06000018,E12000004
NG1 6AJ,E06000018,E12000004
NG1 6HQ,E06000018,E12000004
NG17 2JA,E07000170,E12000004
NG24 1SS,E07000175,E12000004
NG5 4FX,E07000173,E12000004
NG5 6BG,E07000173,E12000004
NG6 8BN,E06000018,E12000004
LE12 6NJ,E07000176,E12000004
NG16 1BQ,E07000172,E12000004
NG4 3JP,E07000173,E12000004
NG4 4QD,E07000173,E12000004
NG5 2FR,E06000018,E12000004
NG11 7AA,E06000018,E12000004
NG19 6NU,E07000174,E12000004
NG14 6EF,E07000173,E12000004
NG2 4AD,E06000018,E12000004
NG2 5DT,E07000176,E12000004
NG21 0DG,E07000174,E12000004
NG12 3DU,E07000176,E12000004
NG12 5RG,E07000176,E12000004
NG18 4GD,E07000174,E12000004
NG9 8DL,E07000172,E12000004
NG15 9HH,E07000173,E12000004
NG2 5LN,E07000176,E12000004
NG2 6HL,E07000176,E12000004
NG2 7JZ,E07000176,E12000004
NG20 0AG,E07000174,E12000004
NG11 7FF,E06000018,E12000004
NG9 3FW,E07000172,E12000004
NG9 7AY,E07000172,E12000004
NG17 1DW,E07000170,E12000004
NG22 0AD,E07000175,E12000004
NG24 1TZ,E07000175,E12000004
NG5 1DZ,E06000018,E12000004
NG5 2BE,E06000018,E12000004
NG5 2EH,E06000018,E12000004
NG9 3JW,E07000172,E12000004
NG12 4DG,E07000176,E12000004
NG18 2AE,E07000174,E12000004
NG18 3FS,E07000174,E12000004
NG1 3AP,E06000018,E12000004
NG1 5BQ,E06000018,E12000004
NG2 4FS,E06000018,E12000004
NG9 4FH,E07000172,E12000004
NG11 6SF,E07000176,E12000004
NG12 1AU,E07000176,E12000004
NG13 8LE,E07000176,E12000004
NG13 9DL,E07000176,E12000004
NG1 5BS,E06000018,E12000004
NG1 6EE,E06000018,E12000004
NG1 6FG,E06000018,E12000004
NG16 5FX,E07000170,E12000004
NG17 7AB,E07000170,E12000004
NG17 7QL,E07000170,E12000004
NG18 1BN,E07000174,E12000004
NG23 6QS,E07000175,E12000004
NG9 7JQ,E07000172,E12000004
S80 1JA,E07000171,E12000004
LE12 6HD,E07000176,E12000004
NG11 6NL,E07000176,E12000004
NG13 8BQ,E07000176,E12000004
NG19 8EX,E07000174,E12000004
NG11 6FU,E07000176,E12000004
NG14 6DG,E07000173,E12000004
NG7 1FN,E06000018,E12000004
NG7 5EH,E06000018,E12000004
NG8 6PY,E06000018,E12000004
NG17 2JQ,E07000170,E12000004
NG4 3JJ,E07000173,E12000004
NG5 1NL,E06000018,E12000004
NG9 1ES,E07000172,E12000004
NG9 5BE,E07000172,E12000004
NG13 8PE,E07000176,E12000004
NG1 2AS,E06000018,E12000004
NG15 7AW,E07000170,E12000004
NG15 7LD,E07000170,E12000004
NG15 8BN,E07000170,E12000004
NG2 3DR,E06000018,E12000004
NG2 4BG,E06000018,E12000004
NG2 6PS,E07000176,E12000004
NG7 1BB,E06000018,E12000004
NG7 2AU,E06000018,E12000004
NG7 3HG,E06000018,E12000004
NG7 5NN,E06000018,E12000004
NG7 6AQ,E06000018,E12000004
NG7 6LL,E06000018,E12000004
NG8 1FW,E06000018,E12000004
NG8 2NR,E06000018,E12000004
NG8 6GQ,E06000018,E12000004
NG2 7JQ,E07000176,E12000004
NG7 1DX,E06000018,E12000004
NG7 6PX,E06000018,E12000004
NG8 5RF,E06000018,E12000004
NG25 0DN,E07000175,E12000004
S81 0DE,E07000171,E12000004
NG3 6GD,E07000173,E12000004
NG6 9AA,E06000018,E12000004
NG7 1AN,E06000018,E12000004
S81 9SZ,E07000171,E12000004
NG3 5HP,E06000018,E12000004
NG3 6EX,E07000173,E12000004
NG3 5JR,E07000173,E12000004
NG5 3BG,E06000018,E12000004
NG5 4AQ,E06000018,E12000004
NG5 4BD,E06000018,E12000004
NG5 6BH,E07000173,E12000004
NG6 8SF,E06000018,E12000004
S81 7AL,E07000171,E12000004
NG16 1DZ,E07000172,E12000004
NG5 8BH,E07000173,E12000004
NG6 8NF,E06000018,E12000004
NG1 6HE,E06000018,E12000004
NG18 5PN,E07000174,E12000004
NG19 6JG,E07000174,E12000004
NG9 7BT,E07000172,E12000004
NG15 9EF,E07000173,E12000004
NG22 8PY,E07000175,E12000004
NG23 5LB,E07000176,E12000004
NG24 1UH,E07000175,E12000004
NG5 5NZ,E06000018,E12000004
NG5 6LH,E07000173,E12000004
NG6 8EH,E06000018,E12000004
S80 2AY,E07000171,E12000004
NG1 1QF,E06000018,E12000004
NG18 5DN,E07000174,E12000004
NG19 7DW,E07000174,E12000004
NG9 8AA,E07000172,E12000004
NG11 7EP,E07000176,E12000004
NG2 2EX,E06000018,E12000004
NG2 7QZ,E07000176,E12000004
NG4 3GQ,E07000173,E12000004
NG16 2SN,E07000172,E12000004
NG21 9AU,E07000175,E12000004
NG21 9PR,E07000175,E12000004
NG24 1TW,E07000175,E12000004
NG5 5NP,E06000018,E12000004
NG5 6LN,E07000173,E12000004
NG1 6GR,E06000018,E12000004
NG18 5JP,E07000174,E12000004
NG2 7LA,E07000176,E12000004
NG2 7PS,E07000176,E12000004
NG20 0JR,E07000174,E12000004
NG5 1GA,E06000018,E12000004
NG5 1NH,E06000018,E12000004
NG5 2DQ,E06000018,E12000004
NG3 5AQ,E06000018,E12000004
NG7 2RR,E06000018,E12000004
NG7 2UL,E06000018,E12000004
NG7 6AX,E06000018,E12000004
NG8 3NP,E06000018,E12000004
NG17 1BT,E07000170,E12000004
NG17 5AL,E07000170,E12000004
NG3 3AP,E06000018,E12000004
NG3 5US,E07000173,E12000004
NG7 3DW,E06000018,E12000004
NG8 6PE,E07000172,E12000004
NG3 5AS,E06000018,E12000004
NG7 4GJ,E06000018,E12000004
NG7 6FZ,E06000018,E12000004
NG7 7DH,E06000018,E12000004
NG8 6PX,E06000018,E12000004
NG14 7AQ,E07000175,E12000004
NG22 8BB,E07000175,E12000004
NG7 1AU,E06000018,E12000004
NG11 6AY,E07000176,E12000004
NG18 2HY,E07000174,E12000004
NG18 4YW,E07000174,E12000004
NG18 5FB,E07000174,E12000004
NG12 4DJ,E07000176,E12000004
NG2 6SU,E07000176,E12000004
NG18 1NJ,E07000174,E12000004
NG3 5QG,E06000018,E12000004
NG3 7FQ,E06000018,E12000004
NG7 1EX,E06000018,E12000004
NG7 6LR,E06000018,E12000004
NG8 6DQ,E06000018,E12000004
NG5 1FX,E06000018,E12000004
NG19 6NA,E07000174,E12000004
NG19 6NG,E07000174,E12000004
NG19 8AB,E07000174,E12000004
NG8 4HD,E06000018,E12000004
NG9 6BE,E07000172,E12000004
S81 7FA,E07000171,E12000004
NG12 4ED,E07000176,E12000004
NG18 4ZE,E07000174,E12000004
NG19 7EW,E07000174,E12000004
NG19 9EY,E07000174,E12000004
NG7 5NH,E06000018,E12000004
NG7 5QX,E06000018,E12000004
NG7 1QD,E06000018,E12000004
NG8 5NY,E06000018,E12000004
LE14 3AJ,E07000176,E12000004
NG5 2EJ,E06000018,E12000004
NG9 2GF,E06000018,E12000004
NG9 3DX,E07000172,E12000004
NG9 6RZ,E07000172,E12000004
NG18 4UQ,E07000174,E12000004
NG18 5AE,E07000174,E12000004
NG18 5ER,E07000174,E12000004
NG16 2QA,E07000172,E12000004
NG17 8HQ,E07000170,E12000004
NG22 0PQ,E07000171,E12000004
NG3 2GG,E06000018,E12000004
NG6 0HY,E06000018,E12000004
NG1 4JA,E06000018,E12000004
NG1 6FW,E06000018,E12000004
NG1 7FE,E06000018,E12000004
NG17 2NL,E07000170,E12000004
NG22 9EY,E07000171,E12000004
NG25 0TX,E07000175,E12000004
NG3 3AR,E06000018,E12000004
NG5 6FX,E06000018,E12000004
NG16 2ES,E07000172,E12000004
NG16 2FD,E07000172,E12000004
S80 2EG,E07000171,E12000004
NG1 6GN,E06000018,E12000004
NG1 6HX,E06000018,E12000004
NG17 4DR,E07000170,E12000004
NG18 1AL,E07000174,E12000004
NG3 2QG,E06000018,E12000004
NG15 8BT,E07000170,E12000004
NG16 2RS,E07000172,E12000004
NG21 9AD,E07000175,E12000004
NG23 7DB,E07000175,E12000004
NG24 3AR,E07000175,E12000004
NG24 3JP,E07000175,E12000004
NG3 5JT,E07000173,E12000004
NG5 5UZ,E06000018,E12000004
NG6 7AH,E06000018,E12000004
NG12 4BQ,E07000176,E12000004
NG13 8GA,E07000176,E12000004
NG17 2AG,E07000170,E12000004
NG3 1ED,E06000018,E12000004
NG3 6AL,E07000173,E12000004
NG4 1ED,E07000173,E12000004
NG9 1LQ,E07000172,E12000004
NG14 7JX,E07000175,E12000004
NG15 8BG,E07000170,E12000004
S80 1QS,E07000171,E12000004
NG5 6LQ,E07000173,E12000004
NG11 6NZ,E07000176,E12000004
NG17 7DF,E07000170,E12000004
NG2 5DQ,E07000176,E12000004
NG2 6SR,E07000176,E12000004
NG3 6BQ,E07000173,E12000004
LE12 6UX,E07000176,E12000004
NG14 5AR,E07000173,E12000004
NG16 3GH,E07000172,E12000004
S80 2FS,E07000171,E12000004
NG2 7DA,E07000176,E12000004
NG2 7ES,E07000176,E12000004
NG2 7SX,E07000176,E12000004
NG4 2DJ,E07000173,E12000004
NG15 6EL,E07000170,E12000004
NG15 8FE,E07000173,E12000004
NG15 8GE,E07000173,E12000004
NG22 0QJ,E07000171,E12000004
NG7 2AB,E06000018,E12000004
NG7 2NZ,E06000018,E12000004
NG7 5QS,E06000018,E12000004
NG7 5QU,E06000018,E12000004
NG16 5GX,E07000170,E12000004
NG2 5JQ,E07000176,E12000004
NG2 7NL,E07000176,E12000004
NG3 5HG,E06000018,E12000004
NG5 1DP,E06000018,E12000004
NG15 7WA,E07000170,E12000004
NG7 2AQ,E06000018,E12000004
NG8 4DB,E06000018,E12000004
NG8 5EP,E06000018,E12000004
NG21 9HU,E07000175,E12000004
NG24 2EJ,E07000175,E12000004
NG8 1JQ,E06000018,E12000004
NG8 3AL,E06000018,E12000004
NG5 4HU,E07000173,E12000004
NG6 0BJ,E06000018,E12000004
NG6 7FE,E06000018,E12000004
NG18 4LJ,E07000174,E12000004
NG18 4LP,E07000174,E12000004
NG18 5PH,E07000174,E12000004
NG24 1SN,E07000175,E12000004
NG7 3GX,E06000018,E12000004
NG8 1LA,E06000018,E12000004
NG8 1PA,E06000018,E12000004
NG8 4FR,E06000018,E12000004
NG9 4BE,E07000172,E12000004
NG9 6RU,E07000172,E12000004
NG2 7SS,E07000176,E12000004
S81 8AD,E07000171,E12000004
NG9 7JE,E07000172,E12000004
NG14 6DA,E07000173,E12000004
NG15 0DT,E07000170,E12000004
NG16 1PZ,E07000172,E12000004
NG13 8SN,E07000176,E12000004
NG18 6AT,E07000174,E12000004
NG19 7SB,E07000174,E12000004
NG24 4FH,E07000175,E12000004
NG25 0FX,E07000175,E12000004
NG6 0DA,E06000018,E12000004
NG6 0DZ,E06000018,E12000004
NG18 3SU,E07000174,E12000004
NG2 1AH,E06000018,E12000004
NG24 2NN,E07000175,E12000004
NG17 4EX,E07000170,E12000004
NG17 4FT,E07000170,E12000004
NG22 8NZ,E07000175,E12000004
NG23 6SE,E07000175,E12000004
NG4 2DL,E07000173,E12000004
NG4 3JA,E07000173,E12000004
S80 2BL,E07000171,E12000004
NG11 6LN,E07000176,E12000004
NG16 5HY,E07000170,E12000004
NG17 5GN,E07000170,E12000004
NG22 8SY,E07000175,E12000004
LE12 6SZ,E07000176,E12000004
NG14 5JB,E07000173,E12000004
NG2 7LY,E07000176,E12000004
NG2 7NR,E07000176,E12000004
NG20 8YH,E07000174,E12000004
NG7 3DU,E06000018,E12000004
NG7 3JR,E06000018,E12000004
NG8 1JW,E06000018,E12000004
S81 9FQ,E07000171,E12000004
NG12 3EQ,E07000176,E12000004
NG18 3JD,E07000174,E12000004
NG18 4QZ,E07000174,E12000004
NG19 7AR,E07000174,E12000004
NG25 0DX,E07000175,E12000004
NG3 5QR,E07000173,E12000004
NG5 5SP,E06000018,E12000004
NG5 6QW,E07000173,E12000004
NG5 7LW,E07000173,E12000004
NG16 6FT,E07000170,E12000004
NG21 9QR,E07000175,E12000004
NG22 8PQ,E07000175,E12000004
NG24 1NH,E07000175,E12000004
NG4 3FY,E07000173,E12000004
NG4 3JF,E07000173,E12000004
NG9 2UZ,E07000172,E12000004
NG15 9JW,E07000173,E12000004
NG2 4BW,E06000018,E12000004
NG2 6EW,E07000176,E12000004
NG7 6GA,E06000018,E12000004
NG8 2BP,E06000018,E12000004
NG9 1AE,E07000172,E12000004
NG24 2FX,E07000175,E12000004
NG24 4SP,E07000175,E12000004
NG3 4FH,E06000018,E12000004
NG3 5PT,E07000173,E12000004
NG5 4AY,E06000018,E12000004
NG5 5HN,E06000018,E12000004
NG5 7FJ,E07000173,E12000004
NG5 7LJ,E07000173,E12000004
NG5 8FB,E07000173,E12000004
NG17 7LF,E07000170,E12000004
NG4 2DU,E07000173,E12000004
NG15 9JN,E07000173,E12000004
NG2 3AS,E06000018,E12000004
NG9 2TJ,E07000172,E12000004
LE14 3BQ,E07000176,E12000004
NG11 7FA,E06000018,E12000004
NG11 8SG,E06000018,E12000004
NG18 3NN,E07000174,E12000004
NG1 5HR,E06000018,E12000004
NG15 7HH,E07000170,E12000004
NG15 7NY,E07000170,E12000004
NG2 6SN,E07000176,E12000004
NG2 7TE,E07000176,E12000004
NG5 1DT,E06000018,E12000004
S81 7NE,E07000171,E12000004
LE14 3AE,E07000176,E12000004
NG16 1RG,E07000172,E12000004
NG16 2LQ,E07000172,E12000004
NG21 0RF,E07000175,E12000004
NG4 2JX,E07000173,E12000004
NG4 3RT,E07000173,E12000004
NG9 6NL,E07000172,E12000004
NG12 4LU,E07000176,E12000004
NG13 9BZ,E07000176,E12000004
NG19 0EN,E07000174,E12000004
NG8 1FS,E06000018,E12000004
NG8 6JD,E06000018,E12000004
NG16 5GQ,E07000170,E12000004
NG17 8RN,E07000170,E12000004
LE12 6XF,E07000176,E12000004
NG25 0HY,E07000175,E12000004
NG17 8DH,E07000170,E12000004
NG5 5LQ,E06000018,E12000004
NG5 8JJ,E07000173,E12000004
NG11 8GH,E06000018,E12000004
NG12 3HB,E07000176,E12000004
NG12 3RD,E07000176,E12000004
NG18 2DP,E07000174,E12000004
NG7 3DB,E06000018,E12000004
NG8 4PS,E06000018,E12000004
NG8 5GS,E06000018,E12000004
NG25 0SY,E07000175,E12000004
NG3 3PQ,E06000018,E12000004
NG3 6ER,E07000173,E12000004
NG15 6DP,E07000170,E12000004
NG16 2DP,E07000172,E12000004
NG2 1NE,E06000018,E12000004
NG2 7FN,E07000176,E12000004
NG9 2SF,E06000018,E12000004
NG11 6HH,E07000176,E12000004
NG17 2NR,E07000170,E12000004
NG12 4GU,E07000176,E12000004
NG12 5FD,E07000176,E12000004
NG13 8AJ,E07000176,E12000004
NG19 7GG,E07000174,E12000004
NG19 7NN,E07000174,E12000004
NG7 2AL,E06000018,E12000004
NG7 6HY,E06000018,E12000004
NG8 6FQ,E06000018,E12000004
NG16 2RN,E07000172,E12000004
NG2 7UJ,E07000176,E12000004
NG9 8BU,E07000172,E12000004
NG18 4SG,E07000174,E12000004
NG5 5ST,E06000018,E12000004
NG5 7DF,E07000173,E12000004
NG16 2EH,E07000172,E12000004
NG2 7DR,E07000176,E12000004
NG25 0EH,E07000175,E12000004
NG5 5AS,E06000018,E12000004
NG6 7AQ,E06000018,E12000004
NG15 0EH,E07000170,E12000004
NG15 9GH,E07000173,E12000004
NG2 7DB,E07000176,E12000004
NG9 3AU,E07000172,E12000004
NG9 3PS,E07000172,E12000004
NG12 5HY,E07000176,E12000004
NG15 6FY,E07000170,E12000004
NG2 3EJ,E06000018,E12000004
NG2 7TQ,E07000176,E12000004
NG9 2NH,E07000172,E12000004
S81 0NZ,E07000171,E12000004
NG18 5LL,E07000174,E12000004
NG18 5NY,E07000174,E12000004
NG3 2BE,E06000018,E12000004
NG3 6ES,E07000173,E12000004
NG5 5GR,E06000018,E12000004
NG11 6JS,E07000176,E12000004
NG23 6DN,E07000175,E12000004
NG24 1NJ,E07000175,E12000004
NG24 2DE,E07000175,E12000004
NG24 2EQ,E07000175,E12000004
NG7 3QA,E06000018,E12000004
NG7 7GN,E06000018,E12000004
NG19 6TZ,E07000174,E12000004
NG5 3GH,E06000018,E12000004
NG5 6JN,E07000173,E12000004
NG16 6JA,E07000170,E12000004
NG22 0TA,E07000171,E12000004
NG4 2EL,E07000173,E12000004
NG1 4DB,E06000018,E12000004
NG16 6BP,E07000170,E12000004
NG17 2DQ,E07000170,E12000004
NG17 3JQ,E07000170,E12000004
NG17 8DY,E07000170,E12000004
NG23 7BD,E07000175,E12000004
NG5 1NR,E06000018,E12000004
NG7 6FW,E06000018,E12000004
S80 2DQ,E07000171,E12000004
S80 3LG,E07000171,E12000004
S80 3LR,E07000171,E12000004
NG1 2EA,E06000018,E12000004
NG1 3LY,E06000018,E12000004
NG17 3JE,E07000170,E12000004
NG17 3LS,E07000170,E12000004
NG17 4EH,E07000170,E12000004
NG22 8JP,E07000175,E12000004
NG24 1EY,E07000175,E12000004
NG4 2PX,E07000173,E12000004
NG7 5QE,E06000018,E12000004
S80 1JS,E07000171,E12000004
NG18 4WN,E07000174,E12000004
NG18 5EP,E07000174,E12000004
NG24 4UW,E07000175,E12000004
NG25 0JA,E07000175,E12000004
NG25 0PL,E07000175,E12000004
NG3 7ED,E06000018,E12000004
NG3 7AF,E06000018,E12000004
NG5 4FJ,E07000173,E12000004
NG5 6PD,E07000173,E12000004
NG6 8RA,E06000018,E12000004
S80 1HS,E07000171,E12000004
NG16 6ED,E07000170,E12000004
NG17 7NX,E07000170,E12000004
NG1 2GJ,E06000018,E12000004
NG2 4HJ,E06000018,E12000004
NG2 7ZJ,E07000176,E12000004
NG19 8JE,E07000174,E12000004
NG3 2BT,E06000018,E12000004
NG5 4EH,E06000018,E12000004
NG18 1AN,E07000174,E12000004
NG1 6EP,E06000018,E12000004
NG2 7QW,E07000176,E12000004
NG2 7UH,E07000176,E12000004
NG7 6AY,E06000018,E12000004
NG2 2FN,E06000018,E12000004
NG20 0EP,E07000174,E12000004
NG20 0PL,E07000174,E12000004
NG21 0AW,E07000175,E12000004
NG11 8SJ,E06000018,E12000004
NG12 2AG,E07000176,E12000004
NG12 3TP,E07000176,E12000004
NG14 6QD,E07000173,E12000004
NG15 7RN,E07000170,E12000004
NG23 6DJ,E07000175,E12000004
NG4 3NP,E07000173,E12000004
NG9 3GJ,E07000172,E12000004
NG9 3PZ,E07000172,E12000004
NG16 2RP,E07000172,E12000004
NG23 6QA,E07000175,E12000004
NG24 2EU,E07000175,E12000004
NG7 6NQ,E06000018,E12000004
NG8 5PU,E06000018,E12000004
NG8 5SG,E06000018,E12000004
NG8 6PZ,E06000018,E12000004
NG11 9NG,E06000018,E12000004
NG16 1QD,E07000172,E12000004
NG22 8UA,E07000175,E12000004
NG23 7DJ,E07000175,E12000004
NG23 7RL,E07000175,E12000004
NG9 3HF,E07000172,E12000004
NG18 5DL,E07000174,E12000004
NG18 5LQ,E07000174,E12000004
NG19 6TD,E07000174,E12000004
NG19 7DS,E07000174,E12000004
NG19 7JZ,E07000174,E12000004
NG25 0FU,E07000175,E12000004
NG3 7GU,E06000018,E12000004
NG5 3AR,E06000018,E12000004
NG6 8ZF,E07000173,E12000004
NG17 8NX,E07000170,E12000004
NG2 5BJ,E07000176,E12000004
NG2 6HF,E07000176,E12000004
NG2 7GH,E07000176,E12000004
NG8 1LH,E06000018,E12000004
NG16 2JW,E07000172,E12000004
NG22 0EN,E07000175,E12000004
NG22 0QU,E07000171,E12000004
NG4 1QL,E07000173,E12000004
NG4 3FT,E07000173,E12000004
S81 8TA,E07000171,E12000004
NG1 1AN,E06000018,E12000004
NG1 5LB,E06000018,E12000004
NG1 6JQ,E06000018,E12000004
NG15 7FR,E07000170,E12000004
NG17 5DW,E07000170,E12000004
NG18 3RN,E07000174,E12000004
NG18 5ET,E07000174,E12000004
NG19 0FR,E07000174,E12000004
NG19 7BT,E07000174,E12000004
NG2 3AA,E07000172,E12000004
NG2 7QS,E07000176,E12000004
NG22 9JG,E07000175,E12000004
NG23 7PH,E07000175,E12000004
NG24 3WT,E07000175,E12000004
NG3 4JW,E06000018,E12000004
NG3 6EJ,E07000173,E12000004
NG4 3GS,E07000173,E12000004
NG7 7FG,E06000018,E12000004
NG8 2DF,E06000018,E12000004
NG9 1PF,E07000172,E12000004
NG9 2GL,E07000172,E12000004
NG11 6QJ,E07000176,E12000004
NG16 3AR,E07000172,E12000004
NG16 5AL,E07000172,E12000004
LE12 6WN,E07000176,E12000004
S81 7SQ,E07000171,E12000004
NG11 0HN,E07000176,E12000004
NG12 4BT,E07000176,E12000004
S81 0QU,E07000171,E12000004
NG17 3JG,E07000170,E12000004
NG18 4XQ,E07000174,E12000004
NG3 5PJ,E06000018,E12000004
S81 0FD,E07000171,E12000004
NG6 8EE,E06000018,E12000004
NG7 1NU,E06000018,E12000004
NG7 2AE,E06000018,E12000004
NG9 1GW,E07000172,E12000004
NG9 1RL,E07000172,E12000004
NG9 3FS,E07000172,E12000004
NG2 5AX,E07000176,E12000004
NG2 5FR,E07000176,E12000004
NG22 0PF,E07000171,E12000004
NG24 4SQ,E07000175,E12000004
NG6 8DH,E06000018,E12000004
NG9 2LF,E07000172,E12000004
NG16 3FX,E07000172,E12000004
NG17 5FW,E07000170,E12000004
NG17 9EA,E07000170,E12000004
NG19 0HY,E07000174,E12000004
NG19 9QS,E07000174,E12000004
NG2 5HF,E07000176,E12000004
NG23 6AW,E07000175,E12000004
NG23 7HJ,E07000175,E12000004
NG5 4LW,E07000173,E12000004
NG8 5NH,E06000018,E12000004
NG9 1AX,E07000172,E12000004
NG9 5DL,E07000172,E12000004
NG90 2PR,E07000172,E12000004
NG16 2SA,E07000172,E12000004
NG1 2EW,E06000018,E12000004
NG1 4HJ,E06000018,E12000004
NG1 5BA,E06000018,E12000004
NG19 9NN,E07000174,E12000004
NG5 5HL,E06000018,E12000004
NG6 9GX,E06000018,E12000004
NG12 3HQ,E07000176,E12000004
NG2 4AL,E06000018,E12000004
NG7 5LS,E06000018,E12000004
NG8 4FJ,E06000018,E12000004
NG8 6JY,E06000018,E12000004
NG16 5AE,E07000172,E12000004
NG17 3LP,E07000170,E12000004
NG17 8SE,E07000170,E12000004
NG23 7LB,E07000175,E12000004
NG4 4PY,E07000173,E12000004
NG9 2HY,E07000172,E12000004
NG9 2JU,E07000172,E12000004
NG9 3PD,E07000172,E12000004
S80 2RA,E07000171,E12000004
LE12 5NQ,E07000176,E12000004
NG1 6HL,E06000018,E12000004
NG1 7ET,E06000018,E12000004
NG18 4AQ,E07000174,E12000004
NG24 2QY,E07000175,E12000004
NG24 4FW,E07000175,E12000004
NG25 0LT,E07000175,E12000004
NG6 8JJ,E06000018,E12000004
NG12 3FT,E07000176,E12000004
NG12 3PX,E07000176,E12000004
NG12 5FT,E07000176,E12000004
NG13 9EU,E07000176,E12000004
NG13 9FP,E07000176,E12000004
NG2 5NE,E07000176,E12000004
NG8 2EX,E06000018,E12000004
NG21 9QP,E07000175,E12000004
NG5 2BW,E06000018,E12000004
S80 1QJ,E07000171,E12000004
NG15 6QB,E07000170,E12000004
NG1 7FF,E06000018,E12000004
NG24 3SW,E07000175,E12000004
NG5 5QS,E06000018,E12000004
NG6 8RU,E06000018,E12000004
NG12 1FE,E07000176,E12000004
NG2 5FB,E07000176,E12000004
NG2 7UR,E07000176,E12000004
NG7 5ED,E06000018,E12000004
NG9 2LN,E07000172,E12000004
NG14 6AT,E07000175,E12000004
LE12 6PB,E07000176,E12000004
NG11 6JW,E07000176,E12000004
NG18 4PJ,E07000174,E12000004
NG25 0HE,E07000175,E12000004
NG25 0NE,E07000175,E12000004
NG25 0NT,E07000175,E12000004
NG6 0JG,E06000018,E12000004
NG6 9DD,E06000018,E12000004
NG2 4FP,E06000018,E12000004
NG20 0JU,E07000174,E12000004
NG21 0EW,E07000174,E12000004
NG7 3HT,E06000018,E12000004
S81 0TJ,E07000171,E12000004
LE14 3BF,E07000176,E12000004
NG17 4FS,E07000170,E12000004
NG17 5LA,E07000170,E12000004
NG17 8HD,E07000170,E12000004
NG24 1EH,E07000175,E12000004
NG5 2AP,E06000018,E12000004
S80 2AH,E07000171,E12000004
NG15 7DN,E07000170,E12000004
NG16 2LZ,E07000172,E12000004
NG18 4TB,E07000174,E12000004
NG7 2EQ,E06000018,E12000004
NG11 6QW,E07000176,E12000004
NG15 0BZ,E07000170,E12000004
NG16 3DH,E07000172,E12000004
NG18 2JE,E07000174,E12000004
NG18 2QB,E07000174,E12000004
NG18 4GL,E07000174,E12000004
NG7 3AG,E06000018,E12000004
NG8 2FU,E06000018,E12000004
NG8 6AD,E06000018,E12000004
NG12 4FZ,E07000176,E12000004
NG13 7BX,E07000176,E12000004
NG17 5JQ,E07000170,E12000004
NG24 1AG,E07000175,E12000004
NG16 1HA,E07000172,E12000004
NG18 5AL,E07000174,E12000004
NG7 5HD,E06000018,E12000004
NG7 5JA,E06000018,E12000004
NG12 2DS,E07000176,E12000004
NG12 2FL,E07000176,E12000004
NG16 6GE,E07000170,E12000004
NG17 1DA,E07000170,E12000004
NG23 5QB,E07000175,E12000004
NG23 7ER,E07000175,E12000004
NG6 0NJ,E06000018,E12000004
NG14 5EX,E07000173,E12000004
NG7 5AR,E06000018,E12000004
NG7 5JD,E06000018,E12000004
NG7 7AN,E06000018,E12000004
NG8 2BB,E06000018,E12000004
NG8 5SH,E06000018,E12000004
NG11 7AW,E06000018,E12000004
NG11 8FF,E06000018,E12000004
NG12 3JG,E07000176,E12000004
NG16 3SR,E07000172,E12000004
NG5 4JS,E07000173,E12000004
NG6 8XA,E07000173,E12000004
NG6 9FG,E06000018,E12000004
NG2 1HN,E06000018,E12000004
NG4 2LA,E07000173,E12000004
NG9 3BZ,E07000172,E12000004
NG9 3FT,E07000172,E12000004
NG1 1FF,E06000018,E12000004
NG3 4NB,E06000018,E12000004
NG3 5JP,E07000173,E12000004
NG3 7EB,E06000018,E12000004
NG2 2GD,E06000018,E12000004
NG2 2JD,E06000018,E12000004
NG25 0ET,E07000175,E12000004
NG25 0NB,E07000175,E12000004
NG13 8GR,E07000176,E12000004
NG16 5AN,E07000172,E12000004
NG17 2QW,E07000170,E12000004
NG5 3AS,E06000018,E12000004
NG5 5JW,E06000018,E12000004
NG6 8PX,E06000018,E12000004
NG2 1HF,E06000018,E12000004
NG2 3GB,E06000018,E12000004
NG2 4BA,E06000018,E12000004
NG2 4LT,E06000018,E12000004
NG2 4RU,E06000018,E12000004
NG2 5GW,E07000176,E12000004
NG4 3NQ,E07000173,E12000004
NG9 7AD,E07000172,E12000004
NG2 6AS,E07000176,E12000004
NG2 7TF,E07000176,E12000004
NG4 4JX,E07000173,E12000004
NG9 6RJ,E07000172,E12000004
NG1 3NX,E06000018,E12000004
NG11 6AL,E07000176,E12000004
S81 0LX,E07000171,E12000004
NG15 7UP,E07000170,E12000004
NG16 1AF,E07000172,E12000004
NG2 2EP,E06000018,E12000004
NG2 2FH,E06000018,E12000004
NG2 7GP,E07000176,E12000004
NG5 3BH,E06000018,E12000004
NG5 5RS,E06000018,E12000004
NG9 5BP,E07000172,E12000004
LE12 6LJ,E07000176,E12000004
NG15 7ER,E07000170,E12000004
NG16 2GN,E07000172,E12000004
NG2 6HG,E07000176,E12000004
NG5 5FG,E06000018,E12000004
NG5 6LF,E07000173,E12000004
S80 2EJ,E07000171,E12000004
S80 2PU,E07000171,E12000004
NG15 9EE,E07000173,E12000004
NG9 2RW,E06000018,E12000004
NG9 8AQ,E07000172,E12000004
NG9 8JD,E07000172,E12000004
NG25 0ND,E07000175,E12000004
NG3 7BS,E06000018,E12000004
S80 2HY,E07000171,E12000004
NG15 7JL,E07000170,E12000004
NG16 2NS,E07000172,E12000004
NG2 1NH,E06000018,E12000004
NG2 2HQ,E06000018,E12000004
NG2 4LL,E06000018,E12000004
NG1 1GR,E06000018,E12000004
NG17 3NP,E07000170,E12000004
NG24 1XB,E07000175,E12000004
NG7 7GD,E06000018,E12000004
NG8 1EG,E06000018,E12000004
NG8 5NB,E06000018,E12000004
NG8 5QP,E06000018,E12000004
NG25 0TN,E07000175,E12000004
NG3 2FZ,E06000018,E12000004
NG4 4JL,E07000173,E12000004
NG8 4ET,E06000018,E12000004
NG24 4EQ,E07000175,E12000004
NG3 4LR,E06000018,E12000004
NG16 5BY,E07000172,E12000004
NG17 7LY,E07000170,E12000004
NG21 9FH,E07000175,E12000004
NG4 1BS,E07000173,E12000004
NG4 4QS,E07000173,E12000004
NG5 2AT,E06000018,E12000004
NG7 1QR,E06000018,E12000004
NG8 1AJ,E06000018,E12000004
S81 7LA,E07000171,E12000004
NG3 3AN,E06000018,E12000004
NG16 5LF,E07000170,E12000004
NG4 3LT,E07000173,E12000004
NG5 1PE,E06000018,E12000004
NG7 5FT,E06000018,E12000004
NG8 1NF,E06000018,E12000004
NG14 5JT,E07000173,E12000004
NG23 7AT,E07000175,E12000004
NG5 4FG,E07000173,E12000004
NG5 6RQ,E07000173,E12000004
NG1 4AA,E06000018,E12000004
NG11 0HG,E07000176,E12000004
NG18 4LN,E07000174,E12000004
NG9 2FD,E07000172,E12000004
NG5 4GR,E07000173,E12000004
NG5 6ND,E07000173,E12000004
NG9 2JP,E07000172,E12000004
NG17 3LB,E07000170,E12000004
NG24 2PD,E07000175,E12000004
NG24 3JB,E07000175,E12000004
NG25 0RB,E07000175,E12000004
NG3 5DB,E06000018,E12000004
NG7 4AL,E06000018,E12000004
NG7 6HN,E06000018,E12000004
NG15 7GP,E07000170,E12000004
NG15 9HD,E07000173,E12000004
NG24 2FF,E07000175,E12000004
NG5 3JH,E06000018,E12000004
NG19 9NJ,E07000174,E12000004
NG3 3NF,E06000018,E12000004
NG7 4DP,E06000018,E12000004
NG8 3PS,E06000018,E12000004
NG8 5NR,E06000018,E12000004
NG11 7FP,E06000018,E12000004
NG12 3DJ,E07000176,E12000004
NG13 9LL,E07000176,E12000004
NG2 2HN,E06000018,E12000004
NG2 7LZ,E07000176,E12000004
NG17 1FQ,E07000170,E12000004
NG17 2EZ,E07000170,E12000004
NG17 4NZ,E07000174,E12000004
NG2 1QD,E06000018,E12000004
NG2 6RN,E07000176,E12000004
NG8 5DS,E06000018,E12000004
NG12 4BE,E07000176,E12000004
NG12 4JN,E07000176,E12000004
NG2 5FP,E07000176,E12000004
NG16 2WT,E07000172,E12000004
NG16 3AQ,E07000172,E12000004
NG6 9HX,E06000018,E12000004
NG1 5GE,E06000018,E12000004
NG18 2BP,E07000174,E12000004
NG17 2JT,E07000170,E12000004
NG3 4PR,E06000018,E12000004
NG7 1EB,E06000018,E12000004
NG7 5QZ,E06000018,E12000004
NG11 6SQ,E07000176,E12000004
NG11 7DT,E06000018,E12000004
NG2 5AN,E07000176,E12000004
NG2 5NB,E07000176,E12000004
NG2 7HF,E07000176,E12000004
NG21 0FP,E07000175,E12000004
NG4 3DZ,E07000173,E12000004
NG15 8HS,E07000170,E12000004
NG2 6JH,E07000176,E12000004
NG9 1JR,E07000172,E12000004
S80 2PT,E07000171,E12000004
NG14 7AY,E07000175,E12000004
NG2 3BE,E06000018,E12000004
NG2 4QR,E06000018,E12000004
NG2 6EU,E07000176,E12000004
NG3 1DE,E06000018,E12000004
NG4 1ES,E07000173,E12000004
NG21 0WJ,E07000175,E12000004
NG7 4DH,E06000018,E12000004
NG14 7BE,E07000175,E12000004
NG15 9FU,E07000173,E12000004
NG2 4GG,E06000018,E12000004
NG2 4GR,E06000018,E12000004
NG24 2SA,E07000175,E12000004
NG22 9PF,E07000175,E12000004
NG22 9TA,E07000175,E12000004
NG12 3FE,E07000176,E12000004
NG14 6DX,E07000173,E12000004
NG2 4AN,E06000018,E12000004
NG2 5LX,E07000176,E12000004
NG2 6QL,E07000176,E12000004
NG2 7GB,E07000176,E12000004
NG5 1HR,E06000018,E12000004
NG24 1BX,E07000175,E12000004
NG24 1PX,E07000175,E12000004
NG24 1XG,E07000175,E12000004
NG12 4JL,E07000176,E12000004
NG18 5DB,E07000174,E12000004
NG7 1LU,E06000018,E12000004
NG7 2SA,E06000018,E12000004
NG7 3BZ,E06000018,E12000004
NG8 5BU,E06000018,E12000004
NG6 8PB,E06000018,E12000004
S81 7PP,E07000171,E12000004
NG5 3FH,E07000173,E12000004
NG5 7JA,E07000173,E12000004
NG5 9QS,E07000173,E12000004
S81 9JP,E07000171,E12000004
NG13 8UY,E07000176,E12000004
NG18 6BG,E07000174,E12000004
NG7 3DL,E06000018,E12000004
NG8 2ER,E06000018,E12000004
NG8 2QW,E06000018,E12000004
NG1 1AR,E06000018,E12000004
NG17 2NF,E07000170,E12000004
NG5 4EE,E06000018,E12000004
NG5 5DA,E06000018,E12000004
NG5 6BY,E07000173,E12000004
NG5 9HS,E06000018,E12000004
S81 7NQ,E07000171,E12000004
S81 7QY,E07000171,E12000004
NG12 4BZ,E07000176,E12000004
NG16 5GN,E07000170,E12000004
NG17 6AF,E07000170,E12000004
NG17 9LE,E07000170,E12000004
NG5 5FS,E06000018,E12000004
NG13 8ZW,E07000176,E12000004
NG21 0JE,E07000175,E12000004
NG3 3GA,E06000018,E12000004
NG7 1SN,E06000018,E12000004
NG8 1NR,E06000018,E12000004
NG8 2DU,E06000018,E12000004
NG8 3QD,E06000018,E12000004
NG8 4JL,E07000172,E12000004
NG2 2HB,E06000018,E12000004
NG2 3EL,E06000018,E12000004
NG2 7NN,E07000176,E12000004
LE12 5NB,E07000176,E12000004
LE12 6XA,E07000176,E12000004
NG17 8HS,E07000170,E12000004
NG24 4AD,E07000175,E12000004
NG3 6LB,E07000173,E12000004
NG3 7GJ,E06000018,E12000004
NG7 6GX,E06000018,E12000004
NG8 2TS,E06000018,E12000004
NG2 4QT,E06000018,E12000004
NG20 9PH,E07000174,E12000004
NG4 4PJ,E07000173,E12000004
S81 7JG,E07000171,E12000004
NG16 5GB,E07000170,E12000004
NG25 0EP,E07000175,E12000004
NG3 6BJ,E07000173,E12000004
NG3 7AB,E06000018,E12000004
NG8 4BU,E06000018,E12000004
NG15 0EF,E07000170,E12000004
NG15 8AH,E07000173,E12000004
NG16 2WP,E07000172,E12000004
NG22 8AN,E07000175,E12000004
NG22 8LA,E07000175,E12000004
NG23 6AT,E07000175,E12000004
NG6 8LY,E06000018,E12000004
NG11 0HE,E07000176,E12000004
NG21 9GD,E07000175,E12000004
NG5 6FW,E07000173,E12000004
NG6 8HA,E06000018,E12000004
NG19 8DE,E07000174,E12000004
NG9 2QS,E07000172,E12000004
NG9 3JJ,E07000172,E12000004
NG5 4DD,E06000018,E12000004
NG5 6EL,E06000018,E12000004
NG1 5BB,E06000018,E12000004
NG19 8SH,E07000174,E12000004
NG9 6JD,E07000172,E12000004
NG9 6LH,E07000172,E12000004
NG13 8AY,E07000176,E12000004
NG2 6NL,E07000176,E12000004
NG2 6SJ,E07000176,E12000004
NG2 7GQ,E07000176,E12000004
NG4 3FH,E07000173,E12000004
NG17 2PU,E07000170,E12000004
NG8 2BQ,E06000018,E12000004
NG8 5AG,E06000018,E12000004
NG15 8HX,E07000170,E12000004
NG15 9GU,E07000173,E12000004
NG16 1AN,E07000172,E12000004
NG21 0UN,E07000175,E12000004
NG22 8GN,E07000175,E12000004
NG24 1AW,E07000175,E12000004
NG5 2LA,E06000018,E12000004
NG6 9HQ,E06000018,E12000004
NG6 9LX,E06000018,E12000004
NG1 3AA,E06000018,E12000004
NG18 3JH,E07000174,E12000004
NG25 0RD,E07000175,E12000004
NG3 2EG,E06000018,E12000004
NG3 5RD,E07000173,E12000004
NG8 6BJ,E06000018,E12000004
NG15 6PL,E07000170,E12000004
NG2 6RR,E07000176,E12000004
NG2 7ST,E07000176,E12000004
NG5 5AL,E06000018,E12000004
NG5 5AP,E06000018,E12000004
NG5 5JA,E06000018,E12000004
NG5 6PN,E07000173,E12000004
NG5 9JN,E06000018,E12000004
NG6 8NE,E06000018,E12000004
NG1 3AZ,E06000018,E12000004
NG24 3LZ,E07000175,E12000004
NG24 3WX,E07000175,E12000004
NG25 0UL,E07000175,E12000004
NG7 1FA,E06000018,E12000004
NG8 2EZ,E06000018,E12000004
NG14 6FS,E07000173,E12000004
NG16 1DA,E07000172,E12000004
NG2 3HF,E06000018,E12000004
NG5 7DJ,E07000173,E12000004
NG6 0GL,E06000018,E12000004
NG3 5FY,E06000018,E12000004
NG15 6GZ,E07000170,E12000004
NG16 2DX,E07000172,E12000004
NG16 2UZ,E07000172,E12000004
NG2 4AE,E06000018,E12000004
NG2 5GY,E07000176,E12000004
NG5 4JT,E07000173,E12000004
NG7 1AG,E06000018,E12000004
LE12 6HR,E07000176,E12000004
NG16 6BZ,E07000170,E12000004
NG17 4EE,E07000170,E12000004
NG17 7LA,E07000170,E12000004
NG4 3EU,E07000173,E12000004
NG9 5AQ,E07000172,E12000004
S81 8DT,E07000171,E12000004
NG12 3LY,E07000176,E12000004
NG13 8PA,E07000176,E12000004
NG23 7PW,E07000175,E12000004
NG24 1HQ,E07000175,E12000004
NG4 2DA,E07000173,E12000004
NG4 4EH,E07000173,E12000004
NG11 9GZ,E06000018,E12000004
NG12 5NX,E07000176,E12000004
NG17 5JP,E07000170,E12000004
NG17 8EW,E07000170,E12000004
NG22 8SB,E07000175,E12000004
NG4 1BX,E07000173,E12000004
NG4 4EA,E07000173,E12000004
NG14 5BN,E07000173,E12000004
NG15 8AP,E07000170,E12000004
NG2 5HS,E07000176,E12000004
NG5 7EE,E07000173,E12000004
NG19 9GF,E07000174,E12000004
NG7 2FF,E06000018,E12000004
NG7 6AR,E06000018,E12000004
NG8 1HZ,E06000018,E12000004
NG11 7AR,E06000018,E12000004
NG16 6FB,E07000170,E12000004
NG16 6RP,E07000170,E12000004
NG17 9EY,E07000170,E12000004
NG4 2JZ,E07000173,E12000004
NG9 5LP,E07000172,E12000004
NG9 8BJ,E07000172,E12000004
NG1 5GN,E06000018,E12000004
NG16 6JH,E07000170,E12000004
NG17 2FE,E07000170,E12000004
NG17 7BB,E07000170,E12000004
NG17 8DZ,E07000170,E12000004
NG22 8WU,E07000175,E12000004
NG4 4AS,E07000173,E12000004
NG8 5ES,E06000018,E12000004
NG12 3EH,E07000176,E12000004
NG13 8QR,E07000176,E12000004
NG3 6DA,E07000173,E12000004
NG6 8YX,E07000173,E12000004
NG15 7TQ,E07000170,E12000004
NG2 6LH,E07000176,E12000004
NG9 2FZ,E06000018,E12000004
S81 9SF,E07000171,E12000004
NG1 5HH,E06000018,E12000004
NG22 0QQ,E07000171,E12000004
NG22 8EB,E07000175,E12000004
NG4 1RZ,E07000173,E12000004
NG4 2LJ,E07000173,E12000004
NG5 1EA,E06000018,E12000004
NG7 5GP,E06000018,E12000004
NG7 6AZ,E06000018,E12000004
NG12 3LG,E07000176,E12000004
NG13 8DF,E07000176,E12000004
NG19 7EJ,E07000174,E12000004
NG25 0NG,E07000175,E12000004
NG5 5QW,E06000018,E12000004
NG5 8PB,E07000173,E12000004
NG6 8HJ,E06000018,E12000004
NG15 7AL,E07000170,E12000004
NG16 3JD,E07000172,E12000004
NG2 5JR,E07000176,E12000004
NG9 2JJ,E07000172,E12000004
NG9 6JZ,E07000172,E12000004
NG21 9GA,E07000175,E12000004
NG4 3AJ,E07000173,E12000004
NG5 1FW,E06000018,E12000004
NG8 5HR,E06000018,E12000004
NG11 6QE,E07000176,E12000004
NG12 4DR,E07000176,E12000004
NG12 5HZ,E07000176,E12000004
NG13 8NJ,E07000176,E12000004
NG13 9AZ,E07000176,E12000004
NG19 0HU,E07000174,E12000004
NG19 9NQ,E07000174,E12000004
NG5 5HA,E06000018,E12000004
LE12 5RQ,E07000176,E12000004
NG16 1DU,E07000172,E12000004
NG16 2TD,E07000172,E12000004
NG2 5DX,E07000176,E12000004
NG2 5GB,E07000176,E12000004
NG9 6AU,E07000172,E12000004
S81 9DP,E07000171,E12000004
NG1 1DU,E06000018,E12000004
NG11 6EL,E07000176,E12000004
NG16 6RH,E07000170,E12000004
NG17 1DF,E07000170,E12000004
NG17 1NN,E07000170,E12000004
NG17 2LR,E07000170,E12000004
NG17 7DN,E07000170,E12000004
NG22 9HA,E07000175,E12000004
NG4 2JQ,E07000173,E12000004
NG7 1DH,E06000018,E12000004
NG8 2FH,E06000018,E12000004
NG12 2LU,E07000176,E12000004
NG18 2LL,E07000174,E12000004
NG19 0FN,E07000174,E12000004
NG5 5LL,E06000018,E12000004
NG5 6PP,E07000173,E12000004
NG6 8SB,E06000018,E12000004
NG6 8UE,E07000173,E12000004
NG2 4FX,E06000018,E12000004
NG2 5AD,E07000176,E12000004
NG2 7BF,E07000176,E12000004
NG9 3EG,E07000172,E12000004
NG9 5EP,E07000172,E12000004
NG9 6AH,E07000172,E12000004
NG9 8BD,E07000172,E12000004
NG24 3AP,E07000175,E12000004
NG6 8PF,E06000018,E12000004
LE14 3BJ,E07000176,E12000004
NG16 2HP,E07000172,E12000004
NG2 4LS,E06000018,E12000004
NG8 3NJ,E06000018,E12000004
NG8 5FN,E06000018,E12000004
NG16 6FL,E07000170,E12000004
NG17 8SW,E07000170,E12000004
NG24 2TN,E07000175,E12000004
NG3 5AZ,E06000018,E12000004
NG3 7FE,E06000018,E12000004
NG5 4PA,E07000173,E12000004
NG5 5DP,E06000018,E12000004
S81 7SP,E07000171,E12000004
DE74 2GE,E07000176,E12000004
NG14 5EP,E07000173,E12000004
NG14 7FT,E07000175,E12000004
NG15 6AJ,E07000170,E12000004
NG2 7TH,E07000176,E12000004
NG17 8EG,E07000170,E12000004
NG3 3LL,E06000018,E12000004
NG5 6GA,E06000018,E12000004
NG15 6UW,E07000170,E12000004
NG8 6ED,E06000018,E12000004
NG24 4QF,E07000175,E12000004
S81 7LD,E07000171,E12000004
S81 7QT,E07000171,E12000004
NG15 6RE,E07000170,E12000004
NG2 1LE,E06000018,E12000004
NG2 3DQ,E06000018,E12000004
NG7 2NL,E06000018,E12000004
NG13 8AD,E07000176,E12000004
NG4 4AF,E07000173,E12000004
NG4 4EZ,E07000173,E12000004
NG8 5QY,E06000018,E12000004
LE12 6WJ,E07000176,E12000004
NG12 2BP,E07000176,E12000004
NG13 8EY,E07000176,E12000004
NG19 0NS,E07000174,E12000004
NG23 6PF,E07000175,E12000004
S80 3ES,E07000171,E12000004
NG12 2HX,E07000176,E12000004
NG13 9JJ,E07000176,E12000004
NG21 9HG,E07000175,E12000004
NG23 6EW,E07000175,E12000004
NG23 6HH,E07000175,E12000004
NG24 1BA,E07000175,E12000004
NG9 2BB,E07000172,E12000004
NG9 8QG,E07000172,E12000004
NG12 1AF,E07000176,E12000004
NG13 8AN,E07000176,E12000004
NG18 5ES,E07000174,E12000004
NG18 6AF,E07000174,E12000004
NG19 8RF,E07000174,E12000004
NG22 0TF,E07000171,E12000004
NG22 0TQ,E07000171,E12000004
NG24 2EA,E07000175,E12000004
NG9 6FE,E07000172,E12000004
NG9 7GE,E07000172,E12000004
NG17 1GU,E07000170,E12000004
NG17 3NU,E07000170,E12000004
NG4 1GZ,E07000173,E12000004
NG9 2DG,E07000172,E12000004
NG9 2LP,E07000172,E12000004
NG1 3DR,E06000018,E12000004
NG1 3QN,E06000018,E12000004
NG14 6HL,E07000173,E12000004
NG16 1GN,E07000172,E12000004
NG21 0RS,E07000175,E12000004
NG7 2BD,E06000018,E12000004
NG7 4DL,E06000018,E12000004
NG7 6PZ,E06000018,E12000004
NG8 2QS,E06000018,E12000004
NG8 3LU,E06000018,E12000004
NG21 9DT,E07000175,E12000004
NG23 7RA,E07000175,E12000004
NG24 1UD,E07000175,E12000004
NG4 1LY,E07000173,E12000004
NG1 2DP,E06000018,E12000004
NG15 7SQ,E07000170,E12000004
NG15 9AG,E07000173,E12000004
NG2 6HT,E07000176,E12000004
NG2 7NF,E07000176,E12000004
S80 1EJ,E07000171,E12000004
S80 1LX,E07000171,E12000004
NG17 8LT,E07000170,E12000004
NG22 9NA,E07000175,E12000004
NG23 7QG,E07000175,E12000004
NG24 1ER,E07000175,E12000004
NG24 2EW,E07000175,E12000004
NG4 2GN,E07000173,E12000004
NG9 1NW,E07000172,E12000004
NG15 6WZ,E07000170,E12000004
NG2 3DU,E06000018,E12000004
NG20 0SQ,E07000174,E12000004
NG20 8GE,E07000174,E12000004
NG8 3HW,E06000018,E12000004
S80 3PB,E07000171,E12000004
LE12 6XB,E07000176,E12000004
NG16 6AL,E07000170,E12000004
NG17 2FT,E07000170,E12000004
NG22 8ST,E07000175,E12000004
NG23 5QL,E07000175,E12000004
NG4 3GP,E07000173,E12000004
NG9 2EA,E07000172,E12000004
NG15 6EY,E07000170,E12000004
NG16 1DN,E07000172,E12000004
NG16 1HN,E07000172,E12000004
NG16 1QW,E07000172,E12000004
NG7 2PU,E06000018,E12000004
NG11 8EJ,E06000018,E12000004
NG11 9AB,E06000018,E12000004
NG12 2FD,E07000176,E12000004
NG12 4EU,E07000176,E12000004
NG18 3BX,E07000174,E12000004
NG25 0SS,E07000175,E12000004
NG3 7BG,E06000018,E12000004
NG6 0GF,E06000018,E12000004
NG11 9EQ,E06000018,E12000004
NG12 3AB,E07000176,E12000004
NG12 5AH,E07000176,E12000004
NG19 0BT,E07000174,E12000004
NG24 2NH,E07000175,E12000004
NG24 3SY,E07000175,E12000004
NG5 5GW,E06000018,E12000004
S81 9BW,E07000171,E12000004
S81 9ED,E07000171,E12000004
NG12 4AB,E07000176,E12000004
NG12 5AJ,E07000176,E12000004
NG18 5PT,E07000174,E12000004
NG19 0BP,E07000174,E12000004
NG3 5SG,E07000173,E12000004
NG5 5RH,E06000018,E12000004
S81 0TP,E07000171,E12000004
NG11 7BG,E06000018,E12000004
NG5 5AQ,E06000018,E12000004
NG5 5GL,E06000018,E12000004
NG12 1AA,E07000176,E12000004
NG13 8SZ,E07000176,E12000004
NG2 3EY,E06000018,E12000004
NG2 3LA,E06000018,E12000004
NG2 4PY,E06000018,E12000004
NG5 1DA,E06000018,E12000004
NG14 7EW,E07000175,E12000004
NG22 8UR,E07000175,E12000004
NG6 8TX,E06000018,E12000004
NG13 8XB,E07000176,E12000004
NG15 8BX,E07000170,E12000004
NG11 8DF,E06000018,E12000004
NG13 9QB,E07000175,E12000004
NG2 5NF,E07000176,E12000004
NG15 6DY,E07000170,E12000004
NG15 7ED,E07000170,E12000004
NG15 8GN,E07000170,E12000004
NG22 0EZ,E07000175,E12000004
NG23 5NB,E07000175,E12000004
NG5 6EE,E06000018,E12000004
NG6 8AW,E06000018,E12000004
NG6 8TG,E07000173,E12000004
LE12 5RL,E07000176,E12000004
NG11 8PU,E06000018,E12000004
NG2 3GA,E06000018,E12000004
NG2 4DP,E06000018,E12000004
NG16 3BD,E07000172,E12000004
NG23 7SL,E07000175,E12000004
NG5 2JT,E06000018,E12000004
NG5 4HY,E07000173,E12000004
NG5 9RX,E06000018,E12000004
NG6 0AZ,E06000018,E12000004
NG6 8NJ,E06000018,E12000004
NG18 5QZ,E07000174,E12000004
NG9 5PD,E07000172,E12000004
NG1 5AB,E06000018,E12000004
NG17 2JY,E07000170,E12000004
NG24 2RH,E07000175,E12000004
NG8 1EJ,E06000018,E12000004
NG8 5AF,E06000018,E12000004
S81 9AN,E07000171,E12000004
NG1 6FE,E06000018,E12000004
NG1 6GF,E06000018,E12000004
NG24 2HZ,E07000175,E12000004
NG3 1BH,E06000018,E12000004
NG7 4HG,E06000018,E12000004
NG8 1NA,E06000018,E12000004
NG18 4JX,E07000174,E12000004
NG18 4YF,E07000174,E12000004
NG9 6AW,E07000172,E12000004
S80 1LA,E07000171,E12000004
NG17 7PS,E07000170,E12000004
NG3 1NW,E06000018,E12000004
S81 8FG,E07000171,E12000004
NG18 2SH,E07000174,E12000004
NG18 5AG,E07000174,E12000004
NG19 8LJ,E07000174,E12000004
NG9 5AZ,E07000172,E12000004
NG17 3LR,E07000170,E12000004
NG17 5GP,E07000170,E12000004
NG17 7EF,E07000170,E12000004
NG7 6FQ,E06000018,E12000004
NG8 5NN,E06000018,E12000004
NG22 8HH,E07000175,E12000004
NG6 9LW,E06000018,E12000004
S81 8UN,E07000171,E12000004
NG15 8JT,E07000173,E12000004
NG3 2LF,E06000018,E12000004
NG3 4HB,E06000018,E12000004
NG7 1RT,E06000018,E12000004
NG7 4DU,E06000018,E12000004
LE12 6AH,E07000176,E12000004
NG24 1UW,E07000175,E12000004
NG5 8ED,E07000173,E12000004
NG14 7PS,E07000175,E12000004
NG7 5DQ,E06000018,E12000004
NG23 6DA,E07000175,E12000004
NG24 1EW,E07000175,E12000004
NG16 2PZ,E07000172,E12000004
NG17 3AH,E07000170,E12000004
NG24 2UD,E07000175,E12000004
NG3 6EY,E07000173,E12000004
NG7 5HF,E06000018,E12000004
NG7 5QA,E06000018,E12000004
NG8 1LD,E06000018,E12000004
NG8 3PX,E06000018,E12000004
NG24 2EG,E07000175,E12000004
NG5 6NW,E07000173,E12000004
NG5 7JY,E07000173,E12000004
NG5 8UA,E07000173,E12000004
NG6 9JU,E06000018,E12000004
S81 8GJ,E07000171,E12000004
NG14 5EQ,E07000173,E12000004
NG1 2AD,E06000018,E12000004
NG18 3AA,E07000174,E12000004
NG9 2PN,E07000172,E12000004
NG9 7GU,E07000172,E12000004
NG12 3HG,E07000176,E12000004
NG12 5LY,E07000176,E12000004
NG2 1JW,E06000018,E12000004
NG2 4QS,E06000018,E12000004
NG2 5AG,E07000176,E12000004
NG4 1EX,E07000173,E12000004
NG4 1SA,E07000173,E12000004
NG1 5EN,E06000018,E12000004
NG9 1JA,E07000172,E12000004
NG9 4ES,E07000172,E12000004
NG11 7DU,E06000018,E12000004
NG13 8AF,E07000176,E12000004
NG13 9ND,E07000176,E12000004
NG20 0RX,E07000174,E12000004
NG1 2GQ,E06000018,E12000004
NG19 8AN,E07000174,E12000004
NG19 8BE,E07000174,E12000004
NG19 9BQ,E07000174,E12000004
NG9 7EX,E07000172,E12000004
NG11 8HN,E06000018,E12000004
NG12 3HR,E07000176,E12000004
NG12 4GR,E07000176,E12000004
NG2 4PF,E06000018,E12000004
NG4 3LY,E07000173,E12000004
NG9 6NY,E07000172,E12000004
NG2 5BL,E07000176,E12000004
NG2 7JD,E07000176,E12000004
NG1 1FD,E06000018,E12000004
NG17 2TT,E07000170,E12000004
NG17 5HS,E07000170,E12000004
NG17 7JD,E07000170,E12000004
NG17 8AT,E07000170,E12000004
NG9 3DT,E07000172,E12000004
NG6 8QY,E06000018,E12000004
NG1 2EG,E06000018,E12000004
NG1 6GE,E06000018,E12000004
NG17 4AX,E07000170,E12000004
NG17 8PD,E07000170,E12000004
NG17 9EL,E07000170,E12000004
S81 9DH,E07000171,E12000004
NG12 3AJ,E07000176,E12000004
NG12 3LT,E07000176,E12000004
NG2 6RZ,E07000176,E12000004
NG20 0GA,E07000174,E12000004
NG5 7JD,E07000173,E12000004
NG6 8LW,E06000018,E12000004
NG16 5BU,E07000172,E12000004
NG17 2RG,E07000170,E12000004
NG17 4EA,E07000170,E12000004
NG17 7QA,E07000170,E12000004
NG9 5AG,E07000172,E12000004
NG9 5ND,E07000172,E12000004
NG9 6LJ,E07000172,E12000004
S81 8GG,E07000171,E12000004
NG11 6QY,E07000176,E12000004
NG12 2HB,E07000176,E12000004
NG2 7HX,E07000176,E12000004
NG21 0EX,E07000175,E12000004
NG24 2FL,E07000175,E12000004
NG5 5HR,E06000018,E12000004
NG5 6PT,E07000173,E12000004
NG5 9AT,E06000018,E12000004
NG1 2AG,E06000018,E12000004
NG17 1HX,E07000170,E12000004
S81 9LW,E07000171,E12000004
S80 2UN,E07000171,E12000004
NG18 4YT,E07000174,E12000004
NG18 5NQ,E07000174,E12000004
NG24 4TG,E07000175,E12000004
NG5 2AF,E06000018,E12000004
NG8 5DB,E06000018,E12000004
NG8 5LB,E06000018,E12000004
NG3 1JG,E06000018,E12000004
NG7 6AT,E06000018,E12000004
NG7 6LX,E06000018,E12000004
NG8 2QX,E06000018,E12000004
NG8 6GX,E06000018,E12000004
NG24 3FD,E07000175,E12000004
NG3 3BW,E06000018,E12000004
NG7 3BB,E06000018,E12000004
NG8 3DE,E06000018,E12000004
NG8 4HR,E06000018,E12000004
NG8 4PB,E06000018,E12000004
NG8 5RA,E06000018,E12000004
NG14 7AP,E07000175,E12000004
NG18 4AE,E07000174,E12000004
NG24 3LY,E07000175,E12000004
NG3 1AN,E06000018,E12000004
NG3 3PW,E06000018,E12000004
NG3 4BG,E06000018,E12000004
NG3 4JB,E06000018,E12000004
NG3 6DT,E07000173,E12000004
NG8 6BZ,E06000018,E12000004
NG17 1AQ,E07000170,E12000004
NG3 5AD,E06000018,E12000004
NG3 6DN,E07000173,E12000004
NG7 7FT,E06000018,E12000004
NG2 7LP,E07000176,E12000004
NG2 7RN,E07000176,E12000004
NG20 0BN,E07000174,E12000004
NG4 1RN,E07000173,E12000004
NG17 4PN,E07000170,E12000004
NG24 2PU,E07000175,E12000004
NG24 3ST,E07000175,E12000004
NG3 7EJ,E06000018,E12000004
NG7 7NQ,E06000018,E12000004
NG8 5ND,E06000018,E12000004
NG11 8SH,E06000018,E12000004
NG13 9HP,E07000176,E12000004
NG2 3NG,E06000018,E12000004
NG2 7AQ,E07000176,E12000004
NG4 2BB,E07000173,E12000004
NG17 7AZ,E07000170,E12000004
NG3 4PU,E06000018,E12000004
NG7 6AF,E06000018,E12000004
NG8 6FB,E06000018,E12000004
NG12 2LP,E07000176,E12000004
NG12 5AR,E07000176,E12000004
NG4 1NA,E07000173,E12000004
NG4 2NR,E07000173,E12000004
NG17 2NE,E07000170,E12000004
NG17 3GB,E07000170,E12000004
NG17 8AP,E07000170,E12000004
NG3 7GL,E06000018,E12000004
NG8 2PY,E06000018,E12000004
NG14 6EY,E07000173,E12000004
NG14 7DJ,E07000175,E12000004
NG16 3EP,E07000172,E12000004
NG1 1JU,E06000018,E12000004
NG1 6HH,E06000018,E12000004
NG11 0JR,E07000176,E12000004
NG11 6DT,E07000176,E12000004
NG19 9NR,E07000174,E12000004
NG7 5AF,E06000018,E12000004
NG7 6LH,E06000018,E12000004
NG7 7HP,E06000018,E12000004
NG8 5JP,E06000018,E12000004
NG14 7BG,E07000175,E12000004
NG15 0DR,E07000170,E12000004
NG21 9LN,E07000175,E12000004
NG22 9DX,E07000175,E12000004
NG5 4DR,E06000018,E12000004
NG5 4GP,E07000173,E12000004
NG6 0AT,E06000018,E12000004
NG7 1AF,E06000018,E12000004
NG1 5GY,E06000018,E12000004
NG1 6LF,E06000018,E12000004
NG18 3DH,E07000174,E12000004
NG18 5PG,E07000174,E12000004
NG19 9BZ,E07000174,E12000004
NG15 8AB,E07000173,E12000004
NG22 9ZD,E07000175,E12000004
NG23 6BX,E07000175,E12000004
NG5 5LN,E06000018,E12000004
NG6 0BX,E06000018,E12000004
NG1 3FB,E06000018,E12000004
NG11 6LB,E07000176,E12000004
NG18 2RJ,E07000174,E12000004
NG18 3NU,E07000174,E12000004
NG24 2NY,E07000175,E12000004
NG3 4GG,E06000018,E12000004
NG3 5EB,E06000018,E12000004
NG3 5UX,E07000173,E12000004
NG7 4DT,E06000018,E12000004
NG8 2AA,E06000018,E12000004
NG22 9LD,E07000175,E12000004
NG24 1AX,E07000175,E12000004
NG5 7DZ,E07000173,E12000004
NG6 0DW,E06000018,E12000004
NG2 6LD,E07000176,E12000004
NG21 0GY,E07000175,E12000004
NG5 1AP,E06000018,E12000004
NG9 2BT,E07000172,E12000004
LE12 6HY,E07000176,E12000004
NG4 1AZ,E07000173,E12000004
NG4 2JY,E07000173,E12000004
NG5 1JJ,E06000018,E12000004
NG5 2DT,E06000018,E12000004
NG9 3BP,E07000172,E12000004
NG12 2FX,E07000176,E12000004
NG13 8TW,E07000176,E12000004
NG2 6BE,E07000176,E12000004
NG2 7QL,E07000176,E12000004
NG4 1JA,E07000173,E12000004
NG1 5BL,E06000018,E12000004
NG2 1BJ,E06000018,E12000004
NG3 7HG,E07000173,E12000004
NG8 2BE,E06000018,E12000004
NG8 4GU,E06000018,E12000004
NG8 5AT,E06000018,E12000004
NG16 3FA,E07000172,E12000004
NG11 6LU,E07000176,E12000004
NG13 8AQ,E07000176,E12000004
NG2 5GH,E07000176,E12000004
NG4 2JR,E07000173,E12000004
NG4 2SR,E07000173,E12000004
NG4 3AA,E07000173,E12000004
NG4 4AQ,E07000173,E12000004
NG5 2BU,E06000018,E12000004
NG9 2HX,E07000172,E12000004
NG9 2SB,E06000018,E12000004
NG17 4HL,E07000170,E12000004
NG18 3FG,E07000174,E12000004
NG24 4DY,E07000175,E12000004
NG3 3FB,E06000018,E12000004
NG3 3GH,E06000018,E12000004
NG3 3NH,E06000018,E12000004
NG3 6DL,E07000173,E12000004
LE12 6SY,E07000176,E12000004
NG15 8EL,E07000173,E12000004
NG19 7AE,E07000174,E12000004
NG19 7JN,E07000174,E12000004
LE12 6NZ,E07000176,E12000004
NG16 2HX,E07000172,E12000004
NG19 6TX,E07000174,E12000004
NG5 6LJ,E07000173,E12000004
NG1 4GZ,E06000018,E12000004
NG17 2QY,E07000170,E12000004
NG22 9ZB,E07000175,E12000004
NG23 7LA,E07000175,E12000004
NG9 1QH,E07000172,E12000004
NG1 1EA,E06000018,E12000004
NG16 6AU,E07000170,E12000004
NG17 9HD,E07000170,E12000004
NG22 0TH,E07000171,E12000004
NG4 2HH,E07000173,E12000004
NG2 6AX,E07000176,E12000004
NG8 6NL,E06000018,E12000004
NG15 7DS,E07000170,E12000004
NG24 4SR,E07000175,E12000004
NG25 0EN,E07000175,E12000004
NG3 3LH,E06000018,E12000004
S80 2PR,E07000171,E12000004
NG17 1FE,E07000170,E12000004
NG4 1JE,E07000173,E12000004
NG5 1GS,E06000018,E12000004
NG23 7EJ,E07000175,E12000004
NG5 1EY,E06000018,E12000004
NG9 6HN,E07000172,E12000004
NG2 6EN,E07000176,E12000004
NG2 7JJ,E07000176,E12000004
NG7 6JE,E06000018,E12000004
NG8 6EY,E06000018,E12000004
NG9 4FW,E07000172,E12000004
NG11 9LY,E06000018,E12000004
NG7 2AP,E06000018,E12000004
NG7 2TS,E06000018,E12000004
NG7 5JT,E06000018,E12000004
S81 7BQ,E07000171,E12000004
NG2 2FW,E06000018,E12000004
NG8 2JB,E06000018,E12000004
S81 7QF,E07000171,E12000004
NG11 6NU,E07000176,E12000004
NG12 5HA,E07000176,E12000004
NG18 1QJ,E07000174,E12000004
NG18 1RR,E07000174,E12000004
NG5 6AB,E07000173,E12000004
NG5 9BQ,E06000018,E12000004
NG14 5FG,E07000173,E12000004
NG14 6TH,E07000173,E12000004
NG14 7JH,E07000175,E12000004
NG15 7BT,E07000170,E12000004
NG5 2FS,E06000018,E12000004
NG9 7AP,E07000172,E12000004
LE12 6HE,E07000176,E12000004
NG11 9AQ,E06000018,E12000004
NG18 2BA,E07000174,E12000004
NG19 6AX,E07000174,E12000004
NG19 8QS,E07000174,E12000004
NG24 2SU,E07000175,E12000004
NG24 4DQ,E07000175,E12000004
NG15 6RS,E07000170,E12000004
NG16 1DW,E07000172,E12000004
NG9 2NP,E07000172,E12000004
NG11 8GU,E06000018,E12000004
NG12 2GZ,E07000176,E12000004
NG18 4RP,E07000174,E12000004
NG18 5LN,E07000174,E12000004
NG3 5LA,E07000173,E12000004
NG3 6DH,E07000173,E12000004
NG5 9NL,E06000018,E12000004
NG6 8SH,E06000018,E12000004
NG14 6EU,E07000173,E12000004
NG5 1AY,E06000018,E12000004
NG11 8NH,E06000018,E12000004
NG12 5AA,E07000176,E12000004
NG24 3BZ,E07000175,E12000004
NG3 6DY,E07000173,E12000004
NG6 8NG,E06000018,E12000004
S81 0QS,E07000171,E12000004
S81 9HP,E07000171,E12000004
NG14 5JR,E07000173,E12000004
NG14 7HP,E07000175,E12000004
NG15 6PF,E07000170,E12000004
NG15 6WS,E07000170,E12000004
NG4 2JL,E07000173,E12000004
NG5 1GN,E06000018,E12000004
NG5 2GE,E06000018,E12000004
NG17 1AG,E07000170,E12000004
NG17 7JH,E07000170,E12000004
NG22 0AJ,E07000175,E12000004
NG23 7HD,E07000175,E12000004
NG24 1ES,E07000175,E12000004
NG7 3NW,E06000018,E12000004
NG8 2SU,E06000018,E12000004
NG8 3ED,E06000018,E12000004
S80 2BB,E07000171,E12000004
NG1 5DU,E06000018,E12000004
NG17 8GJ,E07000170,E12000004
NG22 8JZ,E07000175,E12000004
NG22 9DW,E07000175,E12000004
NG24 2ER,E07000175,E12000004
NG8 2DP,E06000018,E12000004
NG2 1LW,E06000018,E12000004
NG2 4EQ,E06000018,E12000004
NG2 6JN,E07000176,E12000004
NG1 3BE,E06000018,E12000004
NG17 4DH,E07000170,E12000004
NG17 8JS,E07000170,E12000004
NG22 0NR,E07000171,E12000004
NG7 4EX,E06000018,E12000004
NG7 7AX,E06000018,E12000004
NG8 1BP,E06000018,E12000004
NG2 4LR,E06000018,E12000004
NG17 7BP,E07000170,E12000004
NG7 3AN,E06000018,E12000004
NG7 5AG,E06000018,E12000004
NG7 5LA,E06000018,E12000004
NG7 7FZ,E06000018,E12000004
NG8 5RX,E06000018,E12000004
NG2 5FT,E07000176,E12000004
NG13 9EW,E07000176,E12000004
NG2 6GH,E07000176,E12000004
NG4 3DB,E07000173,E12000004
NG4 4PN,E07000173,E12000004
NG9 7BX,E07000172,E12000004
NG16 5HJ,E07000170,E12000004
NG17 2BN,E07000170,E12000004
NG17 3FF,E07000170,E12000004
NG17 4AS,E07000170,E12000004
NG22 8LS,E07000175,E12000004
NG23 5PN,E07000176,E12000004
NG7 3FD,E06000018,E12000004
NG8 3LS,E06000018,E12000004
NG12 4JJ,E07000176,E12000004
NG2 4GA,E06000018,E12000004
NG2 7AR,E07000176,E12000004
NG4 3HP,E07000173,E12000004
NG17 2LG,E07000170,E12000004
NG17 5FT,E07000170,E12000004
NG7 1LD,E06000018,E12000004
NG7 5GR,E06000018,E12000004
NG12 3BU,E07000176,E12000004
NG13 9PB,E07000175,E12000004
NG9 8GA,E07000172,E12000004
NG17 4FU,E07000170,E12000004
NG23 6RH,E07000171,E12000004
NG23 7ET,E07000175,E12000004
NG24 1FX,E07000175,E12000004
NG7 2RF,E06000018,E12000004
NG7 5AJ,E06000018,E12000004
NG7 6JH,E06000018,E12000004
NG2 7QX,E07000176,E12000004
NG2 7YL,E07000176,E12000004
NG17 2AX,E07000170,E12000004
NG17 7NS,E07000170,E12000004
NG18 1AF,E07000174,E12000004
NG24 1RJ,E07000175,E12000004
NG8 4HE,E06000018,E12000004
NG8 5AB,E06000018,E12000004
S81 0DJ,E07000171,E12000004
S81 0HH,E07000171,E12000004
S81 0RT,E07000171,E12000004
NG14 7BS,E07000175,E12000004
NG19 0HS,E07000174,E12000004
NG19 7JY,E07000174,E12000004
NG3 5BT,E06000018,E12000004
NG5 8AJ,E07000173,E12000004
NG14 6SP,E07000173,E12000004
NG16 1EB,E07000172,E12000004
NG5 4FL,E07000173,E12000004
NG5 9DD,E06000018,E12000004
NG5 9JE,E06000018,E12000004
NG6 8NT,E06000018,E12000004
S81 8TZ,E07000171,E12000004
NG18 4XD,E07000174,E12000004
NG18 5SY,E07000174,E12000004
NG24 3BU,E07000175,E12000004
NG24 5BN,E07000175,E12000004
NG3 2LS,E06000018,E12000004
NG6 0AR,E06000018,E12000004
NG6 0HH,E06000018,E12000004
S80 2LX,E07000171,E12000004
S81 7PG,E07000171,E12000004
NG14 5JE,E07000173,E12000004
NG15 7AN,E07000170,E12000004
NG19 0DH,E07000174,E12000004
NG19 8LA,E07000174,E12000004
NG24 3WW,E07000175,E12000004
NG3 7BU,E06000018,E12000004
NG6 8TQ,E07000173,E12000004
NG14 5AS,E07000173,E12000004
NG5 9LS,E06000018,E12000004
NG13 8DZ,E07000176,E12000004
NG13 8PH,E07000176,E12000004
NG3 6LP,E07000173,E12000004
NG3 7BN,E06000018,E12000004
NG7 2NR,E06000018,E12000004
NG7 6JL,E06000018,E12000004
NG15 0HT,E07000170,E12000004
NG15 7AD,E07000170,E12000004
NG16 3BP,E07000172,E12000004
NG2 6TY,E07000176,E12000004
NG2 7NY,E07000176,E12000004
NG13 8AT,E07000176,E12000004
NG7 3PH,E06000018,E12000004
NG15 6NT,E07000170,E12000004
NG5 5HE,E06000018,E12000004
NG5 9PL,E07000173,E12000004
NG6 8NY,E06000018,E12000004
NG6 8QA,E06000018,E12000004
S80 2AN,E07000171,E12000004
NG11 6NN,E07000176,E12000004
NG13 8YP,E07000176,E12000004
NG25 0EQ,E07000175,E12000004
NG8 3DG,E06000018,E12000004
NG8 3NT,E06000018,E12000004
NG8 6FT,E06000018,E12000004
NG15 6HR,E07000170,E12000004
NG16 2LA,E07000172,E12000004
NG5 7FS,E07000173,E12000004
LE12 6JU,E07000176,E12000004
LE12 6PG,E07000176,E12000004
NG13 8EW,E07000176,E12000004
NG18 2LS,E07000174,E12000004
NG18 4GE,E07000174,E12000004
NG19 7EZ,E07000174,E12000004
NG19 7NP,E07000174,E12000004
NG24 3RE,E07000175,E12000004
NG7 2RU,E06000018,E12000004
NG1 2AE,E06000018,E12000004
NG22 0NH,E07000171,E12000004
NG24 1BG,E07000175,E12000004
S81 7GG,E07000171,E12000004
NG1 1EQ,E06000018,E12000004
NG24 1DP,E07000175,E12000004
NG9 6JG,E07000172,E12000004
S81 0JA,E07000171,E12000004
NG17 2GX,E07000170,E12000004
NG22 8HD,E07000175,E12000004
NG23 6JS,E07000175,E12000004
NG9 2LQ,E07000172,E12000004
S81 9NW,E07000171,E12000004
NG1 1NU,E06000018,E12000004
NG1 7FG,E06000018,E12000004
NG17 1NQ,E07000170,E12000004
NG22 0NP,E07000171,E12000004
NG22 9FD,E07000175,E12000004
NG22 9LN,E07000175,E12000004
NG23 6JN,E07000175,E12000004
NG4 2JT,E07000173,E12000004
NG2 5EE,E07000176,E12000004
NG2 5FF,E07000176,E12000004
NG18 5DS,E07000174,E12000004
NG24 3RR,E07000175,E12000004
NG25 0TL,E07000175,E12000004
NG12 2GA,E07000176,E12000004
NG13 8HG,E07000176,E12000004
NG22 0JE,E07000171,E12000004
NG4 3AT,E07000173,E12000004
NG5 2EW,E06000018,E12000004
NG2 4HE,E06000018,E12000004
NG2 6NX,E07000176,E12000004
NG5 5LG,E06000018,E12000004
NG6 0HT,E06000018,E12000004
NG18 4LB,E07000174,E12000004
NG3 6GR,E07000173,E12000004
NG13 9DR,E07000176,E12000004
NG9 8HR,E07000172,E12000004
NG15 6ER,E07000170,E12000004
NG2 2ED,E06000018,E12000004
NG2 3GS,E06000018,E12000004
NG5 3GJ,E06000018,E12000004
S80 1DZ,E07000171,E12000004
NG3 1HL,E06000018,E12000004
NG3 7GF,E06000018,E12000004
NG22 8SZ,E07000175,E12000004
NG23 5ST,E07000175,E12000004
NG4 1AG,E07000173,E12000004
NG9 8AG,E07000172,E12000004
NG7 5QR,E06000018,E12000004
NG8 6NN,E06000018,E12000004
NG9 4AE,E07000172,E12000004
NG7 2JP,E06000018,E12000004
NG7 5AQ,E06000018,E12000004
NG7 6GW,E06000018,E12000004
S81 8AP,E07000171,E12000004
S81 8HB,E07000171,E12000004
NG11 0DJ,E07000176,E12000004
NG7 1HJ,E06000018,E12000004
NG7 1JD,E06000018,E12000004
NG7 3HS,E06000018,E12000004
NG8 2TB,E06000018,E12000004
NG15 8FB,E07000173,E12000004
NG16 2QF,E07000172,E12000004
NG5 9QA,E07000173,E12000004
NG6 0GA,E06000018,E12000004
NG18 4UL,E07000174,E12000004
NG25 0JX,E07000175,E12000004
NG17 1LX,E07000170,E12000004
NG9 2PU,E07000172,E12000004
NG1 7AS,E06000018,E12000004
NG1 7HG,E06000018,E12000004
NG7 1HP,E06000018,E12000004
NG7 6BD,E06000018,E12000004
NG7 6HU,E06000018,E12000004
NG8 4JS,E07000172,E12000004
NG8 5AH,E06000018,E12000004
NG12 4DD,E07000176,E12000004
NG24 4FR,E07000175,E12000004
NG3 5DW,E06000018,E12000004
NG3 6BS,E07000173,E12000004
NG8 6AS,E07000172,E12000004
NG8 6DJ,E06000018,E12000004
NG16 1FS,E07000172,E12000004
NG2 4HU,E06000018,E12000004
NG2 7GE,E07000176,E12000004
NG2 7JR,E07000176,E12000004
NG4 1BQ,E07000173,E12000004
NG3 6PB,E07000173,E12000004
NG8 5PD,E06000018,E12000004
NG15 8HD,E07000170,E12000004
NG2 6DR,E07000176,E12000004
DE7 5UE,E07000172,E12000004
NG11 8RS,E06000018,E12000004
NG19 6AY,E07000174,E12000004
NG3 4HE,E06000018,E12000004
NG3 6LH,E07000173,E12000004
NG7 1NF,E06000018,E12000004
NG7 6PE,E06000018,E12000004
NG8 2EL,E06000018,E12000004
NG8 5GZ,E06000018,E12000004
NG8 6EF,E06000018,E12000004
NG15 7LL,E07000170,E12000004
NG2 5LW,E07000176,E12000004
NG4 2BS,E07000173,E12000004
NG4 4PP,E07000173,E12000004
S81 9HU,E07000171,E12000004
NG12 2EH,E07000176,E12000004
NG12 5PY,E07000176,E12000004
NG24 3FT,E07000175,E12000004
NG7 3NS,E06000018,E12000004
NG7 6PG,E06000018,E12000004
NG15 7LE,E07000170,E12000004
NG15 9FB,E07000173,E12000004
NG2 4LF,E06000018,E12000004
NG2 4LY,E06000018,E12000004
NG2 6BG,E07000176,E12000004
NG4 4LS,E07000173,E12000004
NG17 4EN,E07000170,E12000004
NG17 7HF,E07000170,E12000004
NG21 9AA,E07000175,E12000004
S80 1YA,E07000171,E12000004
NG5 4FE,E07000173,E12000004
NG5 8BE,E07000173,E12000004
NG5 8DQ,E07000173,E12000004
NG9 4BD,E07000172,E12000004
NG24 1AQ,E07000175,E12000004
NG5 7GS,E07000173,E12000004
NG1 3HD,E06000018,E12000004
NG24 1AL,E07000175,E12000004
NG9 5FX,E07000172,E12000004
NG5 9LG,E06000018,E12000004
NG16 5LD,E07000170,E12000004
NG24 1QU,E07000175,E12000004
NG5 3GX,E06000018,E12000004
NG5 5AJ,E06000018,E12000004
NG5 5EJ,E06000018,E12000004
NG6 8FJ,E06000018,E12000004
NG15 8JY,E07000173,E12000004
NG16 2FZ,E07000172,E12000004
NG4 3JZ,E07000173,E12000004
NG4 3QN,E07000173,E12000004
NG4 4DQ,E07000173,E12000004
NG22 8QZ,E07000175,E12000004
NG22 9BT,E07000175,E12000004
NG5 6SY,E07000173,E12000004
NG16 6FJ,E07000170,E12000004
NG17 2NQ,E07000170,E12000004
NG17 2SF,E07000170,E12000004
NG17 2TL,E07000170,E12000004
NG17 7DX,E07000170,E12000004
NG24 2DF,E07000175,E12000004
NG5 8UB,E07000173,E12000004
NG6 8PT,E06000018,E12000004
NG9 2EG,E07000172,E12000004
NG9 6JY,E07000172,E12000004
S81 9LB,E07000171,E12000004
NG15 7TH,E07000170,E12000004
NG4 4BQ,E07000173,E12000004
NG16 3SU,E07000172,E12000004
NG17 4AT,E07000170,E12000004
NG17 5HL,E07000170,E12000004
S81 7TH,E07000171,E12000004
NG14 6LL,E07000173,E12000004
NG15 9JA,E07000173,E12000004
NG21 0RT,E07000175,E12000004
NG11 9ND,E06000018,E12000004
NG12 2FY,E07000176,E12000004
NG13 8AS,E07000176,E12000004
NG7 3FR,E06000018,E12000004
NG7 7LX,E06000018,E12000004
NG8 1HW,E06000018,E12000004
NG8 4JP,E07000172,E12000004
NG3 1JE,E06000018,E12000004
NG3 2DG,E06000018,E12000004
S80 3QT,E07000171,E12000004
NG7 6NP,E06000018,E12000004
NG8 3LX,E06000018,E12000004
NG18 4PN,E07000174,E12000004
NG7 5QL,E06000018,E12000004
NG7 6HE,E06000018,E12000004
NG8 5SB,E06000018,E12000004
NG8 6BW,E06000018,E12000004
NG25 0RN,E07000175,E12000004
NG7 4AD,E06000018,E12000004
NG7 6LT,E06000018,E12000004
NG8 4LP,E06000018,E12000004
NG16 3QU,E07000172,E12000004
NG23 5LA,E07000176,E12000004
NG4 2HF,E07000173,E12000004
NG12 4EX,E07000176,E12000004
NG9 4AG,E07000172,E12000004
NG9 4DE,E07000172,E12000004
NG16 6FE,E07000170,E12000004
NG17 4JN,E07000170,E12000004
NG17 5LP,E07000170,E12000004
NG8 4AP,E06000018,E12000004
NG14 5EH,E07000173,E12000004
NG15 6JE,E07000170,E12000004
NG15 7HP,E07000170,E12000004
NG15 8DR,E07000170,E12000004
NG21 9DN,E07000175,E12000004
NG21 9TA,E07000175,E12000004
NG23 7BN,E07000175,E12000004
NG4 2GD,E07000173,E12000004
NG19 7TJ,E07000174,E12000004
NG19 9HL,E07000174,E12000004
NG14 7GD,E07000175,E12000004
NG24 1AZ,E07000175,E12000004
NG5 2AH,E06000018,E12000004
NG12 5FL,E07000176,E12000004
NG9 7AB,E07000172,E12000004
NG17 2TG,E07000170,E12000004
NG17 4LA,E07000170,E12000004
NG3 2AR,E06000018,E12000004
NG8 1EH,E06000018,E12000004
NG16 2PQ,E07000172,E12000004
NG22 0HP,E07000171,E12000004
NG11 8JH,E06000018,E12000004
NG12 4FA,E07000176,E12000004
NG13 9DJ,E07000176,E12000004
NG13 9FE,E07000176,E12000004
NG19 9AA,E07000174,E12000004
NG16 6GS,E07000170,E12000004
NG18 1NE,E07000174,E12000004
NG7 2DZ,E06000018,E12000004
NG7 2GZ,E06000018,E12000004
NG8 4HF,E06000018,E12000004
NG2 4BU,E06000018,E12000004
NG5 5PZ,E06000018,E12000004
NG5 5UG,E06000018,E12000004
NG5 6ES,E06000018,E12000004
NG5 6GP,E07000173,E12000004
S80 3QF,E07000171,E12000004
NG1 5GL,E06000018,E12000004
NG5 8SF,E07000173,E12000004
NG5 8UE,E07000173,E12000004
NG6 0HX,E06000018,E12000004
S80 2AE,E07000171,E12000004
S80 3AA,E07000171,E12000004
S81 7LN,E07000171,E12000004
NG1 1EH,E06000018,E12000004
NG1 3ED,E06000018,E12000004
NG2 7BL,E07000176,E12000004
NG16 5DT,E07000172,E12000004
NG17 9BA,E07000170,E12000004
NG24 3GZ,E07000175,E12000004
NG3 7AU,E06000018,E12000004
NG8 6DH,E06000018,E12000004
NG1 2JS,E06000018,E12000004
NG11 6EN,E07000176,E12000004
NG2 5BH,E07000176,E12000004
NG6 8GS,E06000018,E12000004
NG24 3NN,E07000175,E12000004
NG24 4ED,E07000175,E12000004
NG25 0UA,E07000175,E12000004
NG3 5BD,E06000018,E12000004
NG3 5UY,E07000173,E12000004
NG3 6AT,E06000018,E12000004
NG8 1FH,E06000018,E12000004
NG8 5BA,E06000018,E12000004
NG24 1BY,E07000175,E12000004
NG24 1UF,E07000175,E12000004
NG5 7DB,E07000173,E12000004
NG5 7LQ,E07000173,E12000004
NG6 8ND,E06000018,E12000004
NG3 7GT,E06000018,E12000004
NG8 3DN,E06000018,E12000004
S81 8TQ,E07000171,E12000004
LE12 6XJ,E07000176,E12000004
NG14 7EL,E07000175,E12000004
NG15 7BW,E07000170,E12000004
NG15 7DT,E07000170,E12000004
NG2 2HZ,E06000018,E12000004
NG7 1EY,E06000018,E12000004
NG7 6PR,E06000018,E12000004
NG8 1LF,E06000018,E12000004
NG8 2NH,E06000018,E12000004
NG8 3HB,E06000018,E12000004
NG8 3LY,E06000018,E12000004
NG8 3PE,E06000018,E12000004
NG8 4HZ,E06000018,E12000004
NG22 8BX,E07000175,E12000004
NG23 6BB,E07000175,E12000004
NG24 1SU,E07000175,E12000004
NG5 5JH,E06000018,E12000004
NG5 7DE,E07000173,E12000004
NG9 3GW,E07000172,E12000004
S80 2AS,E07000171,E12000004
NG25 0ER,E07000175,E12000004
NG3 5QT,E07000173,E12000004
NG1 3AF,E06000018,E12000004
NG17 1DL,E07000170,E12000004
NG17 8NY,E07000170,E12000004
NG5 4EQ,E06000018,E12000004
S81 9RF,E07000171,E12000004
LE12 5HA,E07000176,E12000004
NG14 5JP,E07000173,E12000004
NG4 1SN,E07000173,E12000004
NG4 3HG,E07000173,E12000004
NG9 2SQ,E06000018,E12000004
NG15 9FN,E07000173,E12000004
NG2 1RX,E06000018,E12000004
NG2 5GE,E07000176,E12000004
NG2 7EN,E07000176,E12000004
NG9 3LT,E07000172,E12000004
NG15 6RR,E07000170,E12000004
NG20 0TE,E07000174,E12000004
NG4 2EB,E07000173,E12000004
NG4 3ET,E07000173,E12000004
NG5 1BS,E06000018,E12000004
NG12 2DX,E07000176,E12000004
NG18 4XG,E07000174,E12000004
NG9 8FR,E07000172,E12000004
NG9 8HF,E07000172,E12000004
NG17 4BD,E07000170,E12000004
NG23 6JX,E07000175,E12000004
NG24 1EZ,E07000175,E12000004
NG5 1AW,E06000018,E12000004
LE12 5HB,E07000176,E12000004
NG11 7HH,E06000018,E12000004
NG12 5PG,E07000176,E12000004
NG18 2QA,E07000174,E12000004
NG18 4LX,E07000174,E12000004
NG18 5DF,E07000174,E12000004
DE7 5UA,E07000172,E12000004
NG1 1PB,E06000018,E12000004
NG1 5FW,E06000018,E12000004
NG11 0EB,E07000176,E12000004
NG16 2ND,E07000172,E12000004
NG2 4AY,E06000018,E12000004
NG2 5AY,E07000176,E12000004
NG2 6BU,E07000176,E12000004
NG5 1DG,E06000018,E12000004
NG9 2NG,E07000172,E12000004
NG9 8FL,E07000172,E12000004
NG9 8JR,E07000172,E12000004
NG19 6SY,E07000174,E12000004
NG19 7GF,E07000174,E12000004
NG19 9QH,E07000174,E12000004
NG1 1GS,E06000018,E12000004
NG7 1BG,E06000018,E12000004
NG17 7RD,E07000170,E12000004
NG23 5NP,E07000175,E12000004
S80 1RA,E07000171,E12000004
NG1 5AF,E06000018,E12000004
NG1 6LG,E06000018,E12000004
NG15 7FQ,E07000170,E12000004
NG2 4BS,E06000018,E12000004
NG2 5GR,E07000176,E12000004
NG2 5GX,E07000176,E12000004
NG17 7AG,E07000170,E12000004
NG17 9HW,E07000170,E12000004
NG18 1EX,E07000174,E12000004
NG5 1AH,E06000018,E12000004
NG9 2RG,E07000172,E12000004
NG12 2PP,E07000176,E12000004
NG18 3EP,E07000174,E12000004
NG1 3PL,E06000018,E12000004
NG1 5DW,E06000018,E12000004
NG15 7TF,E07000170,E12000004
NG16 3EB,E07000172,E12000004
NG8 3FH,E06000018,E12000004
NG2 7AA,E07000176,E12000004
NG7 1LB,E06000018,E12000004
NG7 1NQ,E06000018,E12000004
NG7 3FF,E06000018,E12000004
NG7 6HP,E06000018,E12000004
NG3 7DL,E06000018,E12000004
NG5 7ER,E07000173,E12000004
NG5 8LQ,E07000173,E12000004
NG6 8YP,E07000170,E12000004
NG24 4UL,E07000175,E12000004
NG5 7EU,E07000173,E12000004
NG3 5DY,E06000018,E12000004
NG5 5HW,E06000018,E12000004
NG6 0JU,E06000018,E12000004
NG15 8FF,E07000173,E12000004
NG5 7GR,E07000173,E12000004
NG5 8BP,E07000173,E12000004
NG1 5AU,E06000018,E12000004
NG18 4JP,E07000174,E12000004
NG19 9AZ,E07000174,E12000004
NG19 9FD,E07000174,E12000004
NG9 2WR,E07000172,E12000004
NG90 6BH,E07000172,E12000004
NG2 2GY,E06000018,E12000004
NG2 2HT,E06000018,E12000004
NG4 1NE,E07000173,E12000004
NG14 6JF,E07000173,E12000004
NG15 0EB,E07000170,E12000004
NG16 1RA,E07000172,E12000004
NG23 7EB,E07000175,E12000004
NG5 4LD,E07000173,E12000004
S80 1ET,E07000171,E12000004
NG1 6BT,E06000018,E12000004
NG11 8AT,E06000018,E12000004
NG13 8QZ,E07000176,E12000004
NG21 0FF,E07000175,E12000004
NG16 3NQ,E07000172,E12000004
NG22 8GA,E07000175,E12000004
NG1 1HN,E06000018,E12000004
NG18 4AJ,E07000174,E12000004
NG9 2PE,E07000172,E12000004
NG11 8AA,E06000018,E12000004
NG2 5GG,E07000176,E12000004
NG2 7JX,E07000176,E12000004
NG4 3BA,E07000173,E12000004
NG4 4FR,E07000173,E12000004
NG17 5HP,E07000170,E12000004
NG24 4BB,E07000175,E12000004
NG3 7AL,E06000018,E12000004
NG7 7BA,E06000018,E12000004
NG8 6PD,E07000172,E12000004
NG16 3RP,E07000172,E12000004
NG17 2EF,E07000170,E12000004
NG17 3JN,E07000170,E12000004
NG17 7NL,E07000170,E12000004
NG24 2QA,E07000175,E12000004
NG24 3SZ,E07000175,E12000004
NG8 2SZ,E06000018,E12000004
NG17 4GH,E07000170,E12000004
NG17 9BS,E07000170,E12000004
NG24 5AE,E07000175,E12000004
NG24 5AL,E07000175,E12000004
NG25 0HQ,E07000175,E12000004
NG3 5FS,E06000018,E12000004
NG7 2LQ,E06000018,E12000004
NG7 3DS,E06000018,E12000004
NG7 3HB,E06000018,E12000004
NG8 5FG,E06000018,E12000004
NG1 6HY,E06000018,E12000004
NG1 7HB,E06000018,E12000004
NG18 2JF,E07000174,E12000004
NG12 2GP,E07000176,E12000004
NG2 4JX,E06000018,E12000004
NG4 3JB,E07000173,E12000004
NG24 4BZ,E07000175,E12000004
NG25 0AA,E07000175,E12000004
NG3 6LL,E07000173,E12000004
NG4 2HG,E07000173,E12000004
S81 0JD,E07000171,E12000004
S81 0PS,E07000171,E12000004
NG18 5JT,E07000174,E12000004
NG2 5HA,E07000176,E12000004
NG21 0EH,E07000174,E12000004
NG8 2AQ,E06000018,E12000004
LE12 6RS,E07000176,E12000004
NG4 2NA,E07000173,E12000004
S81 8HF,E07000171,E12000004
NG18 2LZ,E07000174,E12000004
NG18 5AW,E07000174,E12000004
NG19 0JT,E07000174,E12000004
NG2 5GT,E07000176,E12000004
NG21 0LR,E07000175,E12000004
NG7 7DU,E06000018,E12000004
NG8 3EB,E06000018,E12000004
NG5 1EG,E06000018,E12000004
NG9 1HU,E07000172,E12000004
NG9 3GB,E07000172,E12000004
NG19 0EF,E07000174,E12000004
NG19 6AR,E07000174,E12000004
NG7 5JE,E06000018,E12000004
NG4 3RU,E07000173,E12000004
NG9 2LH,E07000172,E12000004
NG19 6EG,E07000174,E12000004
NG2 4EL,E06000018,E12000004
NG20 9JW,E07000171,E12000004
NG7 5NE,E06000018,E12000004
NG16 1DP,E07000172,E12000004
NG16 6FA,E07000170,E12000004
NG17 2FH,E07000170,E12000004
NG23 7DQ,E07000175,E12000004
NG25 0LB,E07000175,E12000004
NG3 3PN,E06000018,E12000004
NG5 8TY,E07000173,E12000004
NG15 6WQ,E07000170,E12000004
S80 1PH,E07000171,E12000004
NG17 2LQ,E07000170,E12000004
NG22 9AP,E07000175,E12000004
NG25 0FF,E07000175,E12000004
NG6 0HL,E06000018,E12000004
NG16 2UG,E07000172,E12000004
NG17 5AY,E07000170,E12000004
NG17 7LE,E07000170,E12000004
NG22 8PT,E07000175,E12000004
NG3 1GQ,E06000018,E12000004
NG5 8LT,E07000173,E12000004
NG14 7FN,E07000175,E12000004
NG16 1FY,E07000172,E12000004
NG16 3JQ,E07000172,E12000004
S80 2JR,E07000171,E12000004
S80 2TU,E07000171,E12000004
NG17 8AH,E07000170,E12000004
NG22 8UJ,E07000175,E12000004
NG24 4RH,E07000175,E12000004
NG24 4TS,E07000175,E12000004
NG6 8QZ,E06000018,E12000004
NG17 1DS,E07000170,E12000004
NG17 5JH,E07000170,E12000004
NG17 7GR,E07000170,E12000004
NG17 9EJ,E07000170,E12000004
NG2 2JY,E06000018,E12000004
NG16 2JF,E07000172,E12000004
S80 2NG,E07000171,E12000004
NG5 5PT,E06000018,E12000004
NG2 2FE,E06000018,E12000004
NG3 7GS,E06000018,E12000004
NG11 6RR,E07000176,E12000004
NG12 4JE,E07000176,E12000004
NG17 4BG,E07000170,E12000004
NG2 2EU,E06000018,E12000004
NG2 2HW,E06000018,E12000004
NG2 4RP,E06000018,E12000004
NG6 8BH,E06000018,E12000004
NG5 3AT,E06000018,E12000004
NG5 3FF,E06000018,E12000004
NG5 5AG,E06000018,E12000004
NG19 6NW,E07000174,E12000004
NG8 4GZ,E06000018,E12000004
NG17 1HL,E07000170,E12000004
NG17 4LL,E07000170,E12000004
NG3 7EL,E06000018,E12000004
NG9 2DD,E07000172,E12000004
NG14 6QL,E07000173,E12000004
NG15 6FQ,E07000170,E12000004
NG16 3GS,E07000172,E12000004
NG1 1FH,E06000018,E12000004
NG1 3PT,E06000018,E12000004
NG1 5AA,E06000018,E12000004
NG18 5BR,E07000174,E12000004
NG22 0QT,E07000171,E12000004
NG7 1LY,E06000018,E12000004
NG7 5GN,E06000018,E12000004
NG7 6HA,E06000018,E12000004
NG8 2PD,E06000018,E12000004
NG8 3HY,E06000018,E12000004
NG8 3QF,E06000018,E12000004
NG8 5GU,E06000018,E12000004
NG8 5RD,E06000018,E12000004
NG18 4BT,E07000174,E12000004
NG19 0QJ,E07000174,E12000004
NG7 5DU,E06000018,E12000004
NG8 2SG,E06000018,E12000004
NG18 2DG,E07000174,E12000004
NG22 0JZ,E07000171,E12000004
NG7 6HR,E06000018,E12000004
NG9 3JE,E07000172,E12000004
NG15 7HD,E07000170,E12000004
NG2 4LW,E06000018,E12000004
NG2 5AA,E07000176,E12000004
NG2 7AT,E07000176,E12000004
NG2 7SL,E07000176,E12000004
NG7 5LX,E06000018,E12000004
NG7 6FD,E06000018,E12000004
NG8 2GA,E06000018,E12000004
S81 8FF,E07000171,E12000004
NG9 2BW,E07000172,E12000004
NG14 5FH,E07000173,E12000004
NG16 3QX,E07000172,E12000004
NG2 4FE,E06000018,E12000004
NG7 2TU,E06000018,E12000004
NG8 2ET,E06000018,E12000004
NG8 6HT,E06000018,E12000004
NG12 3RT,E07000176,E12000004
NG12 5HB,E07000176,E12000004
NG18 3NT,E07000174,E12000004
NG6 0JA,E06000018,E12000004
NG6 9HT,E06000018,E12000004
NG12 4AG,E07000176,E12000004
NG13 8GG,E07000176,E12000004
NG19 9AL,E07000174,E12000004
NG24 3BW,E07000175,E12000004
NG3 5LH,E06000018,E12000004
NG22 0UW,E07000171,E12000004
NG4 1RG,E07000173,E12000004
NG5 1DD,E06000018,E12000004
NG5 1NT,E06000018,E12000004
S80 1QN,E07000171,E12000004
NG1 1JN,E06000018,E12000004
NG11 6DP,E07000176,E12000004
NG17 1FT,E07000170,E12000004
NG24 1EL,E07000175,E12000004
NG4 2QZ,E07000173,E12000004
NG4 4PS,E07000173,E12000004
NG2 1LU,E06000018,E12000004
NG21 0TA,E07000175,E12000004
NG7 1UT,E06000018,E12000004
NG7 2RH,E06000018,E12000004
NG7 5NZ,E06000018,E12000004
NG8 6DF,E06000018,E12000004
NG11 8AG,E06000018,E12000004
NG24 4BQ,E07000175,E12000004
NG24 4HE,E07000175,E12000004
NG1 2ED,E06000018,E12000004
NG23 6DY,E07000175,E12000004
NG4 1AH,E07000173,E12000004
NG9 1GA,E07000172,E12000004
NG9 2FG,E07000172,E12000004
NG9 5AT,E07000172,E12000004
NG16 2PS,E07000172,E12000004
NG16 2TF,E07000172,E12000004
NG2 4GT,E06000018,E12000004
NG2 7EJ,E07000176,E12000004
NG7 3PS,E06000018,E12000004
NG8 2FR,E06000018,E12000004
NG8 6JW,E06000018,E12000004
NG11 6NF,E07000176,E12000004
NG11 8RP,E06000018,E12000004
NG11 9HA,E06000018,E12000004
NG12 1EJ,E07000176,E12000004
NG18 5FU,E07000174,E12000004
NG24 4AH,E07000175,E12000004
NG3 7GR,E06000018,E12000004
NG5 6QE,E07000173,E12000004
NG5 7EG,E07000173,E12000004
NG1 4DT,E06000018,E12000004
NG17 5LD,E07000170,E12000004
NG17 8HA,E07000170,E12000004
NG17 9BH,E07000170,E12000004
NG4 2HD,E07000173,E12000004
S80 2AD,E07000171,E12000004
NG15 0DQ,E07000173,E12000004
NG16 2SH,E07000172,E12000004
NG5 2FW,E06000018,E12000004
NG9 6NX,E07000172,E12000004
NG9 8AD,E07000172,E12000004
NG11 8LG,E06000018,E12000004
NG18 1RB,E07000174,E12000004
NG18 2FD,E07000174,E12000004
NG19 0GP,E07000174,E12000004
NG19 6EH,E07000174,E12000004
NG19 9DZ,E07000174,E12000004
NG8 3FQ,E06000018,E12000004
NG1 6BJ,E06000018,E12000004
NG14 7HH,E07000175,E12000004
NG1 7BQ,E06000018,E12000004
NG17 7FH,E07000170,E12000004
NG17 8SZ,E07000170,E12000004
NG18 1LA,E07000174,E12000004
NG16 3HS,E07000172,E12000004
NG2 7LR,E07000176,E12000004
NG4 1JT,E07000173,E12000004
NG11 7FZ,E06000018,E12000004
NG12 4FT,E07000176,E12000004
NG7 3EN,E06000018,E12000004
NG7 3GR,E06000018,E12000004
NG7 6AU,E06000018,E12000004
NG8 4FE,E06000018,E12000004
NG8 5PJ,E06000018,E12000004
NG8 5QL,E06000018,E12000004
NG17 5FG,E07000170,E12000004
NG17 8SS,E07000170,E12000004
S80 1EQ,E07000171,E12000004
S80 3DF,E07000171,E12000004
NG16 3TU,E07000172,E12000004
NG17 7NG,E07000170,E12000004
NG17 8AX,E07000170,E12000004
NG17 8HF,E07000170,E12000004
NG22 9PX,E07000175,E12000004
NG22 9QS,E07000175,E12000004
NG6 8GD,E06000018,E12000004
NG24 4RJ,E07000175,E12000004
NG3 2NJ,E06000018,E12000004
NG3 5LE,E07000173,E12000004
NG13 8GP,E07000176,E12000004
NG13 8PG,E07000176,E12000004
NG19 0SB,E07000174,E12000004
NG8 5GA,E06000018,E12000004
NG25 0EU,E07000175,E12000004
NG14 6PX,E07000173,E12000004
NG15 7FH,E07000170,E12000004
NG16 1QQ,E07000172,E12000004
NG2 5GF,E07000176,E12000004
NG2 6HH,E07000176,E12000004
NG2 6RG,E07000176,E12000004
NG9 3AN,E07000172,E12000004
NG9 4AT,E07000172,E12000004
NG1 1PS,E06000018,E12000004
NG17 2AH,E07000170,E12000004
NG17 2TH,E07000170,E12000004
NG17 7DY,E07000170,E12000004
NG17 7LH,E07000170,E12000004
NG23 6AJ,E07000175,E12000004
S81 7AN,E07000171,E12000004
S81 8GA,E07000171,E12000004
NG12 2HY,E07000176,E12000004
NG18 2AJ,E07000174,E12000004
NG24 4SB,E07000175,E12000004
NG2 7EH,E07000176,E12000004
NG11 7HF,E06000018,E12000004
NG18 5EX,E07000174,E12000004
NG19 0FG,E07000174,E12000004
NG3 5HB,E06000018,E12000004
NG6 8ED,E06000018,E12000004
LE12 5RE,E07000176,E12000004
NG2 2JW,E06000018,E12000004
NG2 6NJ,E07000176,E12000004
NG2 6QU,E07000176,E12000004
NG2 7SH,E07000176,E12000004
NG24 3FA,E07000175,E12000004
NG24 4JS,E07000175,E12000004
NG6 8RE,E06000018,E12000004
NG2 2FT,E06000018,E12000004
NG2 3FX,E06000018,E12000004
NG2 4PX,E06000018,E12000004
NG2 5BT,E07000176,E12000004
NG2 6JF,E07000176,E12000004
NG9 2DL,E07000172,E12000004
NG9 6NH,E07000172,E12000004
NG19 6QG,E07000174,E12000004
LE12 5EQ,E07000176,E12000004
NG16 1DY,E07000172,E12000004
NG9 6AA,E07000172,E12000004
NG12 2HN,E07000176,E12000004
NG6 0HN,E06000018,E12000004
NG1 1JL,E06000018,E12000004
NG1 5GD,E06000018,E12000004
NG16 5HF,E07000170,E12000004
NG17 5GX,E07000170,E12000004
NG17 7NA,E07000170,E12000004
NG17 8NU,E07000170,E12000004
NG23 7HA,E07000175,E12000004
NG7 1FW,E06000018,E12000004
NG7 3PE,E06000018,E12000004
NG8 1BJ,E06000018,E12000004
NG8 4AU,E06000018,E12000004
NG24 3BY,E07000175,E12000004
NG5 7ET,E07000173,E12000004
LE14 3QG,E07000176,E12000004
NG16 5HE,E07000170,E12000004
NG4 2PU,E07000173,E12000004
NG7 1JA,E06000018,E12000004
NG17 5DG,E07000170,E12000004
NG4 1AB,E07000173,E12000004
NG7 4AH,E06000018,E12000004
NG7 5PH,E06000018,E12000004
NG7 7DG,E06000018,E12000004
NG8 3BW,E06000018,E12000004
NG8 4HQ,E06000018,E12000004
NG16 6BD,E07000170,E12000004
NG22 9BB,E07000175,E12000004
NG7 1TN,E06000018,E12000004
NG7 5NR,E06000018,E12000004
NG8 3NZ,E06000018,E12000004
NG8 4PU,E06000018,E12000004
NG8 5NW,E06000018,E12000004
NG19 0DD,E07000174,E12000004
NG3 3ES,E06000018,E12000004
NG5 2NF,E06000018,E12000004
NG6 0FU,E06000018,E12000004
NG1 1DQ,E06000018,E12000004
NG1 5FD,E06000018,E12000004
NG19 8EA,E07000174,E12000004
NG5 8SW,E07000173,E12000004
S80 2SS,E07000171,E12000004
NG16 6DQ,E07000170,E12000004
NG17 8GX,E07000170,E12000004
NG2 7RS,E07000176,E12000004
NG7 3NB,E06000018,E12000004
NG7 7EU,E06000018,E12000004
NG8 3AN,E06000018,E12000004
NG8 3EF,E06000018,E12000004
NG8 6JX,E06000018,E12000004
NG25 0DS,E07000175,E12000004
NG5 5BJ,E06000018,E12000004
NG6 8SJ,E06000018,E12000004
NG17 3FP,E07000170,E12000004
NG2 7EG,E07000176,E12000004
NG7 5QG,E06000018,E12000004
NG2 5JE,E07000176,E12000004
NG2 7TL,E07000176,E12000004
NG7 6GB,E06000018,E12000004
NG8 2GF,E06000018,E12000004
NG8 4DA,E06000018,E12000004
NG8 4GY,E06000018,E12000004
NG8 6FU,E06000018,E12000004
NG11 9BU,E06000018,E12000004
NG16 2LL,E07000172,E12000004
NG21 0US,E07000175,E12000004
NG22 9JZ,E07000175,E12000004
NG24 1UA,E07000175,E12000004
NG4 3NN,E07000173,E12000004
NG9 8HP,E07000172,E12000004
NG11 9DZ,E06000018,E12000004
NG12 4LW,E07000176,E12000004
NG12 5AG,E07000176,E12000004
NG14 6EA,E07000173,E12000004
NG4 1RA,E07000173,E12000004
NG9 8DP,E07000172,E12000004
NG8 2BU,E06000018,E12000004
NG12 2DF,E07000176,E12000004
NG15 6XG,E07000170,E12000004
NG24 1NE,E07000175,E12000004
NG24 2DY,E07000175,E12000004
NG24 3PS,E07000175,E12000004
NG6 8UF,E07000173,E12000004
S80 2TG,E07000171,E12000004
LE14 3QD,E07000176,E12000004
NG1 1LG,E06000018,E12000004
NG11 6AE,E07000176,E12000004
NG20 9NQ,E07000171,E12000004
NG7 4ET,E06000018,E12000004
NG7 5PT,E06000018,E12000004
NG7 6HG,E06000018,E12000004
NG8 3BD,E06000018,E12000004
NG11 8AJ,E06000018,E12000004
NG12 4BB,E07000176,E12000004
NG14 6BP,E07000173,E12000004
NG14 6PN,E07000173,E12000004
NG14 7DU,E07000175,E12000004
NG21 9NA,E07000175,E12000004
NG23 6AE,E07000175,E12000004
NG24 1SD,E07000175,E12000004
NG4 1RE,E07000173,E12000004
NG9 2JQ,E07000172,E12000004
NG9 4DP,E07000172,E12000004
S81 0DW,E07000171,E12000004
S81 9NR,E07000171,E12000004
NG1 2EH,E06000018,E12000004
NG12 5GW,E07000176,E12000004
NG17 1GE,E07000170,E12000004
NG19 8BH,E07000174,E12000004
NG19 8HX,E07000174,E12000004
NG2 7AH,E07000176,E12000004
NG2 7QA,E07000176,E12000004
NG22 0DF,E07000175,E12000004
NG3 4PH,E06000018,E12000004
NG5 4FH,E07000173,E12000004
NG7 3JE,E06000018,E12000004
NG8 6AT,E07000172,E12000004
S80 1HZ,E07000171,E12000004
S80 2BU,E07000171,E12000004
NG11 6JX,E07000176,E12000004
NG15 0EN,E07000170,E12000004
NG15 7SL,E07000170,E12000004
NG15 9FJ,E07000173,E12000004
NG16 2DG,E07000172,E12000004
NG18 4SB,E07000174,E12000004
NG19 9LQ,E07000174,E12000004
S80 1NF,E07000171,E12000004
S81 7DW,E07000171,E12000004
S81 8NF,E07000171,E12000004
NG1 3HL,E06000018,E12000004
NG12 2NW,E07000176,E12000004
NG13 8SR,E07000176,E12000004
NG13 9JN,E07000176,E12000004
NG15 8HN,E07000170,E12000004
NG16 2NG,E07000172,E12000004
NG1 2AN,E06000018,E12000004
NG11 0JS,E07000176,E12000004
NG13 9FR,E07000176,E12000004
NG14 5JW,E07000173,E12000004
NG15 8DT,E07000170,E12000004
NG18 4SA,E07000174,E12000004
NG2 2FZ,E06000018,E12000004
NG21 9GZ,E07000175,E12000004
NG24 2NE,E07000175,E12000004
S80 1AW,E07000171,E12000004
S80 2SR,E07000171,E12000004
S81 0JH,E07000171,E12000004
S81 7SN,E07000171,E12000004
NG4 1LT,E07000173,E12000004
NG5 1HZ,E06000018,E12000004
NG5 2NH,E06000018,E12000004
NG7 6NA,E06000018,E12000004
NG9 1JB,E07000172,E12000004
NG9 2PD,E07000172,E12000004
NG2 7SB,E07000176,E12000004
NG23 7LP,E07000175,E12000004
NG3 5GU,E06000018,E12000004
NG5 5EA,E06000018,E12000004
NG5 8HP,E07000173,E12000004
NG6 8PS,E06000018,E12000004
NG6 8XG,E07000173,E12000004
NG8 1BY,E06000018,E12000004
NG9 2BZ,E07000172,E12000004
NG9 4AJ,E07000172,E12000004
NG19 9EW,E07000174,E12000004
NG2 4EU,E06000018,E12000004
NG24 2SG,E07000175,E12000004
NG4 3HD,E07000173,E12000004
NG6 0DH,E06000018,E12000004
NG9 4AF,E07000172,E12000004
NG14 7AZ,E07000175,E12000004
NG11 0DN,E07000176,E12000004
NG2 1AG,E06000018,E12000004
NG25 0TG,E07000175,E12000004
NG5 5FH,E06000018,E12000004
NG5 6NH,E07000173,E12000004
NG6 9AT,E06000018,E12000004
NG13 8GF,E07000176,E12000004
NG13 8RR,E07000176,E12000004
NG2 2LP,E06000018,E12000004
NG7 1EJ,E06000018,E12000004
NG7 6HF,E06000018,E12000004
NG8 3AW,E06000018,E12000004
NG17 8GS,E07000170,E12000004
NG24 2EY,E07000175,E12000004
NG9 8EX,E07000172,E12000004
NG16 3NP,E07000172,E12000004
NG18 5AB,E07000174,E12000004
NG24 2GT,E07000175,E12000004
NG3 1PA,E06000018,E12000004
NG3 2PR,E06000018,E12000004
NG5 8ND,E07000173,E12000004
NG5 9QN,E07000173,E12000004
NG6 0DL,E06000018,E12000004
NG6 8LQ,E06000018,E12000004
NG6 9AN,E06000018,E12000004
NG13 9JE,E07000176,E12000004
NG2 7JY,E07000176,E12000004
NG20 9JR,E07000171,E12000004
NG17 2TF,E07000170,E12000004
NG22 8PN,E07000175,E12000004
NG1 1JQ,E06000018,E12000004
NG18 5DQ,E07000174,E12000004
NG19 8DB,E07000174,E12000004
NG5 5NR,E06000018,E12000004
NG5 9HY,E06000018,E12000004
NG11 9LX,E06000018,E12000004
NG13 8BD,E07000176,E12000004
NG13 8GL,E07000176,E12000004
NG2 1PH,E06000018,E12000004
NG7 6PH,E06000018,E12000004
NG8 1HT,E06000018,E12000004
NG5 2GA,E06000018,E12000004
NG15 6JS,E07000170,E12000004
NG16 1QJ,E07000172,E12000004
NG16 2PW,E07000172,E12000004
NG1 1JZ,E06000018,E12000004
NG24 3NU,E07000175,E12000004
NG24 4BD,E07000175,E12000004
NG24 5BQ,E07000175,E12000004
NG5 8EQ,E07000173,E12000004
NG5 8SJ,E07000173,E12000004
NG6 9EX,E06000018,E12000004
NG8 3HD,E06000018,E12000004
NG17 4GS,E07000170,E12000004
NG17 5FF,E07000170,E12000004
NG17 7FZ,E07000170,E12000004
NG22 0SD,E07000171,E12000004
NG22 0UB,E07000171,E12000004
NG23 6JE,E07000175,E12000004
NG24 1RW,E07000175,E12000004
NG24 1UE,E07000175,E12000004
NG4 2HB,E07000173,E12000004
NG4 2PD,E07000173,E12000004
NG9 2LA,E07000172,E12000004
NG14 6GQ,E07000173,E12000004
NG16 2TQ,E07000172,E12000004
NG16 3NH,E07000172,E12000004
NG18 5LZ,E07000174,E12000004
NG7 6AE,E06000018,E12000004
NG7 6BP,E06000018,E12000004
NG8 4GP,E06000018,E12000004
LE12 6QG,E07000176,E12000004
NG18 4JT,E07000174,E12000004
NG11 7AB,E06000018,E12000004
NG11 7DS,E06000018,E12000004
NG17 2SA,E07000170,E12000004
NG22 8FG,E07000175,E12000004
NG5 5HP,E06000018,E12000004
NG7 1AD,E06000018,E12000004
NG14 6PQ,E07000173,E12000004
NG14 6QE,E07000173,E12000004
NG16 2EB,E07000172,E12000004
NG18 3HR,E07000174,E12000004
NG19 0QF,E07000174,E12000004
NG8 4DW,E06000018,E12000004
NG8 6HG,E06000018,E12000004
NG5 4DS,E06000018,E12000004
NG5 9QF,E07000173,E12000004
NG6 0JX,E06000018,E12000004
NG16 1HS,E07000172,E12000004
NG19 7AP,E07000174,E12000004
NG2 1AE,E06000018,E12000004
NG7 7AG,E06000018,E12000004
NG8 2DD,E06000018,E12000004
NG23 6QD,E07000175,E12000004
S80 1EZ,E07000171,E12000004
NG2 4DQ,E06000018,E12000004
NG2 5GQ,E07000176,E12000004
NG9 1EH,E07000172,E12000004
NG24 3JH,E07000175,E12000004
NG3 2GQ,E06000018,E12000004
S81 0JN,E07000171,E12000004
NG3 6HR,E07000173,E12000004
NG11 8ED,E06000018,E12000004
NG13 8LG,E07000176,E12000004
NG16 3UD,E07000172,E12000004
NG17 4EL,E07000170,E12000004
NG17 7BD,E07000170,E12000004
NG17 7QG,E07000170,E12000004
NG22 8GZ,E07000175,E12000004
NG23 5PA,E07000175,E12000004
NG6 9FE,E06000018,E12000004
NG2 3AJ,E06000018,E12000004
NG2 7TR,E07000176,E12000004
NG21 0RX,E07000175,E12000004
NG4 1LZ,E07000173,E12000004
NG9 1ET,E07000172,E12000004
NG9 5HL,E07000172,E12000004
NG24 2PX,E07000175,E12000004
NG3 6FJ,E07000173,E12000004
NG20 0JA,E07000174,E12000004
NG21 0RY,E07000175,E12000004
NG9 2JG,E07000172,E12000004
NG3 4QJ,E06000018,E12000004
NG3 5TG,E07000173,E12000004
S81 7RT,E07000171,E12000004
S81 8LS,E07000171,E12000004
NG15 6WN,E07000170,E12000004
NG15 7JJ,E07000170,E12000004
NG5 2LB,E06000018,E12000004
NG5 4NX,E07000173,E12000004
S80 2RS,E07000171,E12000004
NG14 5AF,E07000173,E12000004
NG5 4LX,E07000173,E12000004
NG5 5FF,E06000018,E12000004
NG5 5RZ,E06000018,E12000004
NG5 6FY,E07000173,E12000004
S80 2HQ,E07000171,E12000004
NG15 8GW,E07000170,E12000004
NG9 2HE,E07000172,E12000004
NG13 9AP,E07000176,E12000004
NG25 0HD,E07000175,E12000004
NG3 4FQ,E06000018,E12000004
NG2 4DH,E06000018,E12000004
NG17 1DE,E07000170,E12000004
NG17 1FN,E07000170,E12000004
NG22 0SA,E07000171,E12000004
NG8 3DD,E06000018,E12000004
NG9 1AN,E07000172,E12000004
NG11 7FH,E06000018,E12000004
NG11 7HJ,E06000018,E12000004
NG12 3PF,E07000176,E12000004
NG12 3SH,E07000176,E12000004
NG13 9HY,E07000176,E12000004
NG18 3DW,E07000174,E12000004
NG2 1EP,E06000018,E12000004
NG24 4XB,E07000175,E12000004
NG7 6NT,E06000018,E12000004
NG8 3HR,E06000018,E12000004
NG12 5SJ,E07000176,E12000004
NG3 6AH,E07000173,E12000004
NG3 6FU,E07000173,E12000004
NG16 5DR,E07000172,E12000004
NG4 2FF,E07000173,E12000004
NG11 8AS,E06000018,E12000004
NG24 4NR,E07000175,E12000004
NG16 5LU,E07000170,E12000004
NG17 4FW,E07000170,E12000004
NG17 5HJ,E07000170,E12000004
NG7 6AW,E06000018,E12000004
NG8 3PR,E06000018,E12000004
NG14 6QJ,E07000173,E12000004
NG23 6AQ,E07000175,E12000004
NG5 5UH,E06000018,E12000004
NG5 6QA,E07000173,E12000004
NG19 8EZ,E07000174,E12000004
NG9 2TH,E07000172,E12000004
S81 7SB,E07000171,E12000004
NG16 3BF,E07000172,E12000004
NG6 8TZ,E06000018,E12000004
NG11 6BN,E07000176,E12000004
NG11 6GE,E07000176,E12000004
NG18 3NR,E07000174,E12000004
NG9 6BP,E07000172,E12000004
NG9 7BQ,E07000172,E12000004
NG9 7GF,E07000172,E12000004
NG17 4EB,E07000170,E12000004
NG17 4HR,E07000170,E12000004
NG24 4ST,E07000175,E12000004
NG7 5GQ,E06000018,E12000004
NG8 1NH,E06000018,E12000004
NG5 9HH,E06000018,E12000004
NG6 7DF,E06000018,E12000004
NG18 5EZ,E07000174,E12000004
NG18 5RG,E07000174,E12000004
NG16 6DH,E07000170,E12000004
NG17 2JF,E07000170,E12000004
NG8 1GG,E06000018,E12000004
NG8 2PJ,E06000018,E12000004
NG8 3LT,E06000018,E12000004
NG8 3NW,E06000018,E12000004
NG8 5FT,E06000018,E12000004
NG9 1BB,E07000172,E12000004
NG11 8GF,E06000018,E12000004
NG12 4BJ,E07000176,E12000004
NG13 8LD,E07000176,E12000004
NG13 9BU,E07000176,E12000004
NG24 2RA,E07000175,E12000004
NG24 4EN,E07000175,E12000004
NG25 0RS,E07000175,E12000004
NG3 1HF,E06000018,E12000004
NG12 3UT,E07000176,E12000004
NG2 2EH,E06000018,E12000004
NG2 6PL,E07000176,E12000004
NG8 2RJ,E06000018,E12000004
NG8 5LE,E06000018,E12000004
NG8 5NP,E06000018,E12000004
NG11 8AD,E06000018,E12000004
NG13 9JP,E07000176,E12000004
NG21 0BU,E07000174,E12000004
NG4 4PF,E07000173,E12000004
NG6 8GN,E06000018,E12000004
NG18 2AH,E07000174,E12000004
NG18 5NF,E07000174,E12000004
NG17 4EZ,E07000170,E12000004
NG17 5BH,E07000170,E12000004
NG17 7DG,E07000170,E12000004
NG17 9AY,E07000170,E12000004
NG3 1AJ,E06000018,E12000004
NG7 3AQ,E06000018,E12000004
NG7 3HE,E06000018,E12000004
NG7 3NN,E06000018,E12000004
NG11 8JD,E06000018,E12000004
NG2 4RH,E06000018,E12000004
NG2 6SD,E07000176,E12000004
NG2 7UQ,E07000176,E12000004
NG5 2EF,E06000018,E12000004
NG15 6HJ,E07000170,E12000004
NG15 8AA,E07000170,E12000004
NG16 3FG,E07000172,E12000004
NG24 3BJ,E07000175,E12000004
NG4 2PR,E07000173,E12000004
NG9 3BD,E07000172,E12000004
NG9 6LE,E07000172,E12000004
NG2 2HY,E06000018,E12000004
NG2 3GQ,E06000018,E12000004
NG3 1LQ,E06000018,E12000004
NG9 6LS,E07000172,E12000004
NG22 8TX,E07000175,E12000004
NG11 8PN,E06000018,E12000004
NG13 9FG,E07000176,E12000004
NG18 3NF,E07000174,E12000004
NG2 4NX,E06000018,E12000004
NG9 3DF,E07000172,E12000004
NG9 3LP,E07000172,E12000004
NG11 8LP,E06000018,E12000004
NG15 6WE,E07000170,E12000004
NG15 9DB,E07000173,E12000004
NG2 7SG,E07000176,E12000004
NG20 0GD,E07000174,E12000004
NG24 2GE,E07000175,E12000004
NG3 2BN,E06000018,E12000004
NG3 3EH,E06000018,E12000004
NG4 4FZ,E07000173,E12000004
NG9 2RH,E07000172,E12000004
NG11 8EX,E06000018,E12000004
NG19 6AN,E07000174,E12000004
NG7 2JQ,E06000018,E12000004
NG1 2NA,E06000018,E12000004
NG5 7JN,E07000173,E12000004
NG1 2JD,E06000018,E12000004
NG1 4EN,E06000018,E12000004
NG1 4FQ,E06000018,E12000004
NG6 9DP,E06000018,E12000004
NG22 8PA,E07000175,E12000004
NG24 1AB,E07000175,E12000004
NG24 1TN,E07000175,E12000004
NG19 7LX,E07000174,E12000004
NG7 1ST,E06000018,E12000004
NG8 3EA,E06000018,E12000004
NG5 5FL,E06000018,E12000004
NG12 4FP,E07000176,E12000004
NG12 4GP,E07000176,E12000004
NG7 2NN,E06000018,E12000004
NG11 6JL,E07000176,E12000004
NG5 9DA,E06000018,E12000004
NG6 8BX,E06000018,E12000004
NG6 9DB,E06000018,E12000004
S81 7PE,E07000171,E12000004
S81 9AL,E07000171,E12000004
NG12 2DG,E07000176,E12000004
NG12 2HE,E07000176,E12000004
NG12 4AH,E07000176,E12000004
NG12 5LA,E07000176,E12000004
NG13 8BL,E07000176,E12000004
NG2 5JZ,E07000176,E12000004
NG20 0PB,E07000174,E12000004
S81 8HG,E07000171,E12000004
NG17 2NZ,E07000170,E12000004
NG17 9FG,E07000170,E12000004
NG24 2GP,E07000175,E12000004
NG24 3WL,E07000175,E12000004
NG7 5RX,E06000018,E12000004
S80 3HA,E07000171,E12000004
NG2 6DT,E07000176,E12000004
NG20 0AQ,E07000174,E12000004
NG21 0QH,E07000175,E12000004
NG4 4HG,E07000173,E12000004
NG17 4GP,E07000170,E12000004
NG17 7AN,E07000170,E12000004
NG17 7PY,E07000170,E12000004
NG24 3NE,E07000175,E12000004
NG25 0UB,E07000175,E12000004
NG7 6HH,E06000018,E12000004
NG5 1NB,E06000018,E12000004
LE12 6QJ,E07000176,E12000004
NG7 1JX,E06000018,E12000004
NG8 4BA,E06000018,E12000004
NG8 5HY,E06000018,E12000004
NG24 2DX,E07000175,E12000004
NG5 3JD,E06000018,E12000004
NG18 4YP,E07000174,E12000004
NG9 8QF,E07000172,E12000004
NG15 7HJ,E07000170,E12000004
NG23 6QN,E07000175,E12000004
NG5 5SW,E06000018,E12000004
NG11 6DE,E07000176,E12000004
NG9 2TL,E06000018,E12000004
NG9 6EZ,E07000172,E12000004
NG24 1PY,E07000175,E12000004
NG5 3DQ,E06000018,E12000004
NG18 4AG,E07000174,E12000004
NG18 4SF,E07000174,E12000004
NG9 5PF,E07000172,E12000004
NG11 9LP,E06000018,E12000004
NG12 1BB,E07000176,E12000004
NG2 5LQ,E07000176,E12000004
NG2 7FD,E07000176,E12000004
NG4 1JW,E07000173,E12000004
NG4 4GJ,E07000173,E12000004
NG16 5BA,E07000172,E12000004
NG17 4DF,E07000170,E12000004
NG17 4JW,E07000170,E12000004
NG17 5HN,E07000170,E12000004
NG17 7GF,E07000170,E12000004
NG17 7HH,E07000170,E12000004
NG17 8NA,E07000170,E12000004
NG24 3GL,E07000175,E12000004
NG3 4PG,E06000018,E12000004
NG3 5HJ,E06000018,E12000004
NG7 2DE,E06000018,E12000004
NG8 2PP,E06000018,E12000004
NG8 2RW,E07000172,E12000004
NG15 6AF,E07000170,E12000004
NG15 7WD,E07000170,E12000004
NG22 9DE,E07000175,E12000004
NG5 8PT,E07000173,E12000004
NG5 9PF,E07000173,E12000004
NG18 4XU,E07000174,E12000004
NG9 4AS,E07000172,E12000004
NG9 6HB,E07000172,E12000004
NG24 3RG,E07000175,E12000004
NG7 7FL,E06000018,E12000004
NG2 5JN,E07000176,E12000004
NG5 4NB,E07000173,E12000004
NG5 7GA,E07000173,E12000004
NG1 5AT,E06000018,E12000004
NG19 0BN,E07000174,E12000004
NG19 7GE,E07000174,E12000004
NG3 6FT,E07000173,E12000004
NG3 7FY,E06000018,E12000004
NG8 5FY,E06000018,E12000004
NG15 7EA,E07000170,E12000004
NG15 7QA,E07000170,E12000004
NG16 3HD,E07000172,E12000004
NG2 2GR,E06000018,E12000004
NG2 4PD,E06000018,E12000004
NG2 5AE,E07000176,E12000004
NG19 0AH,E07000174,E12000004
NG24 4UR,E07000175,E12000004
NG25 0PN,E07000175,E12000004
NG3 4GF,E06000018,E12000004
NG16 3DR,E07000172,E12000004
NG2 6QW,E07000176,E12000004
NG20 0LG,E07000174,E12000004
NG5 5QZ,E06000018,E12000004
NG12 3PS,E07000176,E12000004
NG17 8SF,E07000170,E12000004
NG4 1EZ,E07000173,E12000004
S81 8TH,E07000171,E12000004
NG12 4AA,E07000176,E12000004
NG4 1RU,E07000173,E12000004
NG4 3HJ,E07000173,E12000004
S81 8ER,E07000171,E12000004
NG11 9BD,E06000018,E12000004
NG17 1EF,E07000170,E12000004
NG17 2JE,E07000170,E12000004
NG9 2AG,E07000172,E12000004
NG9 3RA,E07000172,E12000004
NG9 3TD,E07000172,E12000004
NG16 2AB,E07000172,E12000004
NG1 5AD,E06000018,E12000004
NG3 1FR,E06000018,E12000004
NG8 2JH,E06000018,E12000004
NG8 5SE,E06000018,E12000004
NG9 1BU,E07000172,E12000004
NG16 6DD,E07000170,E12000004
NG18 1LG,E07000174,E12000004
NG4 2QP,E07000173,E12000004
NG9 5BB,E07000172,E12000004
NG17 1EU,E07000170,E12000004
NG7 5NP,E06000018,E12000004
NG18 2HA,E07000174,E12000004
NG18 5JJ,E07000174,E12000004
NG19 9DR,E07000174,E12000004
NG5 8JG,E07000173,E12000004
NG6 0JB,E06000018,E12000004
NG20 0AA,E07000174,E12000004
S81 7TF,E07000171,E12000004
NG1 3BG,E06000018,E12000004
NG17 5AG,E07000170,E12000004
NG17 5FS,E07000170,E12000004
NG24 2EF,E07000175,E12000004
NG7 5NQ,E06000018,E12000004
NG12 5PW,E07000176,E12000004
NG13 8LL,E07000176,E12000004
NG6 8AR,E06000018,E12000004
NG6 8DJ,E06000018,E12000004
NG15 6EP,E07000170,E12000004
NG2 4BT,E06000018,E12000004
NG9 1DU,E07000172,E12000004
NG21 9DJ,E07000175,E12000004
NG22 9SQ,E07000175,E12000004
NG24 2DH,E07000175,E12000004
NG8 4DN,E06000018,E12000004
NG12 5QE,E07000176,E12000004
NG18 3HH,E07000174,E12000004
NG24 2GH,E07000175,E12000004
NG24 2NR,E07000175,E12000004
NG5 5AB,E06000018,E12000004
NG5 8TF,E07000173,E12000004
NG16 2LW,E07000172,E12000004
NG2 7LX,E07000176,E12000004
NG17 2SY,E07000170,E12000004
NG17 5LQ,E07000170,E12000004
NG22 9LE,E07000175,E12000004
NG23 6DU,E07000175,E12000004
NG7 3QB,E06000018,E12000004
NG11 8FB,E06000018,E12000004
NG12 3SP,E07000176,E12000004
NG13 7BG,E07000176,E12000004
NG13 9BY,E07000176,E12000004
NG18 4HG,E07000174,E12000004
NG19 9EX,E07000174,E12000004
NG24 5BA,E07000175,E12000004
NG25 0PJ,E07000175,E12000004
NG3 2HY,E06000018,E12000004
NG3 3BU,E06000018,E12000004
NG3 5EG,E06000018,E12000004
NG3 5TJ,E07000173,E12000004
NG16 2RR,E07000172,E12000004
NG2 4LZ,E06000018,E12000004
NG2 6EX,E07000176,E12000004
S80 1BN,E07000171,E12000004
S80 1DA,E07000171,E12000004
NG17 5GH,E07000170,E12000004
NG24 4QA,E07000175,E12000004
NG3 5DZ,E06000018,E12000004
NG6 8GP,E06000018,E12000004
NG6 8JZ,E06000018,E12000004
NG14 5DR,E07000173,E12000004
NG15 6AS,E07000170,E12000004
NG2 6BQ,E07000176,E12000004
NG7 3HX,E06000018,E12000004
NG8 3AE,E06000018,E12000004
NG17 4JA,E07000170,E12000004
NG18 1NU,E07000174,E12000004
NG25 0LR,E07000175,E12000004
NG5 2GR,E06000018,E12000004
NG5 8QX,E07000173,E12000004
NG6 0LU,E06000018,E12000004
NG6 8TJ,E07000173,E12000004
NG6 8XJ,E07000170,E12000004
S81 7NP,E07000171,E12000004
S81 7NW,E07000171,E12000004
S81 9AQ,E07000171,E12000004
NG14 5EL,E07000173,E12000004
NG15 6EN,E07000170,E12000004
NG15 6LH,E07000170,E12000004
NG15 7UZ,E07000170,E12000004
NG21 0EU,E07000175,E12000004
NG7 4BJ,E06000018,E12000004
NG7 7HX,E06000018,E12000004
NG8 5GR,E06000018,E12000004
NG16 5BD,E07000172,E12000004
NG3 6NE,E07000173,E12000004
NG5 6BL,E07000173,E12000004
NG5 8RZ,E07000173,E12000004
NG6 9LQ,E06000018,E12000004
NG2 2LG,E06000018,E12000004
NG7 4EP,E06000018,E12000004
NG17 7JE,E07000170,E12000004
NG17 8RW,E07000170,E12000004
NG3 2PU,E06000018,E12000004
NG3 5UZ,E07000173,E12000004
NG3 6BZ,E07000173,E12000004
NG5 3GU,E06000018,E12000004
NG6 9FH,E06000018,E12000004
S81 8PX,E07000171,E12000004
NG16 1GH,E07000172,E12000004
NG11 8FU,E06000018,E12000004
NG11 9BP,E06000018,E12000004
NG12 2FU,E07000176,E12000004
NG4 2HP,E07000173,E12000004
NG9 1LA,E07000172,E12000004
NG12 4HS,E07000176,E12000004
NG19 6JU,E07000174,E12000004
NG19 8HG,E07000174,E12000004
NG23 6HE,E07000175,E12000004
NG23 7NP,E07000175,E12000004
NG9 2FF,E07000172,E12000004
NG12 2JS,E07000176,E12000004
NG18 2LF,E07000174,E12000004
NG19 7HZ,E07000174,E12000004
NG24 1BE,E07000175,E12000004
NG9 3EP,E07000172,E12000004
NG9 3GL,E07000172,E12000004
S80 3BP,E07000171,E12000004
NG17 4DS,E07000170,E12000004
NG17 8QE,E07000170,E12000004
NG22 9PB,E07000175,E12000004
NG24 1BJ,E07000175,E12000004
NG24 1LS,E07000175,E12000004
NG4 3NT,E07000173,E12000004
NG5 1JU,E06000018,E12000004
NG2 2JR,E06000018,E12000004
NG7 6QA,E06000018,E12000004
S80 1TN,E07000171,E12000004
LE12 6PW,E07000176,E12000004
NG22 8EY,E07000175,E12000004
NG4 3FP,E07000173,E12000004
NG1 5AP,E06000018,E12000004
NG14 6NB,E07000173,E12000004
NG15 6XL,E07000170,E12000004
NG16 2HF,E07000172,E12000004
NG7 2ET,E06000018,E12000004
NG17 3EA,E07000170,E12000004
NG17 3JJ,E07000170,E12000004
NG17 8BY,E07000170,E12000004
NG22 0PP,E07000171,E12000004
NG22 9DP,E07000175,E12000004
NG4 1LE,E07000173,E12000004
NG4 1PG,E07000173,E12000004
NG4 2QH,E07000173,E12000004
NG5 1QL,E06000018,E12000004
NG9 6HE,E07000172,E12000004
NG1 1LS,E06000018,E12000004
NG16 1EP,E07000172,E12000004
NG8 2BF,E06000018,E12000004
NG8 5DE,E06000018,E12000004
LE12 5RA,E07000176,E12000004
NG17 4FB,E07000170,E12000004
NG17 7NJ,E07000170,E12000004
NG23 6HA,E07000175,E12000004
NG4 1JD,E07000173,E12000004
NG9 4HL,E07000172,E12000004
NG9 8PG,E07000172,E12000004
NG11 6DS,E07000176,E12000004
NG2 4AT,E06000018,E12000004
NG2 6QG,E07000176,E12000004
NG7 7GH,E06000018,E12000004
NG8 3DX,E06000018,E12000004
S81 0HT,E07000171,E12000004
S81 7HU,E07000171,E12000004
S81 9ER,E07000171,E12000004
NG13 0AW,E07000176,E12000004
NG13 9HF,E07000176,E12000004
NG13 9NT,E07000176,E12000004
NG6 0DE,E06000018,E12000004
S81 8JL,E07000171,E12000004
NG12 5NN,E07000176,E12000004
NG13 8JS,E07000176,E12000004
NG18 4DL,E07000174,E12000004
NG18 4QU,E07000174,E12000004
NG24 4TR,E07000175,E12000004
NG3 5LD,E07000173,E12000004
NG5 6PR,E07000173,E12000004
NG5 8ES,E07000173,E12000004
S81 7PB,E07000171,E12000004
S81 7QZ,E07000171,E12000004
NG11 7AP,E06000018,E12000004
NG11 8FW,E06000018,E12000004
NG12 3HZ,E07000176,E12000004
NG12 5QS,E07000176,E12000004
NG25 0TH,E07000175,E12000004
NG5 6AE,E07000173,E12000004
S81 7DB,E07000171,E12000004
NG19 0BW,E07000174,E12000004
NG19 0SJ,E07000174,E12000004
NG3 2DN,E06000018,E12000004
NG3 2HR,E06000018,E12000004
NG3 3DA,E06000018,E12000004
NG5 9AU,E06000018,E12000004
LE12 5PY,E07000176,E12000004
NG13 8NG,E07000176,E12000004
NG2 2JZ,E06000018,E12000004
NG2 5AB,E07000176,E12000004
NG4 1PU,E07000173,E12000004
NG4 2JG,E07000173,E12000004
NG4 2SG,E07000173,E12000004
NG15 0EL,E07000170,E12000004
NG15 7TN,E07000170,E12000004
NG5 8JW,E07000173,E12000004
NG6 8AB,E06000018,E12000004
NG7 1AW,E06000018,E12000004
NG11 9EB,E06000018,E12000004
NG12 4HJ,E07000176,E12000004
NG12 5JU,E07000176,E12000004
NG13 8EP,E07000176,E12000004
NG13 9LH,E07000176,E12000004
NG2 1PF,E06000018,E12000004
NG16 1AQ,E07000172,E12000004
NG16 1AT,E07000172,E12000004
NG22 0EB,E07000175,E12000004
NG22 8ET,E07000175,E12000004
NG5 3FG,E06000018,E12000004
NG5 6TJ,E07000173,E12000004
NG5 9LN,E06000018,E12000004
NG18 1TD,E07000174,E12000004
NG9 1JF,E07000172,E12000004
LE12 5PL,E07000176,E12000004
NG12 5PE,E07000176,E12000004
NG12 5QB,E07000176,E12000004
NG13 8UQ,E07000176,E12000004
NG16 1JL,E07000172,E12000004
NG16 2LD,E07000172,E12000004
NG22 0AF,E07000175,E12000004
NG24 1LE,E07000175,E12000004
NG5 7HH,E07000173,E12000004
NG6 0FA,E06000018,E12000004
NG6 8BD,E06000018,E12000004
NG6 8FE,E06000018,E12000004
LE12 6QN,E07000176,E12000004
NG13 8ZF,E07000176,E12000004
NG13 9EP,E07000176,E12000004
NG4 2JW,E07000173,E12000004
NG4 2PZ,E07000173,E12000004
NG14 6LX,E07000173,E12000004
NG6 8QF,E06000018,E12000004
NG6 9HJ,E06000018,E12000004
NG9 2JY,E07000172,E12000004
S80 1TL,E07000171,E12000004
S80 2DJ,E07000171,E12000004
S80 3FR,E07000171,E12000004
NG11 6FH,E07000176,E12000004
NG24 3DE,E07000175,E12000004
NG25 0LX,E07000175,E12000004
NG3 4EZ,E06000018,E12000004
NG3 5JH,E07000173,E12000004
NG8 5PW,E06000018,E12000004
NG17 7NY,E07000170,E12000004
NG3 7AE,E06000018,E12000004
NG7 7HS,E06000018,E12000004
NG9 8PD,E07000172,E12000004
S80 2SF,E07000171,E12000004
NG17 2HL,E07000170,E12000004
NG17 4FF,E07000170,E12000004
NG25 0HZ,E07000175,E12000004
NG7 1DT,E06000018,E12000004
NG8 2FT,E06000018,E12000004
NG8 6GW,E06000018,E12000004
NG19 6EX,E07000174,E12000004
NG19 9QW,E07000174,E12000004
NG9 3DH,E07000172,E12000004
NG9 6JH,E07000172,E12000004
NG1 5DN,E06000018,E12000004
NG24 3FS,E07000175,E12000004
NG24 3NW,E07000175,E12000004
NG7 7BT,E06000018,E12000004
S81 8HA,E07000171,E12000004
LE12 6YF,E07000176,E12000004
NG21 9NS,E07000175,E12000004
NG5 5GX,E06000018,E12000004
NG6 0DQ,E06000018,E12000004
NG6 8JA,E06000018,E12000004
S81 7NN,E07000171,E12000004
S81 8TD,E07000171,E12000004
NG14 7GF,E07000175,E12000004
NG15 7QH,E07000170,E12000004
NG16 1AG,E07000172,E12000004
NG24 3SX,E07000175,E12000004
NG3 1AL,E06000018,E12000004
NG3 1ND,E06000018,E12000004
NG3 5BQ,E06000018,E12000004
NG7 3GD,E06000018,E12000004
NG22 9US,E07000175,E12000004
NG5 8EP,E07000173,E12000004
NG6 8AY,E06000018,E12000004
S81 7QU,E07000171,E12000004
NG14 6RZ,E07000173,E12000004
NG16 6QY,E07000170,E12000004
NG3 5BP,E06000018,E12000004
NG3 5FH,E06000018,E12000004
NG3 5FX,E06000018,E12000004
NG8 4GX,E06000018,E12000004
LE12 6QR,E07000176,E12000004
LE12 6RR,E07000176,E12000004
NG5 4GJ,E07000173,E12000004
NG6 9JB,E06000018,E12000004
S81 9TP,E07000171,E12000004
NG14 5GD,E07000173,E12000004
NG15 7AX,E07000170,E12000004
NG17 7AQ,E07000170,E12000004
NG7 6JA,E06000018,E12000004
NG8 2DB,E06000018,E12000004
NG22 0DA,E07000175,E12000004
NG22 9TG,E07000175,E12000004
NG5 6NL,E07000173,E12000004
NG6 8WB,E06000018,E12000004
NG15 6EF,E07000170,E12000004
NG15 7DA,E07000170,E12000004
NG16 2UD,E07000172,E12000004
NG16 3GB,E07000172,E12000004
NG17 8PE,E07000170,E12000004
NG17 9FJ,E07000170,E12000004
NG3 5RA,E06000018,E12000004
NG11 6AS,E07000176,E12000004
NG18 3DG,E07000174,E12000004
NG9 6GA,E07000172,E12000004
NG12 2GE,E07000176,E12000004
NG2 7FH,E07000176,E12000004
NG1 1HW,E06000018,E12000004
NG1 1PU,E06000018,E12000004
NG1 3BA,E06000018,E12000004
NG18 2RF,E07000174,E12000004
NG9 5DW,E07000172,E12000004
NG11 8DY,E06000018,E12000004
NG11 8LZ,E06000018,E12000004
NG11 9GD,E06000018,E12000004
NG12 4DA,E07000176,E12000004
NG13 8HJ,E07000176,E12000004
NG2 6GL,E07000176,E12000004
NG5 1AG,E06000018,E12000004
NG5 1HF,E06000018,E12000004
NG18 2LB,E07000174,E12000004
NG18 4BB,E07000174,E12000004
NG11 8DW,E06000018,E12000004
NG12 5GL,E07000176,E12000004
NG13 7AD,E07000176,E12000004
NG4 3JR,E07000173,E12000004
NG18 2SQ,E07000174,E12000004
NG19 0GL,E07000174,E12000004
NG19 9JF,E07000174,E12000004
NG11 8LL,E06000018,E12000004
NG12 3DD,E07000176,E12000004
NG2 4QL,E06000018,E12000004
NG1 2FZ,E06000018,E12000004
NG1 3BN,E06000018,E12000004
NG17 2DG,E07000170,E12000004
NG17 7AE,E07000170,E12000004
NG2 1RT,E06000018,E12000004
NG2 7RQ,E07000176,E12000004
NG20 9EA,E07000171,E12000004
NG17 2PE,E07000170,E12000004
NG17 3JX,E07000170,E12000004
NG17 7BA,E07000170,E12000004
NG9 6BA,E07000172,E12000004
NG2 5GU,E07000176,E12000004
NG2 5LY,E07000176,E12000004
NG5 4HS,E07000173,E12000004
NG5 8EY,E07000173,E12000004
NG5 9BS,E06000018,E12000004
NG5 9QP,E07000173,E12000004
NG6 0GN,E06000018,E12000004
NG17 3HT,E07000170,E12000004
NG17 5ED,E07000170,E12000004
NG11 8AY,E06000018,E12000004
NG22 9PL,E07000175,E12000004
NG24 1AN,E07000175,E12000004
NG5 7EA,E07000173,E12000004
NG5 9AP,E06000018,E12000004
NG11 6BH,E07000176,E12000004
NG17 3GS,E07000170,E12000004
NG17 8AY,E07000170,E12000004
NG9 3BE,E07000172,E12000004
NG12 5BQ,E07000176,E12000004
NG12 5PN,E07000176,E12000004
NG13 8ZJ,E07000176,E12000004
NG22 9QL,E07000175,E12000004
NG24 1HA,E07000175,E12000004
NG5 5UW,E06000018,E12000004
NG15 6NX,E07000170,E12000004
NG15 9HE,E07000173,E12000004
NG16 1HW,E07000172,E12000004
NG16 1QE,E07000172,E12000004
NG16 3GD,E07000172,E12000004
NG18 2LQ,E07000174,E12000004
NG7 3NG,E06000018,E12000004
NG8 2SB,E06000018,E12000004
NG8 5RW,E06000018,E12000004
S80 3BT,E07000171,E12000004
NG15 6GB,E07000170,E12000004
NG18 5BY,E07000174,E12000004
NG18 5LP,E07000174,E12000004
NG19 0QL,E07000174,E12000004
NG3 7EF,E06000018,E12000004
NG8 5BX,E06000018,E12000004
NG14 7ES,E07000175,E12000004
NG16 1DT,E07000172,E12000004
NG18 2AL,E07000174,E12000004
NG19 8NW,E07000174,E12000004
NG24 4HQ,E07000175,E12000004
NG3 3BH,E06000018,E12000004
NG3 3LG,E06000018,E12000004
NG3 4PN,E06000018,E12000004
NG3 4PQ,E06000018,E12000004
NG3 6FX,E07000173,E12000004
NG4 2ES,E07000173,E12000004
NG15 7SD,E07000170,E12000004
NG15 8AE,E07000173,E12000004
NG16 1RH,E07000172,E12000004
NG18 3EN,E07000174,E12000004
NG25 0ES,E07000175,E12000004
NG3 5HR,E06000018,E12000004
NG3 5SJ,E07000173,E12000004
NG4 4NA,E07000173,E12000004
NG7 2NB,E06000018,E12000004
NG8 6FA,E06000018,E12000004
NG17 3GA,E07000170,E12000004
NG17 3NZ,E07000170,E12000004
NG3 6HT,E07000173,E12000004
NG7 2BY,E06000018,E12000004
NG12 2NQ,E07000176,E12000004
NG12 3UL,E07000176,E12000004
NG12 4JF,E07000176,E12000004
NG2 6RD,E07000176,E12000004
NG4 1EA,E07000173,E12000004
NG3 2HD,E06000018,E12000004
NG8 1NE,E06000018,E12000004
NG8 2GL,E06000018,E12000004
NG8 4HB,E06000018,E12000004
NG8 5FH,E06000018,E12000004
NG11 8TA,E06000018,E12000004
NG12 5LB,E07000176,E12000004
NG12 5NB,E07000176,E12000004
NG2 7TJ,E07000176,E12000004
NG5 1GU,E06000018,E12000004
NG17 2RF,E07000170,E12000004
NG17 5DR,E07000170,E12000004
NG8 6LR,E06000018,E12000004
NG16 3GA,E07000172,E12000004
NG5 6LP,E07000173,E12000004
NG5 7BD,E07000173,E12000004
NG5 2NJ,E06000018,E12000004
NG5 4EL,E06000018,E12000004
NG5 7EW,E07000173,E12000004
NG5 9HR,E06000018,E12000004
NG6 8YN,E06000018,E12000004
NG9 2ET,E07000172,E12000004
NG6 0JL,E06000018,E12000004
S81 9RE,E07000171,E12000004
NG19 6JE,E07000174,E12000004
NG19 8BZ,E07000174,E12000004
NG9 5EY,E07000172,E12000004
NG21 9TE,E07000175,E12000004
NG22 9HT,E07000175,E12000004
NG5 4GA,E07000173,E12000004
NG5 8EU,E07000173,E12000004
NG6 0DJ,E06000018,E12000004
LE12 5EE,E07000176,E12000004
NG14 5BD,E07000173,E12000004
NG15 7HX,E07000170,E12000004
NG5 6FN,E07000173,E12000004
S81 7DJ,E07000171,E12000004
NG18 2FF,E07000174,E12000004
NG19 7TG,E07000174,E12000004
NG2 7UW,E07000176,E12000004
NG4 2QU,E07000173,E12000004
NG11 6AT,E07000176,E12000004
NG12 1BY,E07000176,E12000004
NG5 9JB,E06000018,E12000004
LE12 5PB,E07000176,E12000004
LE12 6SX,E07000176,E12000004
NG17 5AD,E07000170,E12000004
NG4 2SY,E07000173,E12000004
NG1 2GR,E06000018,E12000004
NG11 0JT,E07000176,E12000004
NG12 5NY,E07000176,E12000004
NG6 9HN,E06000018,E12000004
NG9 3ET,E07000172,E12000004
NG16 5GR,E07000170,E12000004
NG21 9FB,E07000175,E12000004
NG23 7LJ,E07000175,E12000004
NG5 5DX,E06000018,E12000004
NG11 7BW,E06000018,E12000004
NG12 5EB,E07000176,E12000004
NG5 4DB,E06000018,E12000004
NG5 6HF,E07000173,E12000004
NG6 0FR,E06000018,E12000004
NG6 8XN,E07000170,E12000004
NG9 6EP,E07000172,E12000004
NG9 6JP,E07000172,E12000004
NG15 7TA,E07000170,E12000004
NG15 8FG,E07000173,E12000004
NG3 2QJ,E06000018,E12000004
NG7 6AD,E06000018,E12000004
NG14 5GT,E07000175,E12000004
NG8 2AB,E06000018,E12000004
NG8 2QL,E06000018,E12000004
NG8 6FX,E06000018,E12000004
NG8 6HL,E06000018,E12000004
S80 3QS,E07000171,E12000004
NG19 9AJ,E07000174,E12000004
NG24 5BD,E07000175,E12000004
NG3 2AP,E06000018,E12000004
NG7 1HD,E06000018,E12000004
NG7 2EB,E06000018,E12000004
NG8 1GX,E06000018,E12000004
NG19 6HH,E07000174,E12000004
NG19 9EN,E07000174,E12000004
NG15 6TT,E07000170,E12000004
NG24 3LG,E07000175,E12000004
NG3 2HW,E06000018,E12000004
NG3 3DG,E06000018,E12000004
NG3 7FR,E06000018,E12000004
NG7 5LL,E06000018,E12000004
NG7 6GJ,E06000018,E12000004
S81 7JZ,E07000171,E12000004
NG18 5HA,E07000174,E12000004
NG19 7QS,E07000174,E12000004
NG13 9PE,E07000175,E12000004
NG2 1NB,E06000018,E12000004
NG15 7PA,E07000170,E12000004
NG9 1LH,E07000172,E12000004
NG9 1NA,E07000172,E12000004
NG16 5LR,E07000170,E12000004
NG17 1BA,E07000170,E12000004
NG17 7GQ,E07000170,E12000004
NG18 1EA,E07000174,E12000004
NG18 1EB,E07000174,E12000004
NG21 9BF,E07000175,E12000004
NG22 0PA,E07000175,E12000004
NG24 1UN,E07000175,E12000004
NG5 2JN,E06000018,E12000004
NG20 0NJ,E07000174,E12000004
NG16 1HT,E07000172,E12000004
NG9 2FW,E07000172,E12000004
NG18 1HU,E07000174,E12000004
NG5 3AX,E06000018,E12000004
NG5 5NE,E06000018,E12000004
NG18 1TF,E07000174,E12000004
NG18 6AP,E07000174,E12000004
NG7 2PS,E06000018,E12000004
NG7 7JU,E06000018,E12000004
NG8 2BA,E06000018,E12000004
NG8 5RB,E06000018,E12000004
S81 8JB,E07000171,E12000004
NG22 0DB,E07000175,E12000004
NG24 1JR,E07000175,E12000004
NG5 4JJ,E07000173,E12000004
NG24 2TA,E07000175,E12000004
NG4 1GJ,E07000173,E12000004
NG4 3HE,E07000173,E12000004
NG8 2PE,E06000018,E12000004
NG8 5BZ,E06000018,E12000004
NG1 1AW,E06000018,E12000004
NG19 6PW,E07000174,E12000004
NG24 4NG,E07000175,E12000004
NG25 0FL,E07000175,E12000004
NG3 2BB,E06000018,E12000004
NG3 6NL,E07000173,E12000004
NG4 3HF,E07000173,E12000004
NG7 1GZ,E06000018,E12000004
NG7 2FP,E06000018,E12000004
S81 7LL,E07000171,E12000004
NG2 4AA,E06000018,E12000004
NG2 7SN,E07000176,E12000004
NG14 5ED,E07000173,E12000004
NG14 6EH,E07000173,E12000004
NG16 2HY,E07000172,E12000004
NG9 8JP,E07000172,E12000004
NG17 1GH,E07000170,E12000004
NG21 9QS,E07000175,E12000004
NG18 3AQ,E07000174,E12000004
NG24 2JP,E07000175,E12000004
NG3 5JU,E07000173,E12000004
NG4 1NP,E07000173,E12000004
NG4 3HT,E07000173,E12000004
NG7 4DQ,E06000018,E12000004
NG14 6LA,E07000173,E12000004
NG15 7AE,E07000170,E12000004
NG16 2YN,E07000172,E12000004
NG7 3EA,E06000018,E12000004
NG8 5DP,E06000018,E12000004
NG8 5GN,E06000018,E12000004
S81 9GN,E07000171,E12000004
NG11 9FE,E06000018,E12000004
NG12 4BD,E07000176,E12000004
NG2 3AY,E06000018,E12000004
NG5 1HP,E06000018,E12000004
NG5 1HQ,E06000018,E12000004
NG15 9FW,E07000173,E12000004
NG22 0LR,E07000171,E12000004
NG7 3GT,E06000018,E12000004
NG8 5QX,E06000018,E12000004
NG13 7AP,E07000176,E12000004
NG13 8AG,E07000176,E12000004
NG2 2FA,E06000018,E12000004
NG2 4EE,E06000018,E12000004
NG2 6DN,E07000176,E12000004
NG2 6JB,E07000176,E12000004
NG20 0AB,E07000174,E12000004
NG21 0BQ,E07000175,E12000004
NG23 6RQ,E07000171,E12000004
NG7 4AZ,E06000018,E12000004
NG7 7GU,E06000018,E12000004
NG8 3DF,E06000018,E12000004
NG11 8DL,E06000018,E12000004
NG12 3JA,E07000176,E12000004
NG4 1GE,E07000173,E12000004
NG14 5JX,E07000173,E12000004
NG14 7DF,E07000175,E12000004
NG21 9FD,E07000175,E12000004
NG22 8QX,E07000175,E12000004
NG22 9BN,E07000175,E12000004
NG8 2EQ,E06000018,E12000004
NG11 8FP,E06000018,E12000004
NG12 4LT,E07000176,E12000004
NG2 2DR,E06000018,E12000004
NG2 6NN,E07000176,E12000004
NG9 2HJ,E07000172,E12000004
NG9 3LR,E07000172,E12000004
NG4 3DJ,E07000173,E12000004
NG1 1LX,E06000018,E12000004
NG1 4EW,E06000018,E12000004
NG1 5HJ,E06000018,E12000004
NG11 0DP,E07000176,E12000004
NG24 3WQ,E07000175,E12000004
NG24 5BP,E07000175,E12000004
NG5 6HP,E07000173,E12000004
NG5 7AJ,E07000173,E12000004
NG5 7GG,E07000173,E12000004
NG5 8SE,E07000173,E12000004
NG18 1ND,E07000174,E12000004
NG1 1PR,E06000018,E12000004
NG1 3HW,E06000018,E12000004
NG24 3XR,E07000175,E12000004
NG25 0FE,E07000175,E12000004
NG5 9EL,E06000018,E12000004
NG17 7LT,E07000170,E12000004
NG17 7RB,E07000170,E12000004
S80 1BL,E07000171,E12000004
S80 1SR,E07000171,E12000004
NG1 2EX,E06000018,E12000004
NG11 6DW,E07000176,E12000004
NG3 5SD,E07000173,E12000004
NG3 6FG,E07000173,E12000004
NG1 7DD,E06000018,E12000004
NG18 3DQ,E07000174,E12000004
NG19 6FN,E07000174,E12000004
NG19 7JX,E07000174,E12000004
NG3 3DB,E06000018,E12000004
S80 1EH,E07000171,E12000004
S80 1EN,E07000171,E12000004
NG15 6XB,E07000170,E12000004
NG15 7RU,E07000170,E12000004
NG21 9EH,E07000175,E12000004
NG23 7RF,E07000175,E12000004
NG17 3DY,E07000170,E12000004
NG17 3FQ,E07000170,E12000004
NG24 4BX,E07000175,E12000004
S81 8AQ,E07000171,E12000004
NG14 6QB,E07000173,E12000004
NG15 0DP,E07000170,E12000004
NG15 6TA,E07000170,E12000004
NG15 7US,E07000170,E12000004
NG16 3LN,E07000172,E12000004
NG16 3NS,E07000172,E12000004
NG21 0UW,E07000174,E12000004
NG21 9LG,E07000175,E12000004
NG22 8NE,E07000175,E12000004
NG23 7NX,E07000175,E12000004
NG17 7NR,E07000170,E12000004
NG17 8JR,E07000170,E12000004
NG17 8PQ,E07000170,E12000004
NG17 9AJ,E07000170,E12000004
NG8 6BA,E06000018,E12000004
S81 8UF,E07000171,E12000004
NG5 3FU,E06000018,E12000004
NG5 4PU,E07000173,E12000004
NG6 8UP,E06000018,E12000004
NG16 5JJ,E07000170,E12000004
NG17 8GF,E07000170,E12000004
NG3 6AG,E07000173,E12000004
NG3 7BL,E06000018,E12000004
NG7 2PH,E06000018,E12000004
NG7 7GG,E06000018,E12000004
NG2 5JB,E07000176,E12000004
NG2 7FB,E07000176,E12000004
NG12 2HW,E07000176,E12000004
NG12 3ED,E07000176,E12000004
NG13 9QA,E07000176,E12000004
NG2 2DU,E06000018,E12000004
NG2 4HW,E06000018,E12000004
NG2 7UF,E07000176,E12000004
NG4 2BW,E07000173,E12000004
NG4 2JU,E07000173,E12000004
NG9 2LE,E07000172,E12000004
NG9 3FN,E07000172,E12000004
S80 1AG,E07000171,E12000004
NG4 4DP,E07000173,E12000004
NG5 2BL,E06000018,E12000004
NG1 6AD,E06000018,E12000004
NG18 5HH,E07000174,E12000004
NG9 7DQ,E07000172,E12000004
NG22 9EJ,E07000175,E12000004
NG5 6LA,E07000173,E12000004
NG5 8BT,E07000173,E12000004
NG5 9PU,E07000173,E12000004
NG24 3DB,E07000175,E12000004
NG8 6LT,E06000018,E12000004
S81 9SG,E07000171,E12000004
NG12 1DE,E07000176,E12000004
NG12 3FB,E07000176,E12000004
NG2 6SP,E07000176,E12000004
NG2 7PD,E07000176,E12000004
NG4 1GG,E07000173,E12000004
NG4 2HR,E07000173,E12000004
NG12 1DB,E07000176,E12000004
NG12 4JR,E07000176,E12000004
NG2 6LE,E07000176,E12000004
NG20 0PG,E07000174,E12000004
NG4 4PA,E07000173,E12000004
NG5 1DX,E06000018,E12000004
NG1 3GX,E06000018,E12000004
NG9 5ED,E07000172,E12000004
NG18 4GB,E07000174,E12000004
NG18 5QF,E07000174,E12000004
NG19 6JD,E07000174,E12000004
NG9 8FQ,E07000172,E12000004
NG12 2NJ,E07000176,E12000004
NG2 7NG,E07000176,E12000004
NG5 1LY,E06000018,E12000004
NG5 2DA,E06000018,E12000004
NG11 0HQ,E07000176,E12000004
NG12 3JR,E07000176,E12000004
NG2 4EG,E06000018,E12000004
NG2 4FJ,E06000018,E12000004
NG11 0AD,E07000176,E12000004
NG9 8ET,E07000172,E12000004
NG12 3AS,E07000176,E12000004
NG12 5QU,E07000176,E12000004
NG13 8ZY,E07000176,E12000004
NG2 3JA,E06000018,E12000004
NG2 5LD,E07000176,E12000004
NG4 3JT,E07000173,E12000004
NG4 3NZ,E07000173,E12000004
NG4 3QL,E07000173,E12000004
NG18 4BW,E07000174,E12000004
NG11 6RZ,E07000176,E12000004
NG12 2HP,E07000176,E12000004
NG12 2JU,E07000176,E12000004
NG12 5NE,E07000176,E12000004
NG13 8TY,E07000176,E12000004
NG2 4NU,E06000018,E12000004
NG2 7DW,E07000176,E12000004
NG17 8EY,E07000170,E12000004
NG17 9DQ,E07000170,E12000004
NG24 4SE,E07000175,E12000004
NG8 4BZ,E06000018,E12000004
NG9 1AR,E07000172,E12000004
NG16 3AP,E07000172,E12000004
NG22 0SH,E07000171,E12000004
NG5 3FN,E06000018,E12000004
NG17 3HP,E07000170,E12000004
NG17 5FD,E07000170,E12000004
NG3 4JD,E06000018,E12000004
NG3 5EX,E06000018,E12000004
NG15 9DP,E07000173,E12000004
NG23 5SY,E07000175,E12000004
NG23 7NL,E07000175,E12000004
NG23 7QR,E07000175,E12000004
NG5 7EL,E07000173,E12000004
NG16 5GE,E07000170,E12000004
NG7 4AF,E06000018,E12000004
NG15 6TJ,E07000170,E12000004
NG16 3BH,E07000172,E12000004
NG5 7GF,E07000173,E12000004
NG5 9JH,E06000018,E12000004
NG6 8JH,E06000018,E12000004
S81 8ND,E07000171,E12000004
NG16 5LE,E07000170,E12000004
NG17 7FY,E07000170,E12000004
NG17 8JQ,E07000170,E12000004
NG8 2BX,E06000018,E12000004
NG15 6XH,E07000170,E12000004
NG15 7QS,E07000170,E12000004
NG5 2LL,E06000018,E12000004
NG6 0DD,E06000018,E12000004
NG15 7FA,E07000170,E12000004
NG16 1HD,E07000172,E12000004
NG21 9NY,E07000175,E12000004
NG22 9XB,E07000175,E12000004
NG23 6QE,E07000175,E12000004
NG5 8HY,E07000173,E12000004
NG5 8QL,E07000173,E12000004
NG16 3SL,E07000172,E12000004
NG21 9QG,E07000175,E12000004
NG22 8LQ,E07000175,E12000004
NG5 5FB,E06000018,E12000004
NG5 6JW,E07000173,E12000004
NG6 0AJ,E06000018,E12000004
NG17 1HP,E07000170,E12000004
NG9 1SB,E07000172,E12000004
NG9 5GP,E07000172,E12000004
NG21 9JR,E07000175,E12000004
NG22 0RP,E07000171,E12000004
NG22 8UG,E07000175,E12000004
NG16 5LP,E07000170,E12000004
NG17 5GS,E07000170,E12000004
NG9 1JS,E07000172,E12000004
NG2 7EZ,E07000176,E12000004
S81 7NR,E07000171,E12000004
NG24 4FF,E07000175,E12000004
NG15 9AR,E07000173,E12000004
NG23 6RL,E07000171,E12000004
NG5 9FA,E06000018,E12000004
NG9 5HU,E07000172,E12000004
NG12 1AR,E07000176,E12000004
NG2 7EW,E07000176,E12000004
NG20 9QB,E07000174,E12000004
NG21 0JR,E07000175,E12000004
NG4 1DW,E07000173,E12000004
NG1 3NL,E06000018,E12000004
NG1 6LA,E06000018,E12000004
NG3 2BH,E06000018,E12000004
NG7 6BA,E06000018,E12000004
NG12 4LH,E07000176,E12000004
NG4 2QR,E07000173,E12000004
NG5 1NX,E06000018,E12000004
S81 7RA,E07000171,E12000004
NG7 4EY,E06000018,E12000004
NG7 5RB,E06000018,E12000004
NG8 2GB,E06000018,E12000004
NG12 4JD,E07000176,E12000004
NG4 1RW,E07000173,E12000004
S81 0XU,E07000171,E12000004
NG3 5RG,E07000173,E12000004
S80 1JQ,E07000171,E12000004
S80 2JX,E07000171,E12000004
NG12 2GW,E07000176,E12000004
NG12 5BP,E07000176,E12000004
NG13 8GE,E07000176,E12000004
NG2 4AU,E06000018,E12000004
NG1 1DL,E06000018,E12000004
NG18 5BE,E07000170,E12000004
NG19 0AP,E07000174,E12000004
NG9 5HR,E07000172,E12000004
NG9 5JX,E07000172,E12000004
NG11 8AQ,E06000018,E12000004
NG11 8NL,E06000018,E12000004
NG11 9DT,E06000018,E12000004
NG12 5SA,E07000176,E12000004
NG1 6EB,E06000018,E12000004
NG18 3HD,E07000174,E12000004
NG19 0GJ,E07000174,E12000004
NG9 3JH,E07000172,E12000004
NG12 3PU,E07000176,E12000004
NG2 5JU,E07000176,E12000004
NG20 0RJ,E07000174,E12000004
NG9 1LY,E07000172,E12000004
NG16 2AR,E07000172,E12000004
NG6 0GH,E06000018,E12000004
S80 1TD,E07000171,E12000004
S80 3DA,E07000171,E12000004
NG3 5LX,E06000018,E12000004
NG3 5XE,E07000173,E12000004
NG5 4LQ,E07000173,E12000004
NG5 7FF,E07000173,E12000004
NG6 9AS,E06000018,E12000004
NG17 1LD,E07000170,E12000004
NG17 3LQ,E07000170,E12000004
NG17 4HP,E07000170,E12000004
NG16 3EY,E07000172,E12000004
NG24 2BJ,E07000175,E12000004
NG5 6PS,E07000173,E12000004
NG17 3EL,E07000170,E12000004
NG25 0JB,E07000175,E12000004
NG7 3HA,E06000018,E12000004
NG12 5GT,E07000176,E12000004
NG2 7TB,E07000176,E12000004
NG18 4FX,E07000174,E12000004
S81 9BH,E07000171,E12000004
NG21 9AB,E07000174,E12000004
NG22 8SL,E07000175,E12000004
NG22 8UY,E07000175,E12000004
NG23 5RA,E07000175,E12000004
NG6 8PH,E06000018,E12000004
NG16 6EU,E07000170,E12000004
NG16 6FF,E07000170,E12000004
NG17 5FY,E07000170,E12000004
NG17 9HX,E07000170,E12000004
NG7 3FP,E06000018,E12000004
NG16 1EG,E07000172,E12000004
NG11 8NE,E06000018,E12000004
NG4 3JY,E07000173,E12000004
NG4 4NF,E07000173,E12000004
NG9 8LH,E07000172,E12000004
S81 0SB,E07000171,E12000004
S81 7LF,E07000171,E12000004
NG22 9QZ,E07000175,E12000004
NG23 6ER,E07000175,E12000004
NG6 0GW,E06000018,E12000004
NG6 0LA,E06000018,E12000004
NG12 3AF,E07000176,E12000004
NG2 5BN,E07000176,E12000004
NG20 0AL,E07000174,E12000004
S81 8UZ,E07000171,E12000004
NG5 4HZ,E07000173,E12000004
NG2 4HS,E06000018,E12000004
NG4 1FP,E07000173,E12000004
NG4 3RY,E07000173,E12000004
NG5 1BH,E06000018,E12000004
LE12 6SQ,E07000176,E12000004
NG22 0QP,E07000171,E12000004
NG22 9WJ,E07000175,E12000004
NG5 4PG,E07000173,E12000004
NG5 9AD,E06000018,E12000004
NG11 8HE,E06000018,E12000004
NG12 5GS,E07000176,E12000004
NG13 7AB,E07000176,E12000004
S81 7SA,E07000171,E12000004
S81 9BB,E07000171,E12000004
NG18 4PB,E07000174,E12000004
NG17 1HH,E07000170,E12000004
NG17 7HR,E07000170,E12000004
NG24 3PH,E07000175,E12000004
NG7 1BZ,E06000018,E12000004
NG8 5BN,E06000018,E12000004
NG8 5HX,E06000018,E12000004
NG8 5PT,E06000018,E12000004
S80 1ES,E07000171,E12000004
NG19 0DR,E07000174,E12000004
NG19 6BY,E07000174,E12000004
NG17 2JR,E07000170,E12000004
NG24 2GD,E07000175,E12000004
NG7 1DN,E06000018,E12000004
NG7 4AU,E06000018,E12000004
S80 3FQ,E07000171,E12000004
NG18 3DF,E07000174,E12000004
NG3 3EZ,E06000018,E12000004
NG7 6PL,E06000018,E12000004
NG8 1HU,E06000018,E12000004
NG8 2RN,E07000172,E12000004
S80 1LQ,E07000171,E12000004
NG19 8ER,E07000174,E12000004
NG16 6GF,E07000170,E12000004
NG17 5EQ,E07000170,E12000004
NG17 9AH,E07000170,E12000004
NG25 0LD,E07000175,E12000004
NG7 1RU,E06000018,E12000004
NG8 2NJ,E06000018,E12000004
NG11 0AA,E07000176,E12000004
NG15 6SS,E07000170,E12000004
NG15 7SG,E07000170,E12000004
NG16 3PP,E07000172,E12000004
NG2 1HD,E06000018,E12000004
NG21 0FL,E07000175,E12000004
S81 8BW,E07000171,E12000004
S81 8PE,E07000171,E12000004
NG1 3BT,E06000018,E12000004
NG14 6FY,E07000173,E12000004
NG15 6NW,E07000170,E12000004
NG20 0LR,E07000174,E12000004
S80 3DB,E07000171,E12000004
NG23 6DF,E07000175,E12000004
NG24 1DA,E07000175,E12000004
NG4 2DN,E07000173,E12000004
NG7 3AR,E06000018,E12000004
NG8 1BH,E06000018,E12000004
NG8 1BN,E06000018,E12000004
NG15 7DU,E07000170,E12000004
NG16 2QD,E07000172,E12000004
NG2 3GW,E06000018,E12000004
NG2 7DE,E07000176,E12000004
S81 7NY,E07000171,E12000004
S81 8LP,E07000171,E12000004
S80 3LL,E07000171,E12000004
NG16 5HP,E07000170,E12000004
NG21 9HF,E07000175,E12000004
NG22 8NL,E07000175,E12000004
NG23 6HG,E07000175,E12000004
NG11 9AJ,E06000018,E12000004
NG19 6HQ,E07000174,E12000004
NG6 8PL,E06000018,E12000004
NG9 6NR,E07000172,E12000004
NG12 3LH,E07000176,E12000004
NG13 8SS,E07000176,E12000004
NG25 0DA,E07000175,E12000004
NG3 2BG,E06000018,E12000004
NG5 3FP,E06000018,E12000004
NG9 6EY,E07000172,E12000004
NG9 7DR,E07000172,E12000004
NG9 8AU,E07000172,E12000004
NG7 2LR,E06000018,E12000004
NG13 8JP,E07000176,E12000004
NG19 7TF,E07000174,E12000004
NG5 3EN,E06000018,E12000004
NG5 4FB,E07000173,E12000004
NG6 0GP,E06000018,E12000004
NG9 3FH,E07000172,E12000004
NG1 2DH,E06000018,E12000004
NG14 6RG,E07000173,E12000004
NG14 7WE,E07000175,E12000004
NG15 0AL,E07000170,E12000004
NG16 2NU,E07000172,E12000004
S81 7SZ,E07000171,E12000004
NG17 1AZ,E07000170,E12000004
NG17 8NZ,E07000170,E12000004
NG22 8BT,E07000175,E12000004
NG23 5QH,E07000175,E12000004
NG7 1FB,E06000018,E12000004
NG7 3JX,E06000018,E12000004
NG7 4AA,E06000018,E12000004
NG7 4AX,E06000018,E12000004
NG8 2FE,E06000018,E12000004
NG8 5QQ,E06000018,E12000004
NG8 6EW,E06000018,E12000004
NG18 5SJ,E07000174,E12000004
NG19 6FL,E07000174,E12000004
NG19 6RP,E07000174,E12000004
NG24 3YY,E07000175,E12000004
NG24 4NY,E07000175,E12000004
NG1 3AG,E06000018,E12000004
NG18 5FT,E07000174,E12000004
NG25 0SH,E07000175,E12000004
NG5 6JL,E07000173,E12000004
NG6 0FS,E06000018,E12000004
NG16 6EX,E07000170,E12000004
NG21 9AW,E07000175,E12000004
NG7 1HG,E06000018,E12000004
NG7 2DU,E06000018,E12000004
NG80 1ZZ,E06000018,E12000004
NG19 0RU,E07000174,E12000004
NG19 6FT,E07000174,E12000004
NG2 1DP,E06000018,E12000004
NG3 1LJ,E06000018,E12000004
NG5 8GW,E07000173,E12000004
NG22 8TU,E07000175,E12000004
NG7 2AD,E06000018,E12000004
NG7 7AF,E06000018,E12000004
NG8 3QH,E06000018,E12000004
NG1 1EJ,E06000018,E12000004
NG19 8JD,E07000174,E12000004
NG3 5AN,E06000018,E12000004
NG24 1DH,E07000175,E12000004
NG7 3EE,E06000018,E12000004
NG7 5LY,E06000018,E12000004
NG8 1AD,E06000018,E12000004
NG8 3LH,E06000018,E12000004
NG15 7NL,E07000170,E12000004
NG14 6PL,E07000173,E12000004
NG15 6AQ,E07000170,E12000004
NG15 6FR,E07000170,E12000004
NG5 1RH,E06000018,E12000004
NG9 3EH,E07000172,E12000004
S81 7SD,E07000171,E12000004
NG11 8LS,E06000018,E12000004
NG11 8NZ,E06000018,E12000004
NG16 1JZ,E07000172,E12000004
NG2 5HX,E07000176,E12000004
NG2 5PH,E07000176,E12000004
NG21 0PD,E07000175,E12000004
S81 0XQ,E07000171,E12000004
NG15 7SB,E07000170,E12000004
NG16 3NJ,E07000172,E12000004
NG2 6AQ,E07000176,E12000004
NG2 6TA,E07000176,E12000004
NG21 0PB,E07000175,E12000004
NG4 2NY,E07000173,E12000004
NG9 2AW,E07000172,E12000004
NG12 4AL,E07000176,E12000004
NG12 5BE,E07000176,E12000004
NG12 5JE,E07000176,E12000004
NG18 4RF,E07000174,E12000004
NG18 5GY,E07000174,E12000004
NG19 8AE,E07000174,E12000004
NG19 9JL,E07000174,E12000004
NG24 5AB,E07000175,E12000004
NG3 5GB,E06000018,E12000004
NG6 0EP,E06000018,E12000004
NG6 8UG,E07000173,E12000004
NG21 0UT,E07000175,E12000004
NG15 8AR,E07000170,E12000004
NG9 7GD,E07000172,E12000004
NG12 1AW,E07000176,E12000004
NG1 2HW,E06000018,E12000004
NG18 5AJ,E07000174,E12000004
NG18 5GU,E07000174,E12000004
NG9 7FH,E07000172,E12000004
NG11 7FT,E06000018,E12000004
NG12 4AU,E07000176,E12000004
NG13 7BP,E07000176,E12000004
NG2 5DN,E07000176,E12000004
NG2 5PL,E07000176,E12000004
NG2 7BN,E07000176,E12000004
NG18 5QP,E07000174,E12000004
NG21 0HW,E07000174,E12000004
LE12 6XN,E07000176,E12000004
NG18 1SX,E07000174,E12000004
NG18 4EY,E07000174,E12000004
NG19 0GS,E07000174,E12000004
NG9 8GS,E07000172,E12000004
S81 7LR,E07000171,E12000004
NG5 9AG,E06000018,E12000004
NG6 8LF,E06000018,E12000004
NG17 7ET,E07000170,E12000004
NG3 6JX,E07000173,E12000004
NG7 6LS,E06000018,E12000004
NG8 5BE,E06000018,E12000004
NG2 2EF,E06000018,E12000004
NG2 3GT,E06000018,E12000004
NG2 4EW,E06000018,E12000004
NG20 0DT,E07000174,E12000004
NG5 1GL,E06000018,E12000004
S81 7DD,E07000171,E12000004
S81 8JN,E07000171,E12000004
NG14 7BZ,E07000175,E12000004
NG16 2NR,E07000172,E12000004
NG22 8AX,E07000175,E12000004
NG5 4GE,E07000173,E12000004
NG16 5BE,E07000172,E12000004
NG17 2HE,E07000170,E12000004
NG17 3JW,E07000170,E12000004
NG17 5EH,E07000170,E12000004
NG17 8DS,E07000170,E12000004
NG17 8ED,E07000170,E12000004
NG24 3GF,E07000175,E12000004
NG3 2BY,E06000018,E12000004
NG7 5LB,E06000018,E12000004
NG15 0ED,E07000170,E12000004
NG22 8RD,E07000175,E12000004
NG22 8TN,E07000175,E12000004
NG6 9JQ,E06000018,E12000004
NG18 1JG,E07000174,E12000004
NG16 1DF,E07000172,E12000004
NG16 2JG,E07000172,E12000004
NG21 9LB,E07000175,E12000004
NG22 0SS,E07000171,E12000004
S80 2BG,E07000171,E12000004
S80 2UJ,E07000171,E12000004
NG17 7AP,E07000170,E12000004
NG17 7PE,E07000170,E12000004
NG24 3XB,E07000175,E12000004
NG3 4GQ,E06000018,E12000004
NG3 3AW,E06000018,E12000004
NG7 1BA,E06000018,E12000004
NG8 1PQ,E06000018,E12000004
NG12 1EE,E07000176,E12000004
NG12 3FX,E07000176,E12000004
NG2 5BW,E07000176,E12000004
NG14 5DB,E07000173,E12000004
NG14 5GU,E07000175,E12000004
NG15 7UD,E07000170,E12000004
NG16 2GF,E07000172,E12000004
NG6 8GA,E06000018,E12000004
NG17 9GU,E07000170,E12000004
NG7 5JH,E06000018,E12000004
NG8 1AF,E06000018,E12000004
NG13 8JA,E07000176,E12000004
NG13 9DS,E07000176,E12000004
NG2 4JS,E06000018,E12000004
NG16 2GG,E07000172,E12000004
NG5 8HR,E07000173,E12000004
NG24 4QN,E07000175,E12000004
NG25 0DY,E07000175,E12000004
NG25 0LG,E07000175,E12000004
NG3 1HB,E06000018,E12000004
NG8 2TE,E06000018,E12000004
NG11 8DT,E06000018,E12000004
NG13 7BW,E07000176,E12000004
NG21 0SR,E07000175,E12000004
NG4 1AN,E07000173,E12000004
S80 2DS,E07000171,E12000004
LE12 6NR,E07000176,E12000004
NG11 6DG,E07000176,E12000004
NG18 3LT,E07000174,E12000004
NG18 4BR,E07000174,E12000004
NG18 5PY,E07000174,E12000004
NG9 2PH,E07000172,E12000004
NG9 3BB,E07000172,E12000004
NG9 6NG,E07000172,E12000004
S80 1XD,E07000171,E12000004
NG18 4NF,E07000174,E12000004
NG19 6JT,E07000174,E12000004
NG19 6SW,E07000174,E12000004
NG9 3JN,E07000172,E12000004
NG9 3QJ,E07000172,E12000004
S81 8QS,E07000171,E12000004
NG24 2NA,E07000175,E12000004
NG24 3BA,E07000175,E12000004
NG4 1GD,E07000173,E12000004
NG15 0BU,E07000173,E12000004
LE12 5EU,E07000176,E12000004
NG11 0DF,E07000176,E12000004
NG9 3FD,E07000172,E12000004
S81 7PN,E07000171,E12000004
LE12 6RY,E07000176,E12000004
NG19 6PU,E07000174,E12000004
NG9 3AE,E07000172,E12000004
NG12 4FU,E07000176,E12000004
NG12 5GD,E07000176,E12000004
NG2 6UG,E07000176,E12000004
NG4 4QH,E07000173,E12000004
NG18 2DD,E07000174,E12000004
NG9 4HA,E07000172,E12000004
NG9 4JD,E07000172,E12000004
NG9 5AE,E07000172,E12000004
NG9 6AD,E07000172,E12000004
NG9 6GQ,E07000172,E12000004
NG12 4GS,E07000176,E12000004
NG12 5QL,E07000176,E12000004
NG13 8AL,E07000176,E12000004
NG2 5LL,E07000176,E12000004
NG2 7BD,E07000176,E12000004
NG18 4QX,E07000174,E12000004
NG9 2AB,E07000172,E12000004
NG9 4AB,E07000172,E12000004
NG11 9FG,E06000018,E12000004
NG12 3QE,E07000176,E12000004
NG4 1EU,E07000173,E12000004
S80 2EH,E07000171,E12000004
NG18 2QN,E07000174,E12000004
NG18 4RE,E07000174,E12000004
NG19 0NW,E07000174,E12000004
NG9 7HA,E07000172,E12000004
NG14 5AW,E07000173,E12000004
NG14 7AB,E07000175,E12000004
NG5 6QX,E07000173,E12000004
NG16 6HW,E07000170,E12000004
NG24 3NA,E07000175,E12000004
NG24 3TL,E07000175,E12000004
NG3 3DD,E06000018,E12000004
NG15 6SA,E07000170,E12000004
NG22 9YU,E07000175,E12000004
NG5 5AZ,E06000018,E12000004
NG5 6NY,E07000173,E12000004
NG17 7HZ,E07000170,E12000004
NG3 6HJ,E07000173,E12000004
NG15 7SZ,E07000170,E12000004
NG22 8AS,E07000175,E12000004
NG5 4FT,E07000173,E12000004
NG24 2NS,E07000175,E12000004
NG25 0JH,E07000175,E12000004
NG11 6PQ,E07000176,E12000004
NG2 6NA,E07000176,E12000004
NG4 1LQ,E07000173,E12000004
NG15 8LB,E07000173,E12000004
NG16 2PP,E07000172,E12000004
NG16 3FU,E07000172,E12000004
NG21 0TY,E07000175,E12000004
NG23 6BY,E07000175,E12000004
NG24 1LT,E07000175,E12000004
NG5 7AR,E07000173,E12000004
NG17 1ES,E07000170,E12000004
NG17 8BD,E07000170,E12000004
NG24 3NZ,E07000175,E12000004
NG7 5QJ,E06000018,E12000004
NG14 7AG,E07000175,E12000004
NG16 2TR,E07000172,E12000004
NG4 3QD,E07000173,E12000004
NG9 3FR,E07000172,E12000004
NG12 2DE,E07000176,E12000004
NG18 5LY,E07000174,E12000004
NG7 7FB,E06000018,E12000004
NG8 5LJ,E06000018,E12000004
LE12 6NX,E07000176,E12000004
NG14 7WJ,E07000175,E12000004
NG15 8HG,E07000170,E12000004
NG16 1LA,E07000172,E12000004
NG16 2AQ,E07000172,E12000004
NG2 3JW,E06000018,E12000004
NG9 7ET,E07000172,E12000004
NG11 9JA,E06000018,E12000004
NG2 5DS,E07000176,E12000004
NG9 5EE,E07000172,E12000004
NG7 7LR,E06000018,E12000004
NG8 5BD,E06000018,E12000004
NG2 1NA,E06000018,E12000004
NG9 7GY,E07000172,E12000004
NG9 8HT,E07000172,E12000004
NG11 7ED,E06000018,E12000004
NG18 4SR,E07000174,E12000004
NG7 2UW,E06000018,E12000004
S81 7DL,E07000171,E12000004
S81 9FT,E07000171,E12000004
NG1 4BX,E06000018,E12000004
NG11 0LG,E07000176,E12000004
NG22 0NL,E07000171,E12000004
S80 4HT,E07000171,E12000004
S81 7JU,E07000171,E12000004
S81 8WB,E07000171,E12000004
NG18 1BQ,E07000174,E12000004
NG5 6BT,E07000173,E12000004
NG5 9PZ,E07000173,E12000004
NG6 0HS,E06000018,E12000004
NG6 8FX,E06000018,E12000004
S80 1UR,E07000171,E12000004
NG24 2HJ,E07000175,E12000004
NG3 2FU,E06000018,E12000004
NG5 3EL,E06000018,E12000004
NG5 5JL,E06000018,E12000004
NG6 9ER,E06000018,E12000004
NG3 6NA,E07000173,E12000004
S81 0NH,E07000171,E12000004
NG22 0BL,E07000175,E12000004
NG24 2AJ,E07000175,E12000004
S80 2NN,E07000171,E12000004
NG24 2PL,E07000175,E12000004
NG17 4EJ,E07000170,E12000004
NG17 5JR,E07000170,E12000004
NG22 8NA,E07000175,E12000004
NG5 5TG,E06000018,E12000004
NG24 3NJ,E07000175,E12000004
NG24 4LE,E07000175,E12000004
NG3 5LR,E06000018,E12000004
NG9 5NS,E07000172,E12000004
S81 7AR,E07000171,E12000004
NG22 8PG,E07000175,E12000004
NG5 8FY,E07000173,E12000004
NG6 0FQ,E06000018,E12000004
NG6 8DU,E06000018,E12000004
LE12 5ES,E07000176,E12000004
NG17 9EP,E07000170,E12000004
NG24 2QF,E07000175,E12000004
NG18 3BL,E07000174,E12000004
S81 9DX,E07000171,E12000004
NG14 7FW,E07000175,E12000004
NG16 2NE,E07000172,E12000004
NG16 2NQ,E07000172,E12000004
NG16 3BL,E07000172,E12000004
NG23 7EA,E07000175,E12000004
NG5 3JJ,E06000018,E12000004
NG5 8FZ,E07000173,E12000004
NG5 9JL,E06000018,E12000004
NG24 4FP,E07000175,E12000004
NG24 4JG,E07000175,E12000004
NG7 4HE,E06000018,E12000004
NG1 1QA,E06000018,E12000004
NG18 4LQ,E07000174,E12000004
NG19 0RP,E07000174,E12000004
NG9 3QE,E07000172,E12000004
S81 8PD,E07000171,E12000004
NG15 7DB,E07000170,E12000004
NG21 9RN,E07000175,E12000004
NG5 2HP,E06000018,E12000004
NG5 5UX,E06000018,E12000004
NG6 0BD,E06000018,E12000004
NG6 8GZ,E06000018,E12000004
LE12 6PZ,E07000176,E12000004
NG1 1FJ,E06000018,E12000004
NG11 0HT,E07000176,E12000004
NG19 9FF,E07000174,E12000004
NG9 8FS,E07000172,E12000004
NG14 7ER,E07000175,E12000004
NG15 7HU,E07000170,E12000004
NG16 3QG,E07000172,E12000004
NG5 5BH,E06000018,E12000004
NG5 6PQ,E07000173,E12000004
NG17 5DB,E07000170,E12000004
NG17 7ED,E07000170,E12000004
NG3 5GW,E06000018,E12000004
NG3 7AR,E06000018,E12000004
NG7 6JF,E06000018,E12000004
NG11 9BH,E06000018,E12000004
NG12 2FN,E07000176,E12000004
NG12 3BA,E07000176,E12000004
NG20 0PJ,E07000174,E12000004
LE12 5PX,E07000176,E12000004
NG17 2DA,E07000170,E12000004
NG18 1EU,E07000174,E12000004
NG3 1NS,E06000018,E12000004
NG3 4QA,E06000018,E12000004
NG3 7FD,E06000018,E12000004
NG7 5QP,E06000018,E12000004
S80 1RN,E07000171,E12000004
NG11 8JN,E06000018,E12000004
NG13 8NF,E07000176,E12000004
NG2 3HZ,E06000018,E12000004
NG2 3BX,E06000018,E12000004
NG4 3DW,E07000173,E12000004
S80 1EP,E07000171,E12000004
S80 3AT,E07000171,E12000004
NG11 8QH,E06000018,E12000004
NG12 4BX,E07000176,E12000004
NG2 2EE,E06000018,E12000004
NG2 4HA,E06000018,E12000004
NG21 0LG,E07000175,E12000004
NG4 3GJ,E07000173,E12000004
NG4 4GY,E07000173,E12000004
NG14 7JR,E07000175,E12000004
NG22 9ED,E07000175,E12000004
NG23 6QP,E07000175,E12000004
NG5 5BL,E06000018,E12000004
NG5 8NE,E07000173,E12000004
NG1 2FS,E06000018,E12000004
NG11 6DA,E07000176,E12000004
NG9 3GS,E07000172,E12000004
NG9 3JZ,E07000172,E12000004
NG14 5DP,E07000173,E12000004
NG15 8JF,E07000170,E12000004
NG16 2QT,E07000172,E12000004
NG5 4EG,E06000018,E12000004
NG5 5TL,E06000018,E12000004
NG18 4QR,E07000174,E12000004
NG19 9ER,E07000174,E12000004
NG3 4EY,E06000018,E12000004
NG7 2DT,E06000018,E12000004
NG14 5BF,E07000173,E12000004
NG14 7AR,E07000175,E12000004
NG15 6UY,E07000170,E12000004
NG22 8NQ,E07000175,E12000004
NG23 7NF,E07000175,E12000004
NG5 6DZ,E06000018,E12000004
NG19 9LB,E07000174,E12000004
NG9 3GA,E07000172,E12000004
NG17 8LQ,E07000170,E12000004
NG25 0UX,E07000175,E12000004
NG7 2FB,E06000018,E12000004
NG8 2BS,E06000018,E12000004
NG14 7GX,E07000175,E12000004
NG15 6QG,E07000170,E12000004
NG16 3HR,E07000172,E12000004
NG24 1DW,E07000175,E12000004
NG5 2JP,E06000018,E12000004
NG5 8GA,E07000173,E12000004
NG6 7DQ,E06000018,E12000004
NG1 1JH,E06000018,E12000004
NG18 3AX,E07000174,E12000004
NG18 4JH,E07000174,E12000004
NG9 1FF,E07000172,E12000004
NG9 1QE,E07000172,E12000004
NG7 7JJ,E06000018,E12000004
NG8 1BA,E06000018,E12000004
NG11 8BP,E06000018,E12000004
NG12 2BJ,E07000176,E12000004
NG12 2EE,E07000176,E12000004
NG12 3GF,E07000176,E12000004
NG13 8SD,E07000176,E12000004
NG2 5EA,E07000176,E12000004
NG2 6ET,E07000176,E12000004
NG2 6FP,E07000176,E12000004
NG20 0BL,E07000174,E12000004
NG24 4DX,E07000175,E12000004
NG25 0AY,E07000175,E12000004
NG8 2QR,E06000018,E12000004
NG20 0LB,E07000174,E12000004
NG20 9PE,E07000174,E12000004
S81 0QQ,E07000171,E12000004
S81 9DL,E07000171,E12000004
NG8 4JY,E06000018,E12000004
NG8 4NP,E06000018,E12000004
NG8 6HH,E06000018,E12000004
NG11 9DP,E06000018,E12000004
NG13 8AH,E07000176,E12000004
NG21 0EA,E07000175,E12000004
NG17 5EJ,E07000170,E12000004
NG24 2TB,E07000175,E12000004
NG3 5QA,E07000173,E12000004
NG11 9AP,E06000018,E12000004
NG2 7HU,E07000176,E12000004
NG20 9QD,E07000174,E12000004
NG6 0AD,E06000018,E12000004
NG6 0AX,E06000018,E12000004
S80 2AW,E07000171,E12000004
S80 2RH,E07000171,E12000004
NG14 5DW,E07000173,E12000004
NG14 5GN,E07000173,E12000004
NG14 6FQ,E07000173,E12000004
NG16 2LR,E07000172,E12000004
NG2 4HN,E06000018,E12000004
NG20 0TF,E07000174,E12000004
NG5 1QY,E06000018,E12000004
NG24 3XF,E07000175,E12000004
NG8 6PH,E06000018,E12000004
NG22 0FG,E07000175,E12000004
NG6 0BH,E06000018,E12000004
NG2 2FG,E06000018,E12000004
NG2 4AX,E06000018,E12000004
NG4 4NH,E07000173,E12000004
NG5 1RB,E06000018,E12000004
NG24 4UT,E07000175,E12000004
NG25 0SG,E07000175,E12000004
NG3 6GT,E07000173,E12000004
NG3 6HH,E07000173,E12000004
NG5 9RG,E06000018,E12000004
NG6 8TD,E07000170,E12000004
S80 2SQ,E07000171,E12000004
NG20 0DJ,E07000174,E12000004
NG24 4NE,E07000175,E12000004
NG3 4JL,E06000018,E12000004
NG3 6LN,E07000173,E12000004
NG5 9RW,E06000018,E12000004
NG15 7FB,E07000170,E12000004
NG16 1HP,E07000172,E12000004
NG16 1QN,E07000172,E12000004
NG4 4PG,E07000173,E12000004
NG16 5HS,E07000170,E12000004
NG16 5JU,E07000170,E12000004
NG16 5LJ,E07000170,E12000004
NG17 2SB,E07000170,E12000004
NG11 9GF,E06000018,E12000004
NG12 3QL,E07000176,E12000004
NG9 1PD,E07000172,E12000004
NG18 2HJ,E07000174,E12000004
NG19 0RX,E07000174,E12000004
NG19 9RF,E07000174,E12000004
NG9 5FE,E07000172,E12000004
NG9 8HB,E07000172,E12000004
NG9 8HL,E07000172,E12000004
NG17 4GE,E07000170,E12000004
NG7 2RW,E06000018,E12000004
NG8 2QU,E06000018,E12000004
NG12 2DU,E07000176,E12000004
NG12 5PP,E07000176,E12000004
NG19 8PF,E07000174,E12000004
NG9 4JJ,E07000172,E12000004
NG9 7JA,E07000172,E12000004
S81 9RJ,E07000171,E12000004
NG9 1FD,E07000172,E12000004
NG25 0TR,E07000175,E12000004
NG15 7HN,E07000170,E12000004
NG16 2RZ,E07000172,E12000004
NG22 0JB,E07000171,E12000004
NG5 7DS,E07000173,E12000004
NG6 8DT,E06000018,E12000004
NG17 2PN,E07000170,E12000004
NG17 7ER,E07000170,E12000004
NG3 6EU,E07000173,E12000004
NG7 2QL,E06000018,E12000004
S80 3QE,E07000171,E12000004
NG16 3EU,E07000172,E12000004
NG22 0SE,E07000171,E12000004
NG24 2AA,E07000175,E12000004
NG5 6PE,E07000173,E12000004
NG6 8ST,E06000018,E12000004
NG17 3GH,E07000170,E12000004
NG17 5HG,E07000170,E12000004
NG3 2NG,E06000018,E12000004
NG16 3JW,E07000172,E12000004
NG21 9SL,E07000175,E12000004
NG22 0FU,E07000171,E12000004
NG23 5SZ,E07000175,E12000004
NG5 4LR,E07000173,E12000004
NG5 5LR,E06000018,E12000004
NG5 7PJ,E07000173,E12000004
NG5 9DW,E06000018,E12000004
NG12 5SR,E07000176,E12000004
NG2 7PE,E07000176,E12000004
NG4 1BW,E07000173,E12000004
NG4 4LZ,E07000173,E12000004
NG12 5AW,E07000176,E12000004
NG13 8BX,E07000176,E12000004
NG13 8QA,E07000176,E12000004
NG2 4FL,E06000018,E12000004
NG2 6QB,E07000176,E12000004
NG2 7RU,E07000176,E12000004
NG4 1GT,E07000173,E12000004
NG5 1BL,E06000018,E12000004
NG9 2WB,E07000172,E12000004
NG1 6GL,E06000018,E12000004
NG12 3TR,E07000176,E12000004
NG12 5FN,E07000176,E12000004
NG13 8RE,E07000176,E12000004
NG4 1BT,E07000173,E12000004
NG9 1HR,E07000172,E12000004
NG11 6LJ,E07000176,E12000004
NG18 2HP,E07000174,E12000004
S81 9BD,E07000171,E12000004
NG8 2NX,E06000018,E12000004
NG8 3PL,E06000018,E12000004
NG8 6LW,E06000018,E12000004
NG14 7GP,E07000175,E12000004
NG15 6NB,E07000170,E12000004
NG16 2WX,E07000172,E12000004
NG21 9AJ,E07000174,E12000004
NG22 0UD,E07000171,E12000004
NG23 6LB,E07000175,E12000004
NG2 5BD,E07000176,E12000004
NG2 7BZ,E07000176,E12000004
NG9 2SW,E06000018,E12000004
NG9 3FQ,E07000172,E12000004
NG9 6HL,E07000172,E12000004
NG1 1DT,E06000018,E12000004
NG17 2LA,E07000170,E12000004
NG3 2AU,E06000018,E12000004
NG3 3PB,E06000018,E12000004
NG3 4QG,E06000018,E12000004
NG3 5PD,E06000018,E12000004
NG8 6GZ,E06000018,E12000004
NG19 6DN,E07000174,E12000004
S81 0ET,E07000171,E12000004
NG11 9DX,E06000018,E12000004
NG2 4JQ,E06000018,E12000004
NG2 4NA,E06000018,E12000004
NG2 6HJ,E07000176,E12000004
NG21 0NA,E07000175,E12000004
NG17 1FU,E07000170,E12000004
NG17 2BZ,E07000170,E12000004
NG24 3FR,E07000175,E12000004
NG24 4RW,E07000175,E12000004
NG12 5FX,E07000176,E12000004
NG13 9PY,E07000176,E12000004
NG2 5FX,E07000176,E12000004
NG19 8NQ,E07000174,E12000004
NG17 7QQ,E07000170,E12000004
NG24 2QZ,E07000175,E12000004
NG24 4EU,E07000175,E12000004
NG8 2GD,E06000018,E12000004
NG8 3AX,E06000018,E12000004
NG18 4HP,E07000174,E12000004
NG18 6BJ,E07000174,E12000004
NG19 0LR,E07000174,E12000004
S81 7DA,E07000171,E12000004
NG14 6PH,E07000173,E12000004
NG16 2GB,E07000172,E12000004
NG5 8AA,E07000173,E12000004
NG14 5JA,E07000173,E12000004
NG15 0BH,E07000173,E12000004
NG24 2AP,E07000175,E12000004
NG6 9ND,E06000018,E12000004
NG17 1ET,E07000170,E12000004
NG17 8LA,E07000170,E12000004
NG8 5QT,E06000018,E12000004
NG8 6DZ,E06000018,E12000004
NG9 8PN,E07000172,E12000004
S81 8HH,E07000171,E12000004
NG11 8DX,E06000018,E12000004
NG13 8SX,E07000176,E12000004
NG4 1PB,E07000173,E12000004
NG4 4JH,E07000173,E12000004
NG15 6GL,E07000170,E12000004
NG16 3FW,E07000172,E12000004
NG22 8DT,E07000175,E12000004
NG24 1RB,E07000175,E12000004
NG5 9AN,E06000018,E12000004
NG6 0NG,E06000018,E12000004
NG6 8NL,E06000018,E12000004
S80 1TS,E07000171,E12000004
S80 3QN,E07000171,E12000004
NG5 1RG,E06000018,E12000004
NG14 7DZ,E07000175,E12000004
NG21 9AL,E07000175,E12000004
NG5 3DW,E06000018,E12000004
NG12 1EN,E07000176,E12000004
NG9 1GR,E07000172,E12000004
NG14 5BW,E07000173,E12000004
NG14 6DU,E07000173,E12000004
NG14 7AA,E07000175,E12000004
NG15 7JW,E07000170,E12000004
NG16 2AT,E07000172,E12000004
NG3 5LF,E07000173,E12000004
NG7 1HT,E06000018,E12000004
NG7 2QJ,E06000018,E12000004
NG8 6QJ,E06000018,E12000004
S81 9JU,E07000171,E12000004
NG12 1AY,E07000176,E12000004
NG12 3JS,E07000176,E12000004
NG13 8WB,E07000176,E12000004
NG2 6QP,E07000176,E12000004
NG9 6GB,E07000172,E12000004
NG9 8GT,E07000172,E12000004
NG24 2PF,E07000175,E12000004
NG3 6JP,E06000018,E12000004
NG7 2FQ,E06000018,E12000004
NG7 4GA,E06000018,E12000004
NG8 6NB,E06000018,E12000004
NG5 7GL,E07000173,E12000004
NG5 8NJ,E07000173,E12000004
NG11 8SU,E06000018,E12000004
NG11 9FD,E06000018,E12000004
NG12 2FF,E07000176,E12000004
NG12 5RP,E07000176,E12000004
NG13 8HF,E07000176,E12000004
NG18 4YD,E07000174,E12000004
NG19 0PR,E07000174,E12000004
NG19 6PF,E07000174,E12000004
NG3 5SP,E07000173,E12000004
S81 8BU,E07000171,E12000004
LE12 6JN,E07000176,E12000004
NG1 2ET,E06000018,E12000004
NG17 3JB,E07000170,E12000004
NG4 2HA,E07000173,E12000004
NG4 3EX,E07000173,E12000004
NG5 5DT,E06000018,E12000004
NG1 1LP,E06000018,E12000004
NG21 9LU,E07000175,E12000004
NG21 9SP,E07000175,E12000004
NG23 6QZ,E07000175,E12000004
NG4 2DB,E07000173,E12000004
NG5 5JG,E06000018,E12000004
NG5 9LH,E06000018,E12000004
LE12 6TN,E07000176,E12000004
NG11 6DF,E07000176,E12000004
NG17 1BX,E07000170,E12000004
NG4 1LD,E07000173,E12000004
NG4 2QL,E07000173,E12000004
NG4 3DQ,E07000173,E12000004
NG4 3RS,E07000173,E12000004
NG20 0JP,E07000174,E12000004
NG20 0SN,E07000174,E12000004
NG9 3ED,E07000172,E12000004
NG14 6AQ,E07000175,E12000004
NG18 5QT,E07000174,E12000004
NG19 8DH,E07000174,E12000004
NG24 3FG,E07000175,E12000004
NG24 3NG,E07000175,E12000004
NG3 5SS,E07000173,E12000004
NG8 2EN,E06000018,E12000004
NG8 6GD,E06000018,E12000004
NG5 8PQ,E07000173,E12000004
S80 3AX,E07000171,E12000004
NG16 6BY,E07000170,E12000004
NG17 1AT,E07000170,E12000004
NG17 8JT,E07000170,E12000004
NG1 2JF,E06000018,E12000004
NG17 2SS,E07000170,E12000004
NG22 0TU,E07000171,E12000004
NG22 9RY,E07000175,E12000004
NG4 1AP,E07000173,E12000004
NG4 1PS,E07000173,E12000004
NG15 7BY,E07000170,E12000004
NG15 9FY,E07000173,E12000004
NG2 7ER,E07000176,E12000004
NG8 1NJ,E06000018,E12000004
NG8 4NE,E06000018,E12000004
NG11 6JJ,E07000176,E12000004
NG17 7FP,E07000170,E12000004
NG23 6QX,E07000175,E12000004
NG4 4LP,E07000173,E12000004
NG16 1FJ,E07000172,E12000004
NG16 2RQ,E07000172,E12000004
NG8 1JU,E06000018,E12000004
NG8 1PU,E06000018,E12000004
NG8 2PF,E06000018,E12000004
NG17 7HT,E07000170,E12000004
NG22 0NX,E07000175,E12000004
NG22 9EQ,E07000175,E12000004
NG4 1PZ,E07000173,E12000004
NG16 2PL,E07000172,E12000004
NG18 3GB,E07000174,E12000004
NG18 5NU,E07000174,E12000004
NG12 3PJ,E07000176,E12000004
NG12 4LF,E07000176,E12000004
NG5 3GP,E06000018,E12000004
NG6 8EW,E06000018,E12000004
NG9 2NY,E07000172,E12000004
NG5 4PD,E07000173,E12000004
NG5 7JP,E07000173,E12000004
NG5 9DF,E06000018,E12000004
NG17 2LF,E07000170,E12000004
NG2 7AF,E07000176,E12000004
NG8 6JN,E06000018,E12000004
NG8 6PB,E06000018,E12000004
NG18 4QJ,E07000174,E12000004
NG19 7GD,E07000174,E12000004
NG24 3RT,E07000175,E12000004
NG5 3GS,E06000018,E12000004
NG5 7NF,E07000173,E12000004
NG9 7FU,E07000172,E12000004
S81 9DQ,E07000171,E12000004
NG24 4BJ,E07000175,E12000004
NG9 2TA,E07000172,E12000004
NG16 2UL,E07000172,E12000004
NG16 3LJ,E07000172,E12000004
S80 2SA,E07000171,E12000004
S80 3EY,E07000171,E12000004
DE55 4PB,E07000170,E12000004
NG19 7RU,E07000174,E12000004
NG23 7DT,E07000175,E12000004
NG23 7RZ,E07000175,E12000004
NG5 9BA,E06000018,E12000004
NG6 8LS,E06000018,E12000004
S80 2UF,E07000171,E12000004
S81 7PA,E07000171,E12000004
NG16 6GQ,E07000170,E12000004
NG17 9BN,E07000170,E12000004
NG3 5HA,E06000018,E12000004
NG16 2YW,E07000172,E12000004
NG21 9SF,E07000175,E12000004
NG22 8SR,E07000175,E12000004
NG22 9HX,E07000175,E12000004
NG23 6SL,E07000171,E12000004
NG24 1TF,E07000175,E12000004
NG5 6PY,E07000173,E12000004
NG18 5JU,E07000174,E12000004
NG19 7AU,E07000174,E12000004
NG9 2JW,E07000172,E12000004
S81 7RP,E07000171,E12000004
S81 7SU,E07000171,E12000004
LE12 5EZ,E07000176,E12000004
NG15 8DH,E07000170,E12000004
NG22 9SG,E07000175,E12000004
NG5 8DE,E07000173,E12000004
NG5 8EB,E07000173,E12000004
NG1 5GG,E06000018,E12000004
NG9 1QN,E07000172,E12000004
NG9 3LG,E07000172,E12000004
NG17 5LB,E07000170,E12000004
NG24 4RL,E07000175,E12000004
NG3 2FD,E06000018,E12000004
NG8 2FG,E06000018,E12000004
NG8 6HJ,E06000018,E12000004
NG11 6QS,E07000176,E12000004
NG4 2NN,E07000173,E12000004
NG5 1FN,E06000018,E12000004
NG2 7DU,E07000176,E12000004
NG17 1DH,E07000170,E12000004
NG17 2HA,E07000170,E12000004
NG17 4LR,E07000170,E12000004
NG17 8AL,E07000170,E12000004
NG25 0XQ,E07000175,E12000004
NG8 5RY,E06000018,E12000004
NG11 9EW,E06000018,E12000004
NG20 0EX,E07000174,E12000004
NG21 0FE,E07000175,E12000004
NG4 4GT,E07000173,E12000004
NG17 9EB,E07000170,E12000004
NG24 2GG,E07000175,E12000004
NG12 3NS,E07000176,E12000004
NG13 7AG,E07000176,E12000004
NG13 8GJ,E07000176,E12000004
NG19 0EP,E07000174,E12000004
NG16 1HH,E07000172,E12000004
NG24 1QR,E07000175,E12000004
NG6 0AQ,E06000018,E12000004
NG6 8RR,E06000018,E12000004
NG24 3QN,E07000175,E12000004
NG18 3BG,E07000174,E12000004
NG18 4PP,E07000174,E12000004
NG18 5LR,E07000174,E12000004
NG18 5QE,E07000174,E12000004
NG9 1PY,E07000172,E12000004
NG9 5ET,E07000172,E12000004
S81 9EW,E07000171,E12000004
NG16 2SP,E07000172,E12000004
NG22 0LE,E07000171,E12000004
NG24 1JP,E07000175,E12000004
NG5 5LW,E06000018,E12000004
NG6 0EH,E06000018,E12000004
NG19 8PP,E07000174,E12000004
NG9 3FB,E07000172,E12000004
NG14 7GA,E07000175,E12000004
NG5 6BN,E07000173,E12000004
NG5 8BJ,E07000173,E12000004
NG6 9EF,E06000018,E12000004
NG24 4AA,E07000175,E12000004
NG24 5AZ,E07000175,E12000004
NG25 0BU,E07000175,E12000004
NG3 2HU,E06000018,E12000004
NG3 3BY,E06000018,E12000004
NG7 2ES,E06000018,E12000004
LE12 6XD,E07000176,E12000004
NG12 3LB,E07000176,E12000004
NG12 5LD,E07000176,E12000004
NG20 9QR,E07000174,E12000004
NG24 2JG,E07000175,E12000004
NG7 2BE,E06000018,E12000004
NG8 2GQ,E06000018,E12000004
NG8 2NA,E06000018,E12000004
NG11 9DL,E06000018,E12000004
NG20 0DF,E07000174,E12000004
S80 1HH,E07000171,E12000004
NG18 3AT,E07000174,E12000004
NG15 9JJ,E07000173,E12000004
NG22 9EP,E07000175,E12000004
NG5 9LF,E06000018,E12000004
NG24 4QL,E07000175,E12000004
NG3 2PS,E06000018,E12000004
NG8 5PN,E06000018,E12000004
NG8 6DU,E06000018,E12000004
LE12 5NE,E07000176,E12000004
NG11 7FR,E06000018,E12000004
NG20 8YF,E07000174,E12000004
NG20 9EN,E07000171,E12000004
NG16 5AD,E07000172,E12000004
NG8 3LA,E06000018,E12000004
NG11 6NY,E07000176,E12000004
NG21 0JQ,E07000175,E12000004
NG9 3PG,E07000172,E12000004
NG17 8DQ,E07000170,E12000004
NG18 1PN,E07000174,E12000004
NG7 3FG,E06000018,E12000004
NG8 3LP,E06000018,E12000004
S81 7BE,E07000171,E12000004
LE12 6QE,E07000176,E12000004
NG17 9DL,E07000170,E12000004
NG17 9JT,E07000170,E12000004
NG3 6DG,E07000173,E12000004
NG8 5AY,E06000018,E12000004
NG1 1NN,E06000018,E12000004
NG1 3BU,E06000018,E12000004
NG1 7AA,E06000018,E12000004
NG19 0BL,E07000174,E12000004
NG19 6DX,E07000174,E12000004
NG25 0NW,E07000175,E12000004
NG18 1TH,E07000174,E12000004
NG18 2RA,E07000174,E12000004
NG17 2EN,E07000170,E12000004
NG17 3BL,E07000170,E12000004
NG24 3UR,E07000175,E12000004
NG3 6EQ,E07000173,E12000004
NG7 1JY,E06000018,E12000004
NG8 6BX,E06000018,E12000004
NG21 9FE,E07000175,E12000004
NG21 9QT,E07000175,E12000004
NG24 2BZ,E07000175,E12000004
NG24 2DN,E07000175,E12000004
NG5 7GE,E07000173,E12000004
NG11 7DD,E07000176,E12000004
NG11 9FH,E06000018,E12000004
NG12 5RB,E07000176,E12000004
NG20 0JN,E07000174,E12000004
NG20 9JD,E07000171,E12000004
NG14 6TN,E07000173,E12000004
NG21 0UA,E07000175,E12000004
NG5 4FP,E07000173,E12000004
NG5 8LR,E07000173,E12000004
NG11 8PB,E06000018,E12000004
NG12 4GT,E07000176,E12000004
NG2 2FS,E06000018,E12000004
NG20 0PN,E07000174,E12000004
NG4 1DB,E07000173,E12000004
NG4 2SS,E07000173,E12000004
NG5 1NG,E06000018,E12000004
S81 7LY,E07000171,E12000004
NG14 6GD,E07000173,E12000004
NG15 8HF,E07000170,E12000004
NG16 1AH,E07000172,E12000004
NG16 3GL,E07000172,E12000004
NG6 9FF,E06000018,E12000004
NG7 1AR,E06000018,E12000004
NG13 9ES,E07000176,E12000004
NG20 0LF,E07000174,E12000004
NG4 3AE,E07000173,E12000004
NG4 3GR,E07000173,E12000004
NG14 7WD,E07000175,E12000004
NG5 2HD,E06000018,E12000004
NG5 9DR,E06000018,E12000004
NG13 7AA,E07000176,E12000004
NG13 9JG,E07000176,E12000004
NG2 5LS,E07000176,E12000004
NG2 7GL,E07000176,E12000004
NG20 0ER,E07000174,E12000004
NG4 1AR,E07000173,E12000004
NG4 3NH,E07000173,E12000004
NG5 2EN,E06000018,E12000004
NG14 5HB,E07000175,E12000004
NG15 8GG,E07000170,E12000004
NG16 3BB,E07000172,E12000004
NG6 0AP,E06000018,E12000004
NG6 8GU,E06000018,E12000004
NG11 8NR,E07000176,E12000004
NG20 0SL,E07000174,E12000004
NG14 5EJ,E07000173,E12000004
NG14 6GN,E07000173,E12000004
NG23 6FS,E07000175,E12000004
NG5 8AB,E07000173,E12000004
NG18 2AA,E07000174,E12000004
NG18 3FD,E07000174,E12000004
NG19 8DZ,E07000174,E12000004
NG2 1AB,E06000018,E12000004
NG17 2QN,E07000170,E12000004
NG8 1AG,E06000018,E12000004
NG8 2QJ,E06000018,E12000004
S80 2NH,E07000171,E12000004
NG11 6FZ,E07000176,E12000004
S81 8TS,E07000171,E12000004
NG7 1HL,E06000018,E12000004
NG7 2LT,E06000018,E12000004
NG8 1QE,E06000018,E12000004
NG8 4HA,E06000018,E12000004
NG8 5FF,E06000018,E12000004
NG2 2LA,E06000018,E12000004
NG2 7PR,E07000176,E12000004
NG20 0HB,E07000174,E12000004
NG14 6DH,E07000173,E12000004
NG22 0PG,E07000171,E12000004
NG23 6QL,E07000175,E12000004
NG5 3AD,E06000018,E12000004
NG19 9AN,E07000174,E12000004
LE12 6TB,E07000176,E12000004
NG17 4DW,E07000170,E12000004
NG17 9BQ,E07000170,E12000004
NG7 6NX,E06000018,E12000004
S80 1AJ,E07000171,E12000004
S80 2LQ,E07000171,E12000004
NG12 5PS,E07000176,E12000004
NG2 5PJ,E07000176,E12000004
NG4 3ES,E07000173,E12000004
NG14 5BQ,E07000173,E12000004
NG15 9HB,E07000173,E12000004
NG16 1LG,E07000172,E12000004
NG22 8HL,E07000175,E12000004
NG5 8HL,E07000173,E12000004
NG19 6QS,E07000174,E12000004
NG16 3RX,E07000172,E12000004
NG24 3LJ,E07000175,E12000004
NG3 3PD,E06000018,E12000004
NG3 5RP,E07000173,E12000004
NG3 7GD,E06000018,E12000004
NG7 6BE,E06000018,E12000004
NG16 6AZ,E07000170,E12000004
NG17 3GU,E07000170,E12000004
NG5 1JR,E06000018,E12000004
NG9 1GN,E07000172,E12000004
NG9 6FD,E07000172,E12000004
NG11 6BF,E07000176,E12000004
NG16 2AF,E07000172,E12000004
NG2 6RJ,E07000176,E12000004
NG2 6UF,E07000176,E12000004
NG2 7PW,E07000176,E12000004
NG4 1NB,E07000173,E12000004
NG9 6HR,E07000172,E12000004
NG15 7UW,E07000170,E12000004
NG15 9BU,E07000173,E12000004
NG21 0QL,E07000175,E12000004
NG23 5LY,E07000176,E12000004
NG4 1BJ,E07000173,E12000004
NG5 2DN,E06000018,E12000004
NG14 7HD,E07000175,E12000004
NG2 5AL,E07000176,E12000004
NG21 0JD,E07000175,E12000004
S80 1AP,E07000171,E12000004
NG8 1HX,E06000018,E12000004
NG11 9HT,E06000018,E12000004
NG19 0QP,E07000174,E12000004
NG19 7FE,E07000174,E12000004
NG19 9GY,E07000174,E12000004
NG24 3SP,E07000175,E12000004
NG3 5BB,E06000018,E12000004
NG3 6AN,E07000173,E12000004
NG7 6NR,E06000018,E12000004
NG11 6NW,E07000176,E12000004
NG12 5EZ,E07000176,E12000004
NG5 2GU,E06000018,E12000004
LE12 6TE,E07000176,E12000004
NG17 2LX,E07000170,E12000004
NG17 2SR,E07000170,E12000004
NG17 3GZ,E07000170,E12000004
NG23 6NW,E07000175,E12000004
NG15 9HQ,E07000173,E12000004
NG2 5JS,E07000176,E12000004
S80 1BA,E07000171,E12000004
NG12 3HN,E07000176,E12000004
NG18 2JJ,E07000174,E12000004
NG5 6RS,E07000173,E12000004
NG6 9AQ,E06000018,E12000004
S81 8UX,E07000171,E12000004
NG7 1JG,E06000018,E12000004
NG8 1AA,E06000018,E12000004
NG11 7AT,E06000018,E12000004
NG13 8YH,E07000176,E12000004
NG19 0NR,E07000174,E12000004
NG24 2PZ,E07000175,E12000004
NG5 9BL,E06000018,E12000004
NG6 9HU,E06000018,E12000004
NG7 1AX,E06000018,E12000004
S81 0FA,E07000171,E12000004
LE12 6HZ,E07000176,E12000004
NG16 5HB,E07000170,E12000004
NG7 3HF,E06000018,E12000004
NG7 4EZ,E06000018,E12000004
NG8 2RE,E06000018,E12000004
NG8 3NE,E06000018,E12000004
NG14 6AU,E07000175,E12000004
NG15 7BX,E07000170,E12000004
NG23 6HN,E07000175,E12000004
NG6 8EA,E06000018,E12000004
LE12 6LY,E07000176,E12000004
NG17 4GR,E07000170,E12000004
NG24 2TJ,E07000175,E12000004
NG7 5DX,E06000018,E12000004
NG7 6AL,E06000018,E12000004
NG7 6PQ,E06000018,E12000004
NG8 3PA,E06000018,E12000004
NG15 8FR,E07000173,E12000004
NG16 2NF,E07000172,E12000004
NG16 3DS,E07000172,E12000004
NG6 8YR,E06000018,E12000004
NG24 2HA,E07000175,E12000004
NG7 4BB,E06000018,E12000004
NG7 6HQ,E06000018,E12000004
NG15 8EZ,E07000170,E12000004
NG16 2WQ,E07000172,E12000004
NG5 6EP,E06000018,E12000004
NG11 8HJ,E06000018,E12000004
NG12 3DB,E07000176,E12000004
NG2 1JU,E06000018,E12000004
NG2 4FZ,E06000018,E12000004
NG2 4LN,E06000018,E12000004
NG4 3BE,E07000173,E12000004
NG5 1PD,E06000018,E12000004
S80 1HD,E07000171,E12000004
NG18 4QG,E07000174,E12000004
NG19 6AP,E07000174,E12000004
NG9 3EQ,E07000172,E12000004
NG12 3AU,E07000176,E12000004
NG13 8RH,E07000176,E12000004
NG2 1HH,E06000018,E12000004
NG2 1PB,E06000018,E12000004
NG2 6GP,E07000176,E12000004
NG20 0PZ,E07000174,E12000004
NG4 2PA,E07000173,E12000004
NG5 1EL,E06000018,E12000004
S80 1TY,E07000171,E12000004
NG11 0DE,E07000176,E12000004
NG18 2NY,E07000174,E12000004
NG18 4XS,E07000174,E12000004
NG19 6TY,E07000174,E12000004
LE12 5NU,E07000176,E12000004
NG17 4PL,E07000174,E12000004
NG17 7BH,E07000170,E12000004
NG25 0EE,E07000175,E12000004
NG8 1AT,E06000018,E12000004
NG14 7DD,E07000175,E12000004
NG15 7EJ,E07000170,E12000004
NG15 7SF,E07000170,E12000004
NG16 2RX,E07000172,E12000004
NG23 7RS,E07000175,E12000004
NG6 0QP,E06000018,E12000004
NG6 9AW,E06000018,E12000004
NG12 5PD,E07000176,E12000004
NG2 2ER,E06000018,E12000004
NG11 8GT,E06000018,E12000004
NG2 6EY,E07000176,E12000004
NG2 6LJ,E07000176,E12000004
NG4 3AB,E07000173,E12000004
NG9 3EB,E07000172,E12000004
NG9 3HP,E07000172,E12000004
NG9 5BL,E07000172,E12000004
NG1 4HA,E06000018,E12000004
NG18 1RP,E07000174,E12000004
NG14 6GL,E07000173,E12000004
NG16 3LD,E07000172,E12000004
NG2 6DQ,E07000176,E12000004
NG5 1QS,E06000018,E12000004
S80 2LL,E07000171,E12000004
NG17 1BS,E07000170,E12000004
NG17 4GW,E07000170,E12000004
NG25 0BX,E07000175,E12000004
NG8 2FD,E06000018,E12000004
NG16 1PX,E07000172,E12000004
NG2 1LL,E06000018,E12000004
NG2 2EJ,E06000018,E12000004
NG2 2FY,E06000018,E12000004
NG1 3DA,E06000018,E12000004
NG16 3TN,E07000172,E12000004
NG8 4DT,E06000018,E12000004
NG19 6PG,E07000174,E12000004
NG9 1JD,E07000172,E12000004
NG16 2BG,E07000172,E12000004
NG21 0QB,E07000175,E12000004
NG17 9JD,E07000170,E12000004
NG24 4UU,E07000175,E12000004
NG8 3PG,E06000018,E12000004
NG19 0GT,E07000174,E12000004
NG15 7TY,E07000170,E12000004
NG21 0PW,E07000175,E12000004
NG5 1LR,E06000018,E12000004
NG16 5AZ,E07000172,E12000004
NG16 5ET,E07000170,E12000004
NG17 7JP,E07000170,E12000004
NG17 9LD,E07000170,E12000004
NG24 2LS,E07000175,E12000004
NG24 3WB,E07000175,E12000004
NG3 5GR,E07000173,E12000004
NG3 7GX,E06000018,E12000004
NG7 4EL,E06000018,E12000004
NG7 4FB,E06000018,E12000004
NG8 5QJ,E06000018,E12000004
S81 8JE,E07000171,E12000004
NG12 3SF,E07000176,E12000004
NG13 9FX,E07000176,E12000004
NG18 2BX,E07000174,E12000004
NG9 3PW,E07000172,E12000004
NG9 7GW,E07000172,E12000004
NG11 6PN,E07000176,E12000004
NG23 6TW,E07000175,E12000004
NG5 3HL,E06000018,E12000004
NG5 7HL,E07000173,E12000004
NG9 2BY,E07000172,E12000004
NG9 5BD,E07000172,E12000004
NG11 9DG,E06000018,E12000004
NG11 9JX,E06000018,E12000004
NG12 5GY,E07000176,E12000004
NG22 9AD,E07000175,E12000004
NG12 5JN,E07000176,E12000004
NG21 9EN,E07000175,E12000004
NG22 9GW,E07000175,E12000004
NG5 4NZ,E07000173,E12000004
NG5 5FZ,E06000018,E12000004
NG5 8DR,E07000173,E12000004
NG6 7FH,E06000018,E12000004
NG17 1FJ,E07000170,E12000004
NG3 7EE,E06000018,E12000004
NG7 4AP,E06000018,E12000004
NG8 3NN,E06000018,E12000004
NG11 7DY,E06000018,E12000004
NG12 1DJ,E07000176,E12000004
NG2 6RP,E07000176,E12000004
NG4 3FL,E07000173,E12000004
NG4 3FN,E07000173,E12000004
NG4 3QR,E07000173,E12000004
NG17 2ND,E07000170,E12000004
NG17 4FX,E07000170,E12000004
NG17 4PU,E07000170,E12000004
NG3 3BJ,E06000018,E12000004
NG3 3ED,E06000018,E12000004
NG8 2QH,E06000018,E12000004
NG13 9EJ,E07000176,E12000004
S80 1NG,E07000171,E12000004
NG24 2RT,E07000175,E12000004
NG11 8RE,E06000018,E12000004
NG13 9DN,E07000176,E12000004
NG2 6QS,E07000176,E12000004
LE12 6AY,E07000176,E12000004
NG22 8WP,E07000175,E12000004
NG23 5PX,E07000175,E12000004
NG24 1EG,E07000175,E12000004
NG5 4AA,E06000018,E12000004
NG18 4LA,E07000174,E12000004
NG14 6DJ,E07000173,E12000004
NG16 1BY,E07000172,E12000004
NG5 4FD,E07000173,E12000004
NG5 9PJ,E07000173,E12000004
NG18 2PQ,E07000174,E12000004
NG18 4HS,E07000174,E12000004
NG17 3HH,E07000170,E12000004
NG17 5FB,E07000170,E12000004
NG17 8ER,E07000170,E12000004
NG24 3SD,E07000175,E12000004
NG3 2NL,E06000018,E12000004
NG3 3DT,E06000018,E12000004
NG7 7AR,E06000018,E12000004
NG8 2NE,E06000018,E12000004
NG8 6EX,E06000018,E12000004
NG12 3DT,E07000176,E12000004
NG13 8YD,E07000176,E12000004
NG2 5GN,E07000176,E12000004
NG2 6DX,E07000176,E12000004
NG4 2TB,E07000173,E12000004
NG9 6EW,E07000172,E12000004
NG9 8ND,E07000172,E12000004
S80 2BD,E07000171,E12000004
LE12 6XQ,E07000176,E12000004
NG16 3AJ,E07000172,E12000004
NG22 8RT,E07000175,E12000004
NG23 6AZ,E07000175,E12000004
S81 0JU,E07000171,E12000004
S81 0PG,E07000171,E12000004
S81 0TB,E07000171,E12000004
S81 8DN,E07000171,E12000004
NG11 0BL,E07000176,E12000004
NG19 9AQ,E07000174,E12000004
NG22 9JX,E07000175,E12000004
NG5 7BA,E07000173,E12000004
NG6 7DP,E06000018,E12000004
NG18 2LP,E07000174,E12000004
NG18 4EZ,E07000174,E12000004
NG18 4WJ,E07000174,E12000004
NG18 5QX,E07000174,E12000004
NG19 8HF,E07000174,E12000004
NG19 8JS,E07000174,E12000004
NG11 7BH,E06000018,E12000004
NG12 4HX,E07000176,E12000004
NG19 8SG,E07000174,E12000004
NG3 3PH,E06000018,E12000004
NG9 1LP,E07000172,E12000004
S81 8GZ,E07000171,E12000004
NG1 1DX,E06000018,E12000004
NG16 3RN,E07000172,E12000004
NG17 3FH,E07000170,E12000004
NG17 4DA,E07000170,E12000004
NG11 7FE,E06000018,E12000004
NG11 9BY,E06000018,E12000004
NG12 3LE,E07000176,E12000004
NG19 6NQ,E07000174,E12000004
NG19 9RZ,E07000174,E12000004
NG1 4HQ,E06000018,E12000004
NG17 2HQ,E07000170,E12000004
NG24 2AZ,E07000175,E12000004
NG12 2HQ,E07000176,E12000004
NG12 5SQ,E07000176,E12000004
NG13 8PU,E07000176,E12000004
NG18 2LU,E07000174,E12000004
NG3 6AD,E07000173,E12000004
NG5 1GY,E06000018,E12000004
NG17 4DP,E07000170,E12000004
NG18 1LP,E07000174,E12000004
NG11 8JE,E06000018,E12000004
NG12 2JF,E07000176,E12000004
NG12 2NS,E07000176,E12000004
NG18 6BB,E07000174,E12000004
NG3 6GE,E07000173,E12000004
NG4 2BR,E07000173,E12000004
NG4 2GL,E07000173,E12000004
NG4 4GH,E07000173,E12000004
NG4 4WB,E07000173,E12000004
NG9 2HR,E07000172,E12000004
NG9 3GH,E07000172,E12000004
S81 8WG,E07000171,E12000004
S81 9QH,E07000171,E12000004
NG11 6BW,E07000176,E12000004
NG11 6DB,E07000176,E12000004
S80 2QL,E07000171,E12000004
NG14 7AT,E07000175,E12000004
NG2 4FD,E06000018,E12000004
S80 2DF,E07000171,E12000004
NG14 5JD,E07000173,E12000004
NG15 7QT,E07000170,E12000004
NG16 1BJ,E07000172,E12000004
NG2 6SS,E07000176,E12000004
NG20 0JT,E07000174,E12000004
NG5 3HX,E06000018,E12000004
NG5 7NE,E07000173,E12000004
NG7 1ND,E06000018,E12000004
NG7 7BH,E06000018,E12000004
NG5 2HU,E06000018,E12000004
NG8 1AP,E06000018,E12000004
NG14 6HW,E07000173,E12000004
NG5 4JW,E07000173,E12000004
NG7 7AL,E06000018,E12000004
NG8 5GH,E06000018,E12000004
NG3 7BJ,E06000018,E12000004
NG7 7EX,E06000018,E12000004
NG19 9EH,E07000174,E12000004
NG14 7AF,E07000175,E12000004
NG15 8JU,E07000173,E12000004
NG24 2AQ,E07000175,E12000004
NG5 4DP,E06000018,E12000004
NG17 4JQ,E07000170,E12000004
NG17 5HA,E07000170,E12000004
NG17 8JZ,E07000170,E12000004
NG17 9BU,E07000170,E12000004
NG7 3AD,E06000018,E12000004
NG7 4AG,E06000018,E12000004
NG8 1BG,E06000018,E12000004
NG18 1QF,E07000174,E12000004
NG19 0QX,E07000174,E12000004
NG9 3AP,E07000172,E12000004
NG14 6FF,E07000173,E12000004
NG16 1HQ,E07000172,E12000004
NG22 8UB,E07000175,E12000004
NG5 2NQ,E06000018,E12000004
NG17 9AE,E07000170,E12000004
NG17 9BY,E07000170,E12000004
NG24 3QR,E07000175,E12000004
NG25 0RL,E07000175,E12000004
NG3 5AH,E06000018,E12000004
NG3 6NT,E07000173,E12000004
NG7 7BJ,E06000018,E12000004
NG8 5HL,E06000018,E12000004
NG8 6FR,E06000018,E12000004
NG8 6LQ,E06000018,E12000004
NG8 6LY,E06000018,E12000004
NG1 4EZ,E06000018,E12000004
NG9 1PQ,E07000172,E12000004
NG21 9RT,E07000175,E12000004
NG23 5PD,E07000175,E12000004
NG23 7HY,E07000175,E12000004
NG5 5GG,E06000018,E12000004
NG17 9JS,E07000170,E12000004
NG24 2HW,E07000175,E12000004
NG24 3HW,E07000175,E12000004
NG3 6NJ,E07000173,E12000004
NG8 4BX,E06000018,E12000004
NG8 4HW,E06000018,E12000004
NG1 1AS,E06000018,E12000004
NG1 4ES,E06000018,E12000004
NG11 6HF,E07000176,E12000004
NG18 2FJ,E07000174,E12000004
NG9 1LN,E07000172,E12000004
NG9 4EX,E07000172,E12000004
NG16 2AN,E07000172,E12000004
NG21 9GB,E07000175,E12000004
NG11 7FD,E06000018,E12000004
NG2 2LH,E06000018,E12000004
S80 1QT,E07000171,E12000004
S81 8JA,E07000171,E12000004
NG2 2FR,E06000018,E12000004
NG4 4WG,E07000173,E12000004
NG5 3HW,E06000018,E12000004
NG5 6DT,E06000018,E12000004
NG6 0FB,E06000018,E12000004
S81 7LQ,E07000171,E12000004
NG12 4DQ,E07000176,E12000004
NG5 1HD,E06000018,E12000004
S80 3PF,E07000171,E12000004
NG11 6ER,E07000176,E12000004
NG18 4RD,E07000174,E12000004
NG5 3AA,E06000018,E12000004
NG5 4EB,E06000018,E12000004
NG14 5GS,E07000175,E12000004
NG16 2YX,E07000172,E12000004
NG24 1WT,E07000175,E12000004
LE12 5EJ,E07000176,E12000004
NG1 2AY,E06000018,E12000004
NG18 3JP,E07000174,E12000004
NG18 4TH,E07000170,E12000004
NG24 3WU,E07000175,E12000004
NG3 3DH,E06000018,E12000004
NG3 6HY,E07000173,E12000004
S80 2QN,E07000171,E12000004
NG11 6QU,E07000176,E12000004
NG12 4FQ,E07000176,E12000004
NG12 4LS,E07000176,E12000004
NG13 9JH,E07000176,E12000004
NG2 7SU,E07000176,E12000004
NG8 1FN,E06000018,E12000004
NG8 6AR,E06000018,E12000004
NG1 3FQ,E06000018,E12000004
NG1 5FB,E06000018,E12000004
NG18 2HF,E07000174,E12000004
NG19 0LH,E07000174,E12000004
NG24 3GN,E07000175,E12000004
NG3 1LN,E06000018,E12000004
NG3 6AR,E07000173,E12000004
NG3 6HF,E07000173,E12000004
NG5 6FD,E07000173,E12000004
NG15 6PS,E07000170,E12000004
NG15 6SP,E07000170,E12000004
NG23 5LQ,E07000176,E12000004
NG23 7BS,E07000175,E12000004
NG4 4LL,E07000173,E12000004
NG19 9RA,E07000174,E12000004
NG24 3PT,E07000175,E12000004
NG3 5ET,E06000018,E12000004
NG3 5GN,E06000018,E12000004
NG5 4AH,E06000018,E12000004
NG6 8GG,E06000018,E12000004
NG6 8JY,E06000018,E12000004
NG2 3BH,E06000018,E12000004
NG2 5EB,E07000176,E12000004
NG2 6GD,E07000176,E12000004
NG21 0HF,E07000174,E12000004
NG7 5PA,E06000018,E12000004
NG12 2DW,E07000176,E12000004
NG13 8JL,E07000176,E12000004
NG13 8PL,E07000176,E12000004
NG13 9AT,E07000176,E12000004
NG20 9JG,E07000171,E12000004
NG7 7GX,E06000018,E12000004
NG8 2GJ,E06000018,E12000004
NG17 2BX,E07000170,E12000004
NG17 2HR,E07000170,E12000004
NG9 4AP,E07000172,E12000004
NG13 8YY,E07000176,E12000004
NG2 7TT,E07000176,E12000004
NG17 2RH,E07000170,E12000004
NG17 4FD,E07000170,E12000004
NG17 7GX,E07000170,E12000004
NG15 9HL,E07000173,E12000004
NG16 3AG,E07000172,E12000004
NG24 1LJ,E07000175,E12000004
NG4 3NR,E07000173,E12000004
NG17 1EE,E07000170,E12000004
NG17 3ED,E07000170,E12000004
NG17 4BN,E07000170,E12000004
NG24 4JE,E07000175,E12000004
NG3 5DU,E06000018,E12000004
NG5 3AE,E06000018,E12000004
NG5 4GW,E07000173,E12000004
NG5 6GB,E07000173,E12000004
NG5 8DG,E07000173,E12000004
NG5 8FG,E07000173,E12000004
NG5 8HB,E07000173,E12000004
NG6 0LJ,E06000018,E12000004
NG16 3RH,E07000172,E12000004
NG6 9HA,E06000018,E12000004
NG18 5BT,E07000174,E12000004
NG19 0RT,E07000174,E12000004
NG24 2QU,E07000175,E12000004
NG3 3PA,E06000018,E12000004
NG5 8DL,E07000173,E12000004
NG18 2QJ,E07000174,E12000004
NG18 4SH,E07000174,E12000004
NG18 5RF,E07000174,E12000004
NG24 2LJ,E07000175,E12000004
NG25 0AR,E07000175,E12000004
NG5 3DP,E06000018,E12000004
NG5 8AE,E07000173,E12000004
NG6 8XE,E07000173,E12000004
S81 9AJ,E07000171,E12000004
NG9 5FH,E07000172,E12000004
NG9 6GE,E07000172,E12000004
NG9 8LE,E07000172,E12000004
LE12 5RW,E07000176,E12000004
NG13 8JN,E07000176,E12000004
NG13 8XZ,E07000176,E12000004
NG2 3LF,E06000018,E12000004
S80 1EY,E07000171,E12000004
NG17 2JZ,E07000170,E12000004
NG17 5GA,E07000170,E12000004
NG3 6FD,E07000173,E12000004
NG8 2FY,E06000018,E12000004
NG8 3LG,E06000018,E12000004
NG8 3NB,E06000018,E12000004
NG8 5SJ,E06000018,E12000004
NG11 6PB,E07000176,E12000004
NG13 8LN,E07000176,E12000004
NG4 2DW,E07000173,E12000004
S80 2RQ,E07000171,E12000004
NG15 8GJ,E07000170,E12000004
NG24 2BL,E07000175,E12000004
NG5 5QD,E06000018,E12000004
NG5 8LS,E07000173,E12000004
NG15 6WJ,E07000170,E12000004
NG15 8BL,E07000170,E12000004
NG16 1QA,E07000172,E12000004
NG5 4AU,E06000018,E12000004
NG5 8HD,E07000173,E12000004
NG5 9HX,E06000018,E12000004
NG18 4LE,E07000174,E12000004
NG19 6DS,E07000174,E12000004
NG9 1HD,E07000172,E12000004
NG9 6JB,E07000172,E12000004
NG9 8GQ,E07000172,E12000004
NG19 7HF,E07000174,E12000004
NG19 9EP,E07000174,E12000004
NG9 5EQ,E07000172,E12000004
NG22 9FE,E07000175,E12000004
NG5 5EE,E06000018,E12000004
LE12 6TR,E07000176,E12000004
NG18 2BE,E07000174,E12000004
NG18 4XW,E07000174,E12000004
NG9 5EA,E07000172,E12000004
NG15 7BH,E07000170,E12000004
NG15 9AH,E07000173,E12000004
NG23 5RU,E07000175,E12000004
NG24 1HY,E07000175,E12000004
NG5 4FW,E07000173,E12000004
NG5 4PB,E07000173,E12000004
NG5 5BB,E06000018,E12000004
S81 8LW,E07000171,E12000004
NG9 7HD,E07000172,E12000004
NG20 9QG,E07000174,E12000004
NG4 2HJ,E07000173,E12000004
NG4 4PE,E07000173,E12000004
NG1 6DA,E06000018,E12000004
NG11 6SG,E07000176,E12000004
NG13 8AB,E07000176,E12000004
NG22 9EB,E07000175,E12000004
NG5 2JJ,E06000018,E12000004
NG6 8QW,E06000018,E12000004
NG9 1PA,E07000172,E12000004
NG9 4HX,E07000172,E12000004
NG9 6JF,E07000172,E12000004
NG16 5JN,E07000170,E12000004
NG2 7HT,E07000176,E12000004
NG1 2NX,E06000018,E12000004
NG11 0AB,E07000176,E12000004
NG11 9HZ,E06000018,E12000004
NG22 0HB,E07000175,E12000004
NG9 2BE,E07000172,E12000004
NG9 5NN,E07000172,E12000004
NG23 7NG,E07000175,E12000004
NG24 1PZ,E07000175,E12000004
NG9 5EU,E07000172,E12000004
NG1 4EY,E06000018,E12000004
NG11 6PA,E07000176,E12000004
NG12 2JJ,E07000176,E12000004
NG21 9FU,E07000175,E12000004
NG5 5NU,E06000018,E12000004
NG6 8PU,E06000018,E12000004
NG9 3FZ,E07000172,E12000004
NG15 9GJ,E07000173,E12000004
NG16 1RD,E07000172,E12000004
NG7 6PF,E06000018,E12000004
S81 8HJ,E07000171,E12000004
NG8 1HP,E06000018,E12000004
S80 2EE,E07000171,E12000004
S81 0TE,E07000171,E12000004
NG18 3JT,E07000174,E12000004
NG15 8AF,E07000173,E12000004
NG24 2NG,E07000175,E12000004
NG24 3QY,E07000175,E12000004
NG24 3TJ,E07000175,E12000004
NG3 5AJ,E06000018,E12000004
NG7 7JP,E06000018,E12000004
NG8 6QE,E06000018,E12000004
NG9 1BS,E07000172,E12000004
S81 0TN,E07000171,E12000004
NG19 9JN,E07000174,E12000004
NG14 5DZ,E07000173,E12000004
NG8 2PL,E06000018,E12000004
S81 0FB,E07000171,E12000004
S81 7RQ,E07000171,E12000004
LE14 3AF,E07000176,E12000004
NG12 2JG,E07000176,E12000004
NG12 3RE,E07000176,E12000004
NG2 5AR,E07000176,E12000004
NG14 5JH,E07000173,E12000004
NG14 6HP,E07000173,E12000004
NG15 6EE,E07000170,E12000004
NG15 8FT,E07000170,E12000004
NG9 3RF,E07000172,E12000004
NG16 5BL,E07000172,E12000004
NG5 6AA,E07000173,E12000004
NG6 9EJ,E06000018,E12000004
NG6 9HF,E06000018,E12000004
NG12 3GZ,E07000176,E12000004
NG13 9AE,E07000176,E12000004
NG2 1LB,E06000018,E12000004
NG2 6HP,E07000176,E12000004
NG9 4HP,E07000172,E12000004
NG9 6DE,E07000172,E12000004
NG22 8EA,E07000175,E12000004
NG5 7BB,E07000173,E12000004
NG6 0DT,E06000018,E12000004
NG6 8UN,E07000170,E12000004
S80 2QR,E07000171,E12000004
NG1 7HP,E06000018,E12000004
NG18 4PG,E07000174,E12000004
NG3 7FT,E06000018,E12000004
NG7 5FS,E06000018,E12000004
NG8 2NN,E06000018,E12000004
NG8 3NA,E06000018,E12000004
NG21 0GF,E07000175,E12000004
NG15 6WD,E07000170,E12000004
NG15 9DE,E07000173,E12000004
NG9 1DN,E07000172,E12000004
NG16 5FH,E07000170,E12000004
NG17 5EA,E07000170,E12000004
NG22 9WL,E07000175,E12000004
NG5 5PA,E06000018,E12000004
NG6 8QD,E06000018,E12000004
NG11 6EH,E07000176,E12000004
NG18 6AN,E07000174,E12000004
NG3 6BE,E07000173,E12000004
NG4 4LN,E07000173,E12000004
NG7 3DX,E06000018,E12000004
NG8 2ES,E06000018,E12000004
S81 9FF,E07000171,E12000004
NG18 3HP,E07000174,E12000004
NG19 7EN,E07000174,E12000004
NG24 2JL,E07000175,E12000004
NG7 2EN,E06000018,E12000004
NG8 1GR,E06000018,E12000004
NG8 3EN,E06000018,E12000004
S81 8FY,E07000171,E12000004
NG11 6NH,E07000176,E12000004
NG12 5JY,E07000176,E12000004
NG20 0HT,E07000174,E12000004
NG15 9FG,E07000173,E12000004
NG16 3AN,E07000172,E12000004
NG9 1PP,E07000172,E12000004
NG9 4DL,E07000172,E12000004
NG9 4HQ,E07000172,E12000004
NG17 2NY,E07000170,E12000004
NG17 2QH,E07000170,E12000004
NG17 7NP,E07000170,E12000004
NG5 9NU,E07000173,E12000004
NG6 0BL,E06000018,E12000004
S80 3AB,E07000171,E12000004
NG11 0HY,E07000176,E12000004
NG11 6FR,E07000176,E12000004
NG24 2LL,E07000175,E12000004
NG4 3LS,E07000173,E12000004
NG4 4PX,E07000173,E12000004
NG7 4HR,E06000018,E12000004
NG8 1GH,E06000018,E12000004
NG23 7PQ,E07000175,E12000004
NG7 1DL,E06000018,E12000004
NG7 2QP,E06000018,E12000004
NG7 5NJ,E06000018,E12000004
NG7 6GZ,E06000018,E12000004
NG8 2RD,E06000018,E12000004
NG8 3NH,E06000018,E12000004
NG8 5LF,E06000018,E12000004
S81 8BP,E07000171,E12000004
NG12 2LH,E07000176,E12000004
NG12 4GQ,E07000176,E12000004
NG2 3FP,E06000018,E12000004
NG22 0UY,E07000171,E12000004
NG23 7NB,E07000175,E12000004
NG24 1PN,E07000175,E12000004
NG8 1FU,E06000018,E12000004
NG8 3HJ,E06000018,E12000004
NG8 4HH,E06000018,E12000004
S81 9PD,E07000171,E12000004
LE12 6PS,E07000176,E12000004
NG13 9AH,E07000176,E12000004
NG2 7UB,E07000176,E12000004
NG14 7HE,E07000175,E12000004
NG16 1QR,E07000172,E12000004
NG23 6DX,E07000175,E12000004
NG23 6JZ,E07000175,E12000004
S81 7BL,E07000171,E12000004
LE12 6RU,E07000176,E12000004
NG13 7BF,E07000176,E12000004
NG2 5JP,E07000176,E12000004
NG5 1DR,E06000018,E12000004
NG5 1QX,E06000018,E12000004
NG5 2FB,E06000018,E12000004
NG9 3DG,E07000172,E12000004
NG22 9DQ,E07000175,E12000004
NG23 7DX,E07000175,E12000004
NG8 2DJ,E06000018,E12000004
NG12 3AP,E07000176,E12000004
NG2 2EL,E06000018,E12000004
NG2 4GD,E06000018,E12000004
NG9 1PZ,E07000172,E12000004
NG1 5AW,E06000018,E12000004
NG4 1BU,E07000173,E12000004
NG4 3GA,E07000173,E12000004
NG18 3DL,E07000174,E12000004
NG18 5FH,E07000174,E12000004
NG5 5SR,E06000018,E12000004
NG6 0AU,E06000018,E12000004
NG6 0FJ,E06000018,E12000004
NG6 0JW,E06000018,E12000004
NG1 2HG,E06000018,E12000004
NG19 9AH,E07000174,E12000004
NG25 0BB,E07000175,E12000004
NG25 0HG,E07000175,E12000004
NG18 2PX,E07000174,E12000004
NG19 6AE,E07000174,E12000004
NG25 0BH,E07000175,E12000004
NG16 5AG,E07000172,E12000004
NG17 7GN,E07000170,E12000004
NG18 4GF,E07000174,E12000004
NG3 3EP,E06000018,E12000004
NG5 7DX,E07000173,E12000004
NG15 6AD,E07000170,E12000004
NG16 1EH,E07000172,E12000004
NG16 2QB,E07000172,E12000004
NG21 9PA,E07000175,E12000004
NG23 7JH,E07000175,E12000004
NG6 8UU,E07000173,E12000004
NG3 2BU,E06000018,E12000004
NG8 6HW,E06000018,E12000004
NG15 6WR,E07000170,E12000004
NG22 9LP,E07000175,E12000004
NG24 1QX,E07000175,E12000004
NG5 5RW,E06000018,E12000004
NG6 9GN,E06000018,E12000004
NG16 6BB,E07000170,E12000004
NG17 3BA,E07000170,E12000004
NG17 5DU,E07000170,E12000004
NG3 2LN,E06000018,E12000004
NG3 7DP,E06000018,E12000004
NG16 1HJ,E07000172,E12000004
NG22 0RG,E07000171,E12000004
NG22 0UR,E07000171,E12000004
NG5 4LP,E07000173,E12000004
NG6 7AY,E06000018,E12000004
NG6 8GF,E06000018,E12000004
NG24 3SQ,E07000175,E12000004
NG3 5FW,E06000018,E12000004
NG8 5DH,E06000018,E12000004
S81 8TR,E07000171,E12000004
S81 9RL,E07000171,E12000004
NG11 8EW,E06000018,E12000004
NG12 2AD,E07000176,E12000004
NG13 8TU,E07000176,E12000004
NG2 1PU,E06000018,E12000004
NG2 5DW,E07000176,E12000004
NG20 9QU,E07000174,E12000004
NG2 4BN,E06000018,E12000004
NG4 1HW,E07000173,E12000004
NG4 4AD,E07000173,E12000004
NG18 3LB,E07000174,E12000004
NG18 5GA,E07000174,E12000004
NG9 3DB,E07000172,E12000004
NG16 1AA,E07000172,E12000004
NG16 1AL,E07000172,E12000004
NG16 2QY,E07000172,E12000004
NG16 2WU,E07000172,E12000004
NG5 7FR,E07000173,E12000004
NG5 9QB,E07000173,E12000004
NG24 4TQ,E07000175,E12000004
NG3 1HJ,E06000018,E12000004
NG7 1JR,E06000018,E12000004
S81 8WE,E07000171,E12000004
NG11 8AR,E06000018,E12000004
NG2 6HU,E07000176,E12000004
NG2 6QX,E07000176,E12000004
NG2 7TS,E07000176,E12000004
NG5 1AJ,E06000018,E12000004
NG5 1JY,E06000018,E12000004
NG11 8NJ,E06000018,E12000004
NG20 0DL,E07000174,E12000004
NG18 5DE,E07000174,E12000004
NG19 6JP,E07000174,E12000004
NG19 9EE,E07000174,E12000004
NG9 2JR,E07000172,E12000004
NG11 2BB,E07000176,E12000004
NG18 4PA,E07000174,E12000004
NG20 0PT,E07000174,E12000004
NG1 1QP,E06000018,E12000004
NG9 6EF,E07000172,E12000004
NG11 7EB,E06000018,E12000004
NG12 3BY,E07000176,E12000004
NG12 3EB,E07000176,E12000004
NG5 1ES,E06000018,E12000004
NG18 3PT,E07000174,E12000004
NG18 4ES,E07000174,E12000004
NG19 6DP,E07000174,E12000004
NG9 4DZ,E07000172,E12000004
NG11 7EQ,E06000018,E12000004
NG11 8HH,E06000018,E12000004
NG12 3PA,E07000176,E12000004
NG13 8HA,E07000176,E12000004
NG2 4HT,E06000018,E12000004
NG1 3AY,E06000018,E12000004
NG11 6FL,E07000176,E12000004
NG18 5GL,E07000174,E12000004
NG9 2NZ,E07000172,E12000004
LE12 6AL,E07000176,E12000004
NG2 2GU,E06000018,E12000004
NG2 3GF,E06000018,E12000004
NG21 0TJ,E07000175,E12000004
NG3 2LT,E06000018,E12000004
NG3 5GY,E06000018,E12000004
NG7 5FW,E06000018,E12000004
NG8 1FE,E06000018,E12000004
NG8 4ER,E06000018,E12000004
S80 1XN,E07000171,E12000004
NG15 6XD,E07000170,E12000004
NG22 0FP,E07000171,E12000004
NG6 0BA,E06000018,E12000004
NG6 0HJ,E06000018,E12000004
S81 0AX,E07000171,E12000004
DE7 5UD,E07000172,E12000004
NG3 4JH,E06000018,E12000004
NG8 2NW,E06000018,E12000004
NG23 6TS,E07000175,E12000004
NG24 1NZ,E07000175,E12000004
NG6 0JN,E06000018,E12000004
NG6 9AD,E06000018,E12000004
S81 8JH,E07000171,E12000004
NG16 5LG,E07000170,E12000004
NG17 3NN,E07000170,E12000004
NG17 5GT,E07000170,E12000004
NG24 4SG,E07000175,E12000004
NG7 6BB,E06000018,E12000004
NG7 6JJ,E06000018,E12000004
NG16 3EW,E07000172,E12000004
NG5 5RQ,E06000018,E12000004
S80 1DY,E07000171,E12000004
NG14 5JG,E07000173,E12000004
NG6 9JY,E06000018,E12000004
S81 7JD,E07000171,E12000004
S81 8NJ,E07000171,E12000004
NG15 6UL,E07000170,E12000004
NG15 7QB,E07000170,E12000004
NG22 9QW,E07000175,E12000004
NG23 5SG,E07000175,E12000004
NG23 6NL,E07000175,E12000004
NG5 7BL,E07000173,E12000004
NG6 9GF,E06000018,E12000004
NG16 6PZ,E07000170,E12000004
NG17 2PW,E07000170,E12000004
NG9 3HG,E07000172,E12000004
NG16 3BT,E07000172,E12000004
NG16 3HU,E07000172,E12000004
NG22 9SA,E07000175,E12000004
NG5 4LN,E07000173,E12000004
LE12 6PT,E07000176,E12000004
NG17 3AN,E07000170,E12000004
NG17 4GX,E07000170,E12000004
NG16 2WY,E07000172,E12000004
NG16 3DW,E07000172,E12000004
NG22 8TE,E07000175,E12000004
NG23 5SU,E07000175,E12000004
NG6 0BT,E06000018,E12000004
NG16 6DR,E07000170,E12000004
NG17 1GZ,E07000170,E12000004
NG9 2QF,E07000172,E12000004
NG9 4HU,E07000172,E12000004
S81 7RR,E07000171,E12000004
NG18 2EY,E07000174,E12000004
NG18 4SL,E07000174,E12000004
NG18 6AE,E07000174,E12000004
NG19 0QE,E07000174,E12000004
NG3 5QU,E07000173,E12000004
NG8 2SW,E06000018,E12000004
S80 2NT,E07000171,E12000004
NG14 7EY,E07000175,E12000004
S81 7PW,E07000171,E12000004
NG1 6DH,E06000018,E12000004
NG18 3PH,E07000174,E12000004
NG24 3FF,E07000175,E12000004
NG3 4FR,E06000018,E12000004
NG3 5EN,E06000018,E12000004
NG12 3EY,E07000176,E12000004
NG2 4DS,E06000018,E12000004
NG20 0JX,E07000174,E12000004
NG20 8XF,E07000174,E12000004
NG4 3DT,E07000173,E12000004
NG1 1QE,E06000018,E12000004
NG1 2HN,E06000018,E12000004
NG1 3FR,E06000018,E12000004
NG1 7HL,E06000018,E12000004
NG18 3BB,E07000174,E12000004
NG18 4QY,E07000174,E12000004
NG19 7RW,E07000174,E12000004
NG24 5AT,E07000175,E12000004
NG3 5EU,E06000018,E12000004
NG11 9LW,E06000018,E12000004
NG12 5SL,E07000176,E12000004
NG18 3BN,E07000174,E12000004
NG19 0GQ,E07000174,E12000004
NG24 3GT,E07000175,E12000004
NG7 7FY,E06000018,E12000004
NG8 6GT,E06000018,E12000004
NG11 7AF,E06000018,E12000004
NG5 1RF,E06000018,E12000004
NG18 2PJ,E07000174,E12000004
NG9 2EL,E07000172,E12000004
NG9 2EX,E07000172,E12000004
NG9 6DP,E07000172,E12000004
NG11 7DH,E06000018,E12000004
NG12 4BL,E07000176,E12000004
NG12 4JX,E07000176,E12000004
NG2 1PW,E06000018,E12000004
NG20 0HG,E07000174,E12000004
NG9 8LN,E07000172,E12000004
LE12 6XH,E07000176,E12000004
NG11 7HB,E06000018,E12000004
NG12 4DZ,E07000176,E12000004
NG2 4JW,E06000018,E12000004
NG2 5JD,E07000176,E12000004
NG5 1NN,E06000018,E12000004
NG18 2AG,E07000174,E12000004
NG18 4EX,E07000174,E12000004
NG9 3QP,E07000172,E12000004
NG9 7BE,E07000172,E12000004
NG15 9EZ,E07000173,E12000004
NG22 9TP,E07000175,E12000004
NG5 3GF,E06000018,E12000004
NG5 5UP,E06000018,E12000004
NG5 7HA,E07000173,E12000004
NG17 7AS,E07000170,E12000004
NG24 4NP,E07000175,E12000004
NG7 1PU,E06000018,E12000004
NG21 9PN,E07000175,E12000004
NG5 5QF,E06000018,E12000004
S80 2RT,E07000171,E12000004
NG17 8HN,E07000170,E12000004
NG24 3XH,E07000175,E12000004
NG3 3EL,E06000018,E12000004
NG3 3EY,E06000018,E12000004
NG8 4NA,E06000018,E12000004
NG16 3EJ,E07000172,E12000004
NG22 0LY,E07000171,E12000004
NG6 9DH,E06000018,E12000004
NG18 1EJ,E07000174,E12000004
NG25 0QR,E07000175,E12000004
NG3 3ET,E06000018,E12000004
NG8 3FP,E06000018,E12000004
LE12 6WG,E07000176,E12000004
NG11 9BX,E06000018,E12000004
NG12 4BY,E07000176,E12000004
NG21 0JA,E07000175,E12000004
NG4 2FB,E07000173,E12000004
NG5 1GF,E06000018,E12000004
NG1 2JG,E06000018,E12000004
S81 0PQ,E07000171,E12000004
S81 7QJ,E07000171,E12000004
NG15 7QY,E07000170,E12000004
NG21 9EZ,E07000175,E12000004
NG6 0DU,E06000018,E12000004
NG16 5AB,E07000172,E12000004
NG8 1JT,E06000018,E12000004
NG8 6GY,E06000018,E12000004
NG15 9DT,E07000173,E12000004
NG16 1JU,E07000172,E12000004
NG16 3DT,E07000172,E12000004
NG22 0RY,E07000171,E12000004
NG6 8GQ,E06000018,E12000004
NG2 3DP,E06000018,E12000004
NG2 3FU,E06000018,E12000004
LE12 6PY,E07000176,E12000004
NG15 7SU,E07000170,E12000004
NG16 2HZ,E07000172,E12000004
NG5 5QH,E06000018,E12000004
NG5 6HJ,E07000173,E12000004
NG12 3TZ,E07000176,E12000004
NG12 4JS,E07000176,E12000004
NG2 5DR,E07000176,E12000004
NG4 2QS,E07000173,E12000004
NG4 3NX,E07000173,E12000004
NG15 7GB,E07000170,E12000004
NG16 1GJ,E07000172,E12000004
NG22 9NU,E07000175,E12000004
NG23 5LF,E07000176,E12000004
NG24 1PE,E07000175,E12000004
NG13 8DG,E07000176,E12000004
NG2 4RS,E06000018,E12000004
NG2 5BX,E07000176,E12000004
NG4 3GU,E07000173,E12000004
NG9 7AR,E07000172,E12000004
NG16 1QB,E07000172,E12000004
NG11 8GL,E06000018,E12000004
NG12 2FH,E07000176,E12000004
NG2 2FB,E06000018,E12000004
NG2 6AP,E07000176,E12000004
NG21 0QY,E07000175,E12000004
NG21 0RB,E07000175,E12000004
NG9 6HD,E07000172,E12000004
NG16 5HN,E07000170,E12000004
NG24 3RQ,E07000175,E12000004
NG3 1GH,E06000018,E12000004
NG7 2FL,E06000018,E12000004
NG7 3JZ,E06000018,E12000004
S80 3PL,E07000171,E12000004
NG18 2AB,E07000174,E12000004
LE14 3BH,E07000176,E12000004
NG17 2FW,E07000170,E12000004
NG17 4FL,E07000170,E12000004
NG8 1HY,E06000018,E12000004
NG8 3EP,E06000018,E12000004
S80 1EU,E07000171,E12000004
NG18 3EX,E07000174,E12000004
NG19 9JG,E07000174,E12000004
NG17 9FF,E07000170,E12000004
NG24 4PH,E07000175,E12000004
NG3 3FS,E06000018,E12000004
NG7 1PQ,E06000018,E12000004
S80 1TF,E07000171,E12000004
S81 0QR,E07000171,E12000004
NG19 8SF,E07000174,E12000004
NG19 9EL,E07000174,E12000004
NG1 3FT,E06000018,E12000004
NG17 4LS,E07000170,E12000004
NG24 3UA,E07000175,E12000004
NG1 3AN,E06000018,E12000004
NG15 0BN,E07000173,E12000004
NG2 6PX,E07000176,E12000004
NG2 7ND,E07000176,E12000004
NG22 0JY,E07000171,E12000004
NG8 5PB,E06000018,E12000004
NG2 4LG,E06000018,E12000004
NG2 6GB,E07000176,E12000004
S81 7LZ,E07000171,E12000004
NG7 7GB,E06000018,E12000004
NG8 1GN,E06000018,E12000004
NG8 5BY,E06000018,E12000004
NG8 5HS,E06000018,E12000004
NG1 1DW,E06000018,E12000004
NG1 4HL,E06000018,E12000004
NG14 7EA,E07000175,E12000004
NG16 3HT,E07000172,E12000004
NG2 6AT,E07000176,E12000004
NG21 0TG,E07000175,E12000004
NG22 9PP,E07000175,E12000004
NG5 1JN,E06000018,E12000004
NG12 2BW,E07000176,E12000004
NG13 8RA,E07000176,E12000004
NG13 9DD,E07000176,E12000004
NG18 4QW,E07000174,E12000004
NG19 0JB,E07000174,E12000004
NG3 5QE,E07000173,E12000004
NG5 7ED,E07000173,E12000004
NG9 8DJ,E07000172,E12000004
NG19 8LL,E07000174,E12000004
NG3 2LE,E06000018,E12000004
NG3 3DW,E06000018,E12000004
NG6 0ES,E06000018,E12000004
NG6 8UT,E06000018,E12000004
NG9 8PX,E07000172,E12000004
NG8 3DZ,E06000018,E12000004
NG13 8AE,E07000176,E12000004
NG18 2QG,E07000174,E12000004
NG19 0LY,E07000174,E12000004
NG3 6HX,E07000173,E12000004
NG9 6HX,E07000172,E12000004
NG9 7GB,E07000172,E12000004
NG9 8NB,E07000172,E12000004
NG1 7DZ,E06000018,E12000004
NG2 4NB,E06000018,E12000004
NG17 8RL,E07000170,E12000004
NG17 9EW,E07000170,E12000004
NG21 9GF,E07000175,E12000004
NG22 9AJ,E07000175,E12000004
NG23 5JQ,E07000176,E12000004
NG4 1JB,E07000173,E12000004
NG7 5PN,E06000018,E12000004
NG7 7AS,E06000018,E12000004
NG8 4JT,E07000172,E12000004
NG8 5FQ,E06000018,E12000004
LE12 6XX,E07000176,E12000004
NG19 6RE,E07000174,E12000004
NG19 9BS,E07000174,E12000004
NG19 9LE,E07000174,E12000004
NG24 3GE,E07000175,E12000004
NG3 5FR,E06000018,E12000004
NG3 6JQ,E06000018,E12000004
NG6 9HZ,E06000018,E12000004
NG24 4AF,E07000175,E12000004
NG16 6AD,E07000170,E12000004
NG17 3EW,E07000170,E12000004
NG7 5GU,E06000018,E12000004
LE12 6WQ,E07000176,E12000004
NG19 0SE,E07000174,E12000004
NG16 3TS,E07000172,E12000004
NG17 9LH,E07000170,E12000004
NG22 8LJ,E07000175,E12000004
NG7 1BS,E06000018,E12000004
NG7 3BL,E06000018,E12000004
NG7 5GF,E06000018,E12000004
NG8 5NG,E06000018,E12000004
NG18 2JG,E07000174,E12000004
NG3 7BP,E06000018,E12000004
NG5 8PN,E07000173,E12000004
NG17 4NE,E07000170,E12000004
NG8 2GP,E06000018,E12000004
S80 1NA,E07000171,E12000004
NG14 5AA,E07000173,E12000004
NG2 7AY,E07000176,E12000004
NG5 2EP,E06000018,E12000004
NG16 2DQ,E07000172,E12000004
NG16 2SB,E07000172,E12000004
NG2 5BY,E07000176,E12000004
NG9 2NR,E07000172,E12000004
NG9 3EN,E07000172,E12000004
NG11 8JT,E06000018,E12000004
NG16 1FP,E07000172,E12000004
NG16 2ED,E07000172,E12000004
NG4 1FU,E07000173,E12000004
NG9 1NQ,E07000172,E12000004
NG12 5BS,E07000176,E12000004
NG13 8RW,E07000176,E12000004
LE12 6JG,E07000176,E12000004
NG11 6GZ,E07000176,E12000004
NG19 0QB,E07000174,E12000004
NG3 5ES,E06000018,E12000004
NG5 5HH,E06000018,E12000004
NG16 5FE,E07000170,E12000004
NG23 7LR,E07000175,E12000004
NG24 1FB,E07000175,E12000004
NG7 6LJ,E06000018,E12000004
NG9 1AB,E07000172,E12000004
NG14 7JP,E07000175,E12000004
NG15 9HR,E07000173,E12000004
NG12 4EN,E07000176,E12000004
NG11 8LR,E06000018,E12000004
NG2 2HJ,E06000018,E12000004
NG2 4PP,E06000018,E12000004
NG2 5GS,E07000176,E12000004
NG5 1RE,E06000018,E12000004
NG18 2AZ,E07000174,E12000004
NG18 2BG,E07000174,E12000004
NG19 8BX,E07000174,E12000004
NG12 3HU,E07000176,E12000004
NG12 3JQ,E07000176,E12000004
NG12 3JW,E07000176,E12000004
NG4 2RE,E07000173,E12000004
NG18 4DT,E07000174,E12000004
NG9 7EG,E07000172,E12000004
S81 7PX,E07000171,E12000004
NG2 6NR,E07000176,E12000004
NG14 5FP,E07000173,E12000004
NG22 0AN,E07000175,E12000004
NG24 1DG,E07000175,E12000004
NG17 2DS,E07000170,E12000004
NG17 2JS,E07000170,E12000004
NG3 5BU,E06000018,E12000004
NG7 5BG,E06000018,E12000004
NG11 7GU,E06000018,E12000004
NG12 3BE,E07000176,E12000004
NG13 8FW,E07000176,E12000004
NG2 2LB,E06000018,E12000004
NG21 0SU,E07000175,E12000004
NG4 4EU,E07000173,E12000004
NG16 1DX,E07000172,E12000004
NG21 9SZ,E07000175,E12000004
NG23 5LL,E07000176,E12000004
NG17 5LJ,E07000170,E12000004
NG18 1NB,E07000174,E12000004
NG7 1HQ,E06000018,E12000004
NG7 2RQ,E06000018,E12000004
NG8 3PP,E06000018,E12000004
NG8 4DH,E06000018,E12000004
NG8 4DL,E06000018,E12000004
NG8 5LA,E06000018,E12000004
NG14 7GH,E07000175,E12000004
NG15 0AH,E07000170,E12000004
NG22 0RS,E07000171,E12000004
NG23 7DL,E07000175,E12000004
S80 3NU,E07000171,E12000004
NG16 6JB,E07000170,E12000004
NG17 5DJ,E07000170,E12000004
NG17 8LU,E07000170,E12000004
NG24 4NS,E07000175,E12000004
NG8 2BR,E06000018,E12000004
NG21 9AX,E07000175,E12000004
NG5 2LG,E06000018,E12000004
NG6 7AN,E06000018,E12000004
NG17 2LB,E07000170,E12000004
NG17 8NN,E07000170,E12000004
NG17 2HH,E07000170,E12000004
NG17 9BX,E07000170,E12000004
NG7 6LZ,E06000018,E12000004
NG8 6QP,E06000018,E12000004
NG12 4LJ,E07000176,E12000004
NG13 8PT,E07000176,E12000004
NG13 9NU,E07000176,E12000004
NG21 0RU,E07000175,E12000004
NG15 7GX,E07000170,E12000004
NG15 8GR,E07000170,E12000004
NG16 2UT,E07000172,E12000004
NG23 7RQ,E07000175,E12000004
NG24 1UB,E07000175,E12000004
NG5 2HR,E06000018,E12000004
NG17 1JP,E07000170,E12000004
NG24 3QG,E07000175,E12000004
NG3 5QD,E07000173,E12000004
NG14 6NR,E07000173,E12000004
NG15 6XT,E07000170,E12000004
NG15 7QN,E07000170,E12000004
NG5 5DR,E06000018,E12000004
NG5 5UF,E06000018,E12000004
NG5 8SQ,E06000018,E12000004
NG17 3BS,E07000170,E12000004
NG17 9GT,E07000170,E12000004
NG7 1EN,E06000018,E12000004
NG7 3JG,E06000018,E12000004
NG8 1FY,E06000018,E12000004
NG11 7HE,E06000018,E12000004
NG2 1PL,E06000018,E12000004
NG4 1DE,E07000173,E12000004
NG4 1SQ,E07000173,E12000004
NG19 7RJ,E07000174,E12000004
NG9 2SY,E06000018,E12000004
NG9 4AA,E07000172,E12000004
NG9 1LZ,E07000172,E12000004
NG9 2QR,E07000172,E12000004
NG9 3BY,E07000172,E12000004
S81 8DJ,E07000171,E12000004
NG3 1JH,E06000018,E12000004
NG3 1LL,E06000018,E12000004
NG7 4BG,E06000018,E12000004
NG12 2NR,E07000176,E12000004
NG2 3GL,E06000018,E12000004
NG14 5FB,E07000173,E12000004
NG14 6FB,E07000173,E12000004
NG14 6JG,E07000173,E12000004
NG15 6QF,E07000170,E12000004
NG5 5GS,E06000018,E12000004
NG5 5HT,E06000018,E12000004
NG6 8BS,E06000018,E12000004
NG15 7BE,E07000170,E12000004
NG6 7BB,E06000018,E12000004
NG7 1AA,E06000018,E12000004
NG1 1HX,E06000018,E12000004
NG11 0DQ,E07000176,E12000004
NG19 6RX,E07000174,E12000004
S81 0FE,E07000171,E12000004
LE12 5PE,E07000176,E12000004
LE12 5RF,E07000176,E12000004
NG1 6JD,E06000018,E12000004
NG19 0FL,E07000174,E12000004
S81 8FP,E07000171,E12000004
NG13 9AL,E07000176,E12000004
NG2 4AQ,E06000018,E12000004
NG2 7HG,E07000176,E12000004
NG2 7RL,E07000176,E12000004
NG2 7SD,E07000176,E12000004
NG4 2FJ,E07000173,E12000004
NG9 5DD,E07000172,E12000004
LE12 6RE,E07000176,E12000004
NG11 9AF,E06000018,E12000004
NG12 5LQ,E07000176,E12000004
NG21 0SA,E07000175,E12000004
NG19 8DF,E07000174,E12000004
NG9 3EY,E07000172,E12000004
NG9 3PX,E07000172,E12000004
NG2 1PE,E06000018,E12000004
NG2 6QN,E07000176,E12000004
NG2 7HQ,E07000176,E12000004
NG4 4DA,E07000173,E12000004
NG19 0ED,E07000174,E12000004
NG15 6DW,E07000170,E12000004
NG15 8JW,E07000173,E12000004
NG16 3NZ,E07000172,E12000004
NG23 5PW,E07000175,E12000004
NG17 8RP,E07000170,E12000004
NG24 2GU,E07000175,E12000004
NG7 1BL,E06000018,E12000004
NG14 6GX,E07000173,E12000004
NG15 6UR,E07000170,E12000004
NG15 8BQ,E07000170,E12000004
NG15 8EQ,E07000170,E12000004
NG21 9GX,E07000175,E12000004
NG5 9NZ,E07000173,E12000004
NG17 1AE,E07000170,E12000004
NG22 8DP,E07000175,E12000004
NG24 1XS,E07000175,E12000004
NG5 2NG,E06000018,E12000004
NG5 5TP,E06000018,E12000004
NG5 5WY,E06000018,E12000004
NG18 1NW,E07000174,E12000004
NG25 0BZ,E07000175,E12000004
NG3 1DX,E06000018,E12000004
NG3 7BW,E06000018,E12000004
NG8 5FX,E06000018,E12000004
NG11 7AE,E06000018,E12000004
NG13 8BN,E07000176,E12000004
NG2 6PU,E07000176,E12000004
NG4 3QU,E07000173,E12000004
NG18 3PY,E07000174,E12000004
NG9 1NZ,E07000172,E12000004
NG9 4DU,E07000172,E12000004
NG16 2RU,E07000172,E12000004
NG23 5RP,E07000175,E12000004
NG23 6PP,E07000175,E12000004
NG23 7EF,E07000175,E12000004
NG7 1AE,E06000018,E12000004
S81 9SY,E07000171,E12000004
NG16 3SD,E07000172,E12000004
NG24 3LL,E07000175,E12000004
NG7 5NA,E06000018,E12000004
NG7 7AA,E06000018,E12000004
NG8 4GN,E06000018,E12000004
NG15 6AA,E07000170,E12000004
NG16 1PT,E07000172,E12000004
NG2 5DG,E07000176,E12000004
NG2 7GS,E07000176,E12000004
NG13 8BT,E07000176,E12000004
NG18 4BA,E07000174,E12000004
NG19 6QH,E07000174,E12000004
NG7 5QN,E06000018,E12000004
NG15 6LY,E07000170,E12000004
NG16 3FT,E07000172,E12000004
NG5 1FU,E06000018,E12000004
NG9 3TJ,E07000172,E12000004
NG9 5NA,E07000172,E12000004
NG11 8HS,E06000018,E12000004
NG12 4AR,E07000176,E12000004
NG12 4HU,E07000176,E12000004
NG13 8GQ,E07000176,E12000004
NG8 1JF,E06000018,E12000004
NG8 1LE,E06000018,E12000004
NG8 3DJ,E06000018,E12000004
NG15 8FL,E07000173,E12000004
NG16 1HE,E07000172,E12000004
NG2 4DA,E06000018,E12000004
NG2 5FS,E07000176,E12000004
NG21 0NU,E07000173,E12000004
NG9 4FB,E07000172,E12000004
NG9 8PH,E07000172,E12000004
NG11 6ND,E07000176,E12000004
NG13 9BQ,E07000176,E12000004
NG7 7EA,E06000018,E12000004
NG8 2PZ,E06000018,E12000004
NG9 1FE,E07000172,E12000004
NG9 6FZ,E07000172,E12000004
NG18 4PW,E07000174,E12000004
NG19 7AG,E07000174,E12000004
NG8 3PD,E06000018,E12000004
NG1 7AB,E06000018,E12000004
NG1 7EH,E06000018,E12000004
NG17 3JA,E07000170,E12000004
S81 8EQ,E07000171,E12000004
S81 8TE,E07000171,E12000004
NG1 2GB,E06000018,E12000004
NG17 2SU,E07000170,E12000004
NG21 9FT,E07000175,E12000004
NG21 9RA,E07000175,E12000004
NG22 9RA,E07000175,E12000004
NG23 6SB,E07000175,E12000004
NG23 7ED,E07000175,E12000004
NG6 0DS,E06000018,E12000004
NG3 5UP,E07000173,E12000004
NG3 7GN,E06000018,E12000004
NG6 0FD,E06000018,E12000004
NG6 9FP,E06000018,E12000004
NG6 9LL,E06000018,E12000004
S80 3GB,E07000171,E12000004
S81 7DS,E07000171,E12000004
NG17 8RY,E07000170,E12000004
NG23 5RD,E07000175,E12000004
NG3 1AX,E06000018,E12000004
S81 9JF,E07000171,E12000004
NG11 6BZ,E07000176,E12000004
NG5 3GN,E06000018,E12000004
NG5 9HU,E06000018,E12000004
NG3 3AF,E06000018,E12000004
NG3 5RE,E07000173,E12000004
NG18 4BJ,E07000174,E12000004
NG19 0JJ,E07000174,E12000004
NG9 1QF,E07000172,E12000004
S81 0JG,E07000171,E12000004
NG16 3HB,E07000172,E12000004
NG5 5HG,E06000018,E12000004
NG6 0LW,E06000018,E12000004
NG6 9HS,E06000018,E12000004
NG7 1HA,E06000018,E12000004
NG19 8QL,E07000174,E12000004
NG14 5DL,E07000173,E12000004
NG16 3PX,E07000172,E12000004
NG23 5SS,E07000175,E12000004
NG6 0EE,E06000018,E12000004
NG17 5GQ,E07000170,E12000004
NG18 6AH,E07000174,E12000004
NG9 6QG,E07000172,E12000004
S81 7AD,E07000171,E12000004
NG21 9DZ,E07000175,E12000004
NG21 9GH,E07000175,E12000004
NG22 8FT,E07000175,E12000004
NG22 8UD,E07000175,E12000004
NG5 4PF,E07000173,E12000004
NG5 5WE,E06000018,E12000004
NG5 8JS,E07000173,E12000004
NG1 4EF,E06000018,E12000004
NG18 2HH,E07000174,E12000004
NG19 8BD,E07000174,E12000004
NG9 5JH,E07000172,E12000004
NG21 9HY,E07000175,E12000004
NG6 8YW,E07000173,E12000004
NG17 4JZ,E07000170,E12000004
NG24 3QU,E07000175,E12000004
NG25 0AX,E07000175,E12000004
NG3 7GZ,E06000018,E12000004
S80 3DY,E07000171,E12000004
NG11 9FU,E06000018,E12000004
NG2 2EZ,E06000018,E12000004
NG2 7SP,E07000176,E12000004
NG5 1AE,E06000018,E12000004
NG17 2FF,E07000170,E12000004
NG17 4GN,E07000170,E12000004
NG3 4FX,E06000018,E12000004
NG8 1LB,E06000018,E12000004
NG8 6EG,E06000018,E12000004
NG11 8LD,E06000018,E12000004
NG11 8NS,E06000018,E12000004
NG12 4GL,E07000176,E12000004
NG13 8UN,E07000176,E12000004
NG13 8YT,E07000176,E12000004
NG2 5HR,E07000176,E12000004
NG4 3QW,E07000173,E12000004
S80 2UQ,E07000171,E12000004
NG12 4AZ,E07000176,E12000004
NG12 4JT,E07000176,E12000004
NG2 6GE,E07000176,E12000004
NG2 7NA,E07000176,E12000004
NG20 0HL,E07000174,E12000004
NG13 8NA,E07000176,E12000004
NG2 7BX,E07000176,E12000004
NG2 7FA,E07000176,E12000004
NG2 7GJ,E07000176,E12000004
NG4 2HE,E07000173,E12000004
NG4 4DE,E07000173,E12000004
NG15 6WF,E07000170,E12000004
NG16 3JG,E07000172,E12000004
NG23 6EN,E07000175,E12000004
NG5 2JU,E06000018,E12000004
NG15 8JB,E07000170,E12000004
NG23 6RW,E07000171,E12000004
NG5 6DJ,E06000018,E12000004
NG5 6JQ,E07000173,E12000004
NG11 6LE,E07000176,E12000004
NG18 3NE,E07000174,E12000004
NG19 9NE,E07000174,E12000004
NG9 8GR,E07000172,E12000004
NG17 2SD,E07000170,E12000004
NG17 4HN,E07000170,E12000004
NG17 8JP,E07000170,E12000004
NG7 2RD,E06000018,E12000004
NG7 7AB,E06000018,E12000004
NG14 6DR,E07000173,E12000004
NG15 8FX,E07000170,E12000004
NG16 2US,E07000172,E12000004
NG22 9JQ,E07000175,E12000004
S80 2BY,E07000171,E12000004
NG18 2JP,E07000174,E12000004
NG19 6JA,E07000174,E12000004
NG3 5EL,E06000018,E12000004
NG8 1AQ,E06000018,E12000004
NG8 1FX,E06000018,E12000004
NG8 3AY,E06000018,E12000004
NG22 0NQ,E07000171,E12000004
NG23 6SA,E07000171,E12000004
NG24 1XP,E07000175,E12000004
NG5 5BA,E06000018,E12000004
NG18 3QJ,E07000174,E12000004
NG9 6EG,E07000172,E12000004
NG5 1GW,E06000018,E12000004
NG16 5AX,E07000172,E12000004
NG7 2EA,E06000018,E12000004
NG2 2DF,E06000018,E12000004
NG2 7LB,E07000176,E12000004
NG8 5DN,E06000018,E12000004
NG11 6NX,E07000176,E12000004
NG12 3LQ,E07000176,E12000004
NG2 4EN,E06000018,E12000004
NG4 3QE,E07000173,E12000004
NG17 3PD,E07000170,E12000004
NG7 2GA,E06000018,E12000004
NG7 7HQ,E06000018,E12000004
NG8 2RG,E06000018,E12000004
NG22 0LL,E07000171,E12000004
NG24 1SR,E07000175,E12000004
NG5 4DA,E06000018,E12000004
NG6 8DF,E06000018,E12000004
NG16 2HN,E07000172,E12000004
NG2 1LG,E06000018,E12000004
NG2 5HE,E07000176,E12000004
NG2 6RA,E07000176,E12000004
NG4 1HP,E07000173,E12000004
NG16 3RL,E07000172,E12000004
NG17 2SP,E07000170,E12000004
NG3 5AA,E06000018,E12000004
NG7 2FW,E06000018,E12000004
NG8 1JX,E06000018,E12000004
NG8 2EE,E06000018,E12000004
NG8 4AG,E06000018,E12000004
NG8 6LU,E06000018,E12000004
NG22 8UF,E07000175,E12000004
NG23 7PB,E07000175,E12000004
NG5 5XF,E06000018,E12000004
NG16 2GZ,E07000172,E12000004
NG16 3DE,E07000172,E12000004
NG2 3GG,E06000018,E12000004
NG2 7RX,E07000176,E12000004
NG4 1BA,E07000173,E12000004
NG4 4BY,E07000173,E12000004
NG17 8JF,E07000170,E12000004
NG24 3DU,E07000175,E12000004
NG3 4JZ,E06000018,E12000004
NG3 6HU,E07000173,E12000004
NG8 3BS,E06000018,E12000004
NG22 0FF,E07000171,E12000004
NG5 5DJ,E06000018,E12000004
NG5 9DZ,E06000018,E12000004
LE12 6AT,E07000176,E12000004
NG15 6JD,E07000170,E12000004
NG15 8BW,E07000170,E12000004
NG16 2DS,E07000172,E12000004
NG16 2QJ,E07000172,E12000004
NG4 4EN,E07000173,E12000004
NG11 6GB,E07000176,E12000004
NG17 1NR,E07000170,E12000004
NG17 7LZ,E07000170,E12000004
NG3 2BW,E06000018,E12000004
NG3 3EU,E06000018,E12000004
NG7 3PR,E06000018,E12000004
NG8 4PR,E06000018,E12000004
NG21 0WS,E07000175,E12000004
NG23 5PG,E07000175,E12000004
NG5 5NH,E06000018,E12000004
S80 1UJ,E07000171,E12000004
LE12 6UY,E07000176,E12000004
NG16 1EF,E07000172,E12000004
NG2 7AX,E07000176,E12000004
NG1 5JS,E06000018,E12000004
NG12 3DX,E07000176,E12000004
NG9 2ED,E07000172,E12000004
NG9 6HW,E07000172,E12000004
NG11 9HP,E06000018,E12000004
NG12 4HZ,E07000176,E12000004
NG13 9DW,E07000176,E12000004
NG9 5GQ,E07000172,E12000004
NG17 3JF,E07000170,E12000004
NG17 7FS,E07000170,E12000004
NG3 3DL,E06000018,E12000004
NG7 2BT,E06000018,E12000004
NG8 1HE,E06000018,E12000004
NG8 5JR,E06000018,E12000004
S81 7AX,E07000171,E12000004
S81 7FX,E07000171,E12000004
NG12 5DN,E07000176,E12000004
NG12 5RA,E07000176,E12000004
NG13 8QP,E07000176,E12000004
NG13 9HE,E07000176,E12000004
NG19 0FT,E07000174,E12000004
NG11 6SP,E07000176,E12000004
NG18 2QD,E07000174,E12000004
NG18 3AW,E07000174,E12000004
NG9 5ES,E07000172,E12000004
NG9 6JT,E07000172,E12000004
NG3 7EA,E06000018,E12000004
NG7 2PX,E06000018,E12000004
NG8 6FY,E06000018,E12000004
LE12 6RH,E07000176,E12000004
NG14 6JS,E07000173,E12000004
NG14 7AN,E07000175,E12000004
NG15 7ET,E07000170,E12000004
NG16 1BB,E07000172,E12000004
NG5 5UT,E06000018,E12000004
NG6 0FH,E06000018,E12000004
NG24 3PQ,E07000175,E12000004
NG3 2NU,E06000018,E12000004
NG8 2AP,E06000018,E12000004
NG8 5HU,E06000018,E12000004
NG15 7UH,E07000170,E12000004
NG15 8BY,E07000170,E12000004
NG16 2TE,E07000172,E12000004
NG23 5PL,E07000175,E12000004
NG5 4NU,E07000173,E12000004
NG5 8BG,E07000173,E12000004
NG7 1PA,E06000018,E12000004
NG7 4GQ,E06000018,E12000004
NG8 4FB,E06000018,E12000004
NG15 6FS,E07000170,E12000004
NG16 1LE,E07000172,E12000004
NG16 2ST,E07000172,E12000004
NG22 0LN,E07000171,E12000004
NG24 1NN,E07000175,E12000004
NG5 2GY,E06000018,E12000004
NG6 0LL,E06000018,E12000004
NG11 8AW,E06000018,E12000004
NG2 7EP,E07000176,E12000004
NG21 0HS,E07000175,E12000004
NG4 3BH,E07000173,E12000004
NG11 7DQ,E06000018,E12000004
NG11 8QB,E06000018,E12000004
NG11 9HE,E06000018,E12000004
NG9 1QL,E07000172,E12000004
S81 7GA,E07000171,E12000004
S81 7TL,E07000171,E12000004
NG18 2RU,E07000174,E12000004
NG18 4GA,E07000174,E12000004
NG19 0DW,E07000174,E12000004
NG11 6SJ,E07000176,E12000004
NG2 4DU,E06000018,E12000004
NG2 6AG,E07000176,E12000004
NG4 1FG,E07000173,E12000004
NG4 2EW,E07000173,E12000004
NG5 2DG,E06000018,E12000004
NG1 1DN,E06000018,E12000004
NG11 6EW,E07000176,E12000004
NG18 4BG,E07000174,E12000004
S81 0EX,E07000171,E12000004
NG17 4HA,E07000170,E12000004
NG7 1SD,E06000018,E12000004
NG15 6HY,E07000170,E12000004
NG22 9PA,E07000175,E12000004
NG24 1SL,E07000175,E12000004
NG5 2HA,E06000018,E12000004
NG5 5FT,E06000018,E12000004
NG5 5JJ,E06000018,E12000004
NG5 6ER,E06000018,E12000004
NG2 3DE,E06000018,E12000004
NG2 5BB,E07000176,E12000004
NG2 6QJ,E07000176,E12000004
NG4 1AD,E07000173,E12000004
NG4 2PE,E07000173,E12000004
NG4 3EY,E07000173,E12000004
NG5 1GP,E06000018,E12000004
NG11 0HB,E07000176,E12000004
NG11 0JJ,E07000176,E12000004
NG16 3RE,E07000172,E12000004
NG17 8HB,E07000170,E12000004
NG24 3EQ,E07000175,E12000004
NG3 2FT,E06000018,E12000004
NG7 4ER,E06000018,E12000004
NG8 3FF,E06000018,E12000004
NG1 1DR,E06000018,E12000004
NG19 8RJ,E07000174,E12000004
S81 8EU,E07000171,E12000004
LE12 6HA,E07000176,E12000004
NG4 4LT,E07000173,E12000004
NG24 2HQ,E07000175,E12000004
NG3 4QB,E06000018,E12000004
NG3 5XF,E07000173,E12000004
NG8 1PB,E06000018,E12000004
NG8 5SF,E06000018,E12000004
NG11 8BL,E06000018,E12000004
NG12 2NF,E07000176,E12000004
NG12 3GE,E07000176,E12000004
NG2 4HG,E06000018,E12000004
NG4 1PY,E07000173,E12000004
NG4 2PW,E07000173,E12000004
NG1 7DX,E06000018,E12000004
NG18 3PU,E07000174,E12000004
NG16 5GA,E07000170,E12000004
NG16 5HZ,E07000170,E12000004
NG17 8BW,E07000170,E12000004
NG7 2WS,E06000018,E12000004
NG8 6EQ,E06000018,E12000004
NG1 2NB,E06000018,E12000004
NG19 7AX,E07000174,E12000004
NG9 8PQ,E07000172,E12000004
NG9 5LN,E07000172,E12000004
S81 0HZ,E07000171,E12000004
S81 8FE,E07000171,E12000004
NG14 5DJ,E07000173,E12000004
NG23 7LW,E07000175,E12000004
NG21 9BS,E07000175,E12000004
NG24 2AD,E07000175,E12000004
NG6 0EZ,E06000018,E12000004
NG24 4AS,E07000175,E12000004
NG7 2PF,E06000018,E12000004
NG8 2RT,E06000018,E12000004
NG18 4SE,E07000174,E12000004
NG19 7BH,E07000174,E12000004
NG9 3FX,E07000172,E12000004
NG9 3HL,E07000172,E12000004
NG9 6AT,E07000172,E12000004
S81 7BN,E07000171,E12000004
LE12 5QJ,E07000176,E12000004
NG13 9EZ,E07000176,E12000004
NG21 0BA,E07000175,E12000004
NG4 1EP,E07000173,E12000004
NG5 1BA,E06000018,E12000004
NG24 1FR,E07000175,E12000004
NG5 4BN,E06000018,E12000004
NG5 5HQ,E06000018,E12000004
NG5 7AN,E07000173,E12000004
NG5 7AY,E07000173,E12000004
NG6 9GW,E06000018,E12000004
NG12 5GE,E07000176,E12000004
NG2 4AS,E06000018,E12000004
NG15 9AN,E07000173,E12000004
NG15 9GX,E07000173,E12000004
NG6 8NN,E06000018,E12000004
NG2 3JJ,E06000018,E12000004
NG2 3LH,E06000018,E12000004
NG21 0NH,E07000175,E12000004
NG9 5FZ,E07000172,E12000004
NG14 6JZ,E07000173,E12000004
NG16 1DB,E07000172,E12000004
NG3 2DP,E06000018,E12000004
NG3 2PB,E06000018,E12000004
NG3 3NN,E06000018,E12000004
NG3 7FU,E06000018,E12000004
NG7 2SB,E06000018,E12000004
NG7 5GD,E06000018,E12000004
NG8 3NF,E06000018,E12000004
NG11 7DA,E06000018,E12000004
NG11 8DU,E06000018,E12000004
NG12 4GA,E07000176,E12000004
NG2 6FJ,E07000176,E12000004
NG2 7ED,E07000176,E12000004
NG9 5DU,E07000172,E12000004
NG24 4AR,E07000175,E12000004
NG7 1EH,E06000018,E12000004
NG7 1QN,E06000018,E12000004
S81 9HQ,E07000171,E12000004
NG6 9GQ,E06000018,E12000004
NG2 4QY,E06000018,E12000004
NG18 5AH,E07000174,E12000004
NG3 7FB,E06000018,E12000004
NG7 5JU,E06000018,E12000004
NG8 1PN,E06000018,E12000004
NG8 2DW,E06000018,E12000004
S81 9FH,E07000171,E12000004
NG11 0AU,E07000176,E12000004
NG17 2RB,E07000170,E12000004
NG21 9JP,E07000175,E12000004
NG23 6HD,E07000175,E12000004
NG24 2FB,E07000175,E12000004
NG5 1QT,E06000018,E12000004
NG5 4JD,E07000173,E12000004
NG6 8HE,E06000018,E12000004
NG6 8YU,E07000173,E12000004
S80 3BQ,E07000171,E12000004
LE12 5EW,E07000176,E12000004
NG1 1GJ,E06000018,E12000004
NG1 2AP,E06000018,E12000004
NG17 4DL,E07000170,E12000004
NG4 2RJ,E07000173,E12000004
NG5 8JF,E07000173,E12000004
NG5 8NQ,E07000173,E12000004
NG6 9BY,E06000018,E12000004
NG1 3BX,E06000018,E12000004
NG1 3GY,E06000018,E12000004
NG1 5HD,E06000018,E12000004
NG17 5LN,E07000170,E12000004
NG21 9HQ,E07000175,E12000004
NG22 0EJ,E07000175,E12000004
NG2 3LD,E06000018,E12000004
NG9 4BL,E07000172,E12000004
NG15 7RY,E07000170,E12000004
NG16 2EE,E07000172,E12000004
NG19 0RG,E07000174,E12000004
NG24 2PN,E07000175,E12000004
NG3 5EA,E06000018,E12000004
NG8 3NY,E06000018,E12000004
NG8 6JE,E06000018,E12000004
NG17 8GZ,E07000170,E12000004
NG17 8RG,E07000170,E12000004
NG21 9JN,E07000175,E12000004
NG22 0UH,E07000171,E12000004
NG22 8HF,E07000175,E12000004
NG1 3FS,E06000018,E12000004
NG21 9RS,E07000175,E12000004
NG22 8AH,E07000175,E12000004
NG22 8HE,E07000175,E12000004
NG14 7EU,E07000175,E12000004
NG15 7QR,E07000170,E12000004
NG7 2TN,E06000018,E12000004
NG8 4LY,E06000018,E12000004
NG1 2AA,E06000018,E12000004
S80 1RW,E07000171,E12000004
NG16 2EG,E07000172,E12000004
NG8 6JT,E06000018,E12000004
NG17 3FA,E07000170,E12000004
NG17 7QN,E07000170,E12000004
NG24 2FG,E07000175,E12000004
NG4 2RA,E07000173,E12000004
NG4 4PL,E07000173,E12000004
NG5 1RA,E06000018,E12000004
S80 3QU,E07000171,E12000004
LE12 6RZ,E07000176,E12000004
NG15 6LP,E07000170,E12000004
NG15 7GA,E07000170,E12000004
NG2 4GF,E06000018,E12000004
NG2 5LZ,E07000176,E12000004
NG7 7GR,E06000018,E12000004
NG8 1FL,E06000018,E12000004
NG18 5HL,E07000174,E12000004
NG12 3BQ,E07000176,E12000004
NG5 8LL,E07000173,E12000004
NG19 0HR,E07000174,E12000004
NG24 3AS,E07000175,E12000004
NG5 9PE,E07000173,E12000004
NG9 2SD,E06000018,E12000004
NG9 7BB,E07000172,E12000004
NG21 9RD,E07000175,E12000004
NG24 1DT,E07000175,E12000004
NG24 1PP,E07000175,E12000004
S80 1HB,E07000171,E12000004
NG14 6SN,E07000173,E12000004
NG15 6UP,E07000170,E12000004
NG2 7NJ,E07000176,E12000004
NG7 1FP,E06000018,E12000004
NG19 9EU,E07000174,E12000004
NG3 2GL,E06000018,E12000004
NG12 2FJ,E07000176,E12000004
NG9 2HH,E07000172,E12000004
NG9 8HW,E07000172,E12000004
NG18 5HT,E07000174,E12000004
NG18 6BH,E07000174,E12000004
NG19 8PY,E07000174,E12000004
NG19 9DD,E07000174,E12000004
NG3 6HE,E07000173,E12000004
NG11 8SR,E06000018,E12000004
NG11 9DW,E06000018,E12000004
NG5 3FW,E07000173,E12000004
NG5 6QY,E07000173,E12000004
NG9 4JB,E07000172,E12000004
S81 8NQ,E07000171,E12000004
S81 8QU,E07000171,E12000004
NG14 6PT,E07000173,E12000004
NG22 0PJ,E07000171,E12000004
NG22 9UX,E07000175,E12000004
NG5 3HS,E06000018,E12000004
NG18 5DT,E07000174,E12000004
NG9 2HA,E07000172,E12000004
NG21 9EU,E07000175,E12000004
NG5 4LH,E07000173,E12000004
NG6 8QX,E06000018,E12000004
NG11 6JE,E07000176,E12000004
NG8 5EY,E06000018,E12000004
NG14 6EX,E07000173,E12000004
NG6 8YZ,E06000018,E12000004
S80 3AF,E07000171,E12000004
S80 3QR,E07000171,E12000004
NG1 1GH,E06000018,E12000004
NG18 5SG,E07000174,E12000004
NG19 6SB,E07000174,E12000004
LE12 6JW,E07000176,E12000004
NG5 5GN,E06000018,E12000004
NG5 6LD,E07000173,E12000004
NG5 6LX,E07000173,E12000004
S80 1AL,E07000171,E12000004
NG18 3SL,E07000174,E12000004
NG18 4EH,E07000174,E12000004
NG19 7QU,E07000174,E12000004
NG9 5ER,E07000172,E12000004
NG17 8PH,E07000170,E12000004
NG7 2DH,E06000018,E12000004
NG12 5GJ,E07000176,E12000004
NG4 3JL,E07000173,E12000004
NG11 8FH,E06000018,E12000004
NG2 5ND,E07000176,E12000004
NG20 0HF,E07000174,E12000004
NG4 2LP,E07000173,E12000004
NG4 3SN,E07000173,E12000004
NG24 3JR,E07000175,E12000004
NG25 0SZ,E07000175,E12000004
NG8 2GN,E06000018,E12000004
NG8 5RG,E06000018,E12000004
NG8 6EL,E06000018,E12000004
NG12 3FP,E07000176,E12000004
NG2 1QE,E06000018,E12000004
NG2 5JL,E07000176,E12000004
NG20 0FE,E07000174,E12000004
NG4 2EA,E07000173,E12000004
NG16 6BU,E07000170,E12000004
NG17 8DR,E07000170,E12000004
NG25 0SJ,E07000175,E12000004
NG7 5QW,E06000018,E12000004
NG8 5FD,E06000018,E12000004
NG12 3AA,E07000176,E12000004
NG12 4DT,E07000176,E12000004
NG4 1ET,E07000173,E12000004
NG9 5LJ,E07000172,E12000004
NG9 6GP,E07000172,E12000004
NG9 8AT,E07000172,E12000004
NG16 2LY,E07000172,E12000004
NG23 5SN,E07000175,E12000004
NG5 8QF,E07000173,E12000004
NG6 0QS,E06000018,E12000004
NG6 8RZ,E06000018,E12000004
NG17 8QZ,E07000170,E12000004
NG17 9GW,E07000170,E12000004
NG1 7JF,E06000018,E12000004
NG9 2HU,E07000172,E12000004
NG9 2TU,E07000172,E12000004
NG9 6JS,E07000172,E12000004
NG9 6NN,E07000172,E12000004
NG9 8PS,E07000172,E12000004
S81 0UE,E07000171,E12000004
S81 9SN,E07000171,E12000004
NG14 6FD,E07000173,E12000004
NG14 6LW,E07000173,E12000004
NG15 7NN,E07000170,E12000004
NG22 9DT,E07000175,E12000004
NG23 6BQ,E07000175,E12000004
NG18 3GE,E07000174,E12000004
NG18 4HB,E07000174,E12000004
NG19 7NS,E07000174,E12000004
NG19 9QX,E07000174,E12000004
NG9 6RE,E07000172,E12000004
NG9 8GN,E07000172,E12000004
NG9 8LB,E07000172,E12000004
NG15 9HN,E07000173,E12000004
NG16 1FH,E07000172,E12000004
NG5 6PU,E07000173,E12000004
NG13 9PA,E07000176,E12000004
NG16 5JG,E07000170,E12000004
NG17 2QA,E07000170,E12000004
NG17 3NH,E07000170,E12000004
NG17 8HE,E07000170,E12000004
NG24 3JT,E07000175,E12000004
NG25 0BL,E07000175,E12000004
NG7 2GY,E06000018,E12000004
NG7 7LL,E06000018,E12000004
NG8 5AN,E06000018,E12000004
NG11 8BN,E06000018,E12000004
NG2 6PE,E07000176,E12000004
NG2 6SX,E07000176,E12000004
NG2 7EL,E07000176,E12000004
NG2 7LW,E07000176,E12000004
NG18 3LG,E07000174,E12000004
NG9 1LJ,E07000172,E12000004
S81 7GE,E07000171,E12000004
NG14 6JW,E07000173,E12000004
NG14 7DP,E07000175,E12000004
NG15 7AB,E07000170,E12000004
NG16 1GD,E07000172,E12000004
NG23 6EQ,E07000175,E12000004
NG24 1SQ,E07000175,E12000004
NG6 0BR,E06000018,E12000004
NG16 6AY,E07000170,E12000004
NG24 2QD,E07000175,E12000004
NG25 0FN,E07000175,E12000004
NG8 3LD,E06000018,E12000004
NG8 6NE,E06000018,E12000004
NG11 8HL,E06000018,E12000004
NG3 5RQ,E07000173,E12000004
NG8 5HJ,E06000018,E12000004
LE12 6BE,E07000176,E12000004
NG11 8FL,E06000018,E12000004
NG12 1FN,E07000176,E12000004
NG12 5LP,E07000176,E12000004
NG2 4DN,E06000018,E12000004
NG19 0BZ,E07000174,E12000004
NG17 1BU,E07000170,E12000004
NG17 2GW,E07000170,E12000004
NG17 2PJ,E07000170,E12000004
NG17 5AE,E07000170,E12000004
NG8 2DS,E06000018,E12000004
NG8 2RL,E06000018,E12000004
NG18 4HF,E07000174,E12000004
NG18 4SJ,E07000174,E12000004
NG18 5RR,E07000174,E12000004
NG18 5SA,E07000174,E12000004
NG9 3AG,E07000172,E12000004
NG9 3LS,E07000172,E12000004
NG16 5BG,E07000172,E12000004
NG17 7JJ,E07000170,E12000004
NG7 3DH,E06000018,E12000004
NG18 2LG,E07000174,E12000004
NG19 9BW,E07000174,E12000004
NG9 2SX,E06000018,E12000004
NG9 3JP,E07000172,E12000004
NG17 8SP,E07000170,E12000004
NG3 1NY,E06000018,E12000004
LE12 6HB,E07000176,E12000004
NG1 3AJ,E06000018,E12000004
NG18 2AF,E07000174,E12000004
NG18 2FG,E07000174,E12000004
NG19 0PJ,E07000174,E12000004
NG9 1NJ,E07000172,E12000004
NG9 1RJ,E07000172,E12000004
NG9 2EU,E07000172,E12000004
NG9 8AN,E07000172,E12000004
NG16 5FN,E07000170,E12000004
NG17 2FS,E07000170,E12000004
NG24 4NQ,E07000175,E12000004
NG8 2TN,E06000018,E12000004
NG8 5RT,E06000018,E12000004
NG23 5NG,E07000175,E12000004
NG5 6EQ,E06000018,E12000004
NG5 6TB,E07000173,E12000004
NG5 9PQ,E07000173,E12000004
NG6 0QG,E06000018,E12000004
NG6 8GB,E06000018,E12000004
NG2 4FW,E06000018,E12000004
NG4 3BG,E07000173,E12000004
NG5 1EP,E06000018,E12000004
S81 8LL,E07000171,E12000004
NG15 6TN,E07000170,E12000004
NG6 0FG,E06000018,E12000004
NG12 5EN,E07000176,E12000004
NG2 5EF,E07000176,E12000004
NG2 6GG,E07000176,E12000004
NG2 7AZ,E07000176,E12000004
NG4 3DA,E07000173,E12000004
NG21 9TF,E07000175,E12000004
NG24 1HP,E07000175,E12000004
NG5 9PG,E07000173,E12000004
NG6 8GE,E06000018,E12000004
NG11 6SH,E07000176,E12000004
NG21 0BN,E07000174,E12000004
NG4 4EP,E07000173,E12000004
NG15 6HZ,E07000170,E12000004
NG15 6PP,E07000170,E12000004
NG5 4LY,E07000173,E12000004
NG5 8HQ,E07000173,E12000004
NG5 8NF,E07000173,E12000004
NG6 8TY,E06000018,E12000004
NG11 9AR,E06000018,E12000004
NG12 4EQ,E07000176,E12000004
NG11 9BJ,E06000018,E12000004
NG2 3EQ,E06000018,E12000004
NG2 6DG,E07000176,E12000004
NG4 1BY,E07000173,E12000004
NG5 1HW,E06000018,E12000004
NG15 7WE,E07000170,E12000004
NG16 2DW,E07000172,E12000004
NG12 5LT,E07000176,E12000004
NG2 5LP,E07000176,E12000004
NG2 7PP,E07000176,E12000004
NG16 2UP,E07000172,E12000004
NG22 9NG,E07000175,E12000004
NG23 6AU,E07000175,E12000004
NG23 6JP,E07000175,E12000004
NG23 7DW,E07000175,E12000004
NG24 2AL,E07000175,E12000004
NG19 0RH,E07000174,E12000004
NG9 5HJ,E07000172,E12000004
S81 7BT,E07000171,E12000004
NG16 5BN,E07000172,E12000004
NG24 3RH,E07000175,E12000004
NG25 0DU,E07000175,E12000004
NG8 5PZ,E06000018,E12000004
NG8 6DT,E06000018,E12000004
S80 2RZ,E07000171,E12000004
NG19 6HD,E07000174,E12000004
NG19 9DW,E07000174,E12000004
NG9 4JN,E07000172,E12000004
NG9 5GH,E07000172,E12000004
NG3 6ET,E07000173,E12000004
NG2 1PA,E06000018,E12000004
NG21 0BD,E07000175,E12000004
NG21 0EQ,E07000174,E12000004
NG15 0DE,E07000170,E12000004
NG22 9HW,E07000175,E12000004
NG23 6HL,E07000175,E12000004
NG5 7FL,E07000173,E12000004
NG18 1QL,E07000174,E12000004
NG19 7JR,E07000174,E12000004
S81 8AL,E07000171,E12000004
NG17 2PH,E07000170,E12000004
NG17 7BL,E07000170,E12000004
NG3 6AW,E06000018,E12000004
S80 1LJ,E07000171,E12000004
NG11 6QA,E07000176,E12000004
NG12 5BB,E07000176,E12000004
NG2 3BU,E06000018,E12000004
NG2 5FG,E07000176,E12000004
NG2 7RE,E07000176,E12000004
NG20 0ST,E07000174,E12000004
NG15 6DN,E07000170,E12000004
NG21 9DF,E07000175,E12000004
NG21 9EW,E07000175,E12000004
NG22 0RE,E07000171,E12000004
NG22 8FZ,E07000175,E12000004
NG23 7AF,E07000175,E12000004
NG6 7GF,E06000018,E12000004
NG18 2AU,E07000174,E12000004
S81 0LD,E07000171,E12000004
NG17 8HZ,E07000170,E12000004
NG24 4UY,E07000175,E12000004
NG3 3BE,E06000018,E12000004
NG3 6BL,E07000173,E12000004
NG17 8HR,E07000170,E12000004
NG4 1GX,E07000173,E12000004
NG4 1JR,E07000173,E12000004
NG9 3GT,E07000172,E12000004
NG14 6FH,E07000173,E12000004
NG2 7UL,E07000176,E12000004
NG17 2QJ,E07000170,E12000004
NG17 8PN,E07000170,E12000004
NG22 9XW,E07000175,E12000004
NG9 5GB,E07000172,E12000004
NG9 5PB,E07000172,E12000004
NG9 6AL,E07000172,E12000004
NG16 2GX,E07000172,E12000004
NG2 4AP,E06000018,E12000004
NG2 7TD,E07000176,E12000004
NG21 0DU,E07000175,E12000004
NG17 2DJ,E07000170,E12000004
NG21 9QL,E07000175,E12000004
NG22 8JD,E07000175,E12000004
NG4 4FJ,E07000173,E12000004
NG15 9AD,E07000173,E12000004
S80 1QF,E07000171,E12000004
S80 1RZ,E07000171,E12000004
NG8 5HZ,E06000018,E12000004
NG3 1NN,E06000018,E12000004
NG6 8UL,E07000173,E12000004
S81 0PP,E07000171,E12000004
S81 9NJ,E07000171,E12000004
NG12 4GG,E07000176,E12000004
NG13 8HX,E07000176,E12000004
NG3 4JF,E06000018,E12000004
S81 8FW,E07000171,E12000004
NG17 7DL,E07000170,E12000004
NG9 3DP,E07000172,E12000004
NG14 5FN,E07000173,E12000004
NG21 0AZ,E07000175,E12000004
S80 2HD,E07000171,E12000004
NG8 5AZ,E06000018,E12000004
NG12 4HQ,E07000176,E12000004
NG18 6BF,E07000174,E12000004
NG25 0LY,E07000175,E12000004
NG3 7AT,E06000018,E12000004
NG5 5NG,E06000018,E12000004
NG5 6DY,E06000018,E12000004
S81 0NL,E07000171,E12000004
S80 3AL,E07000171,E12000004
S80 3AP,E07000171,E12000004
NG7 5DR,E06000018,E12000004
NG18 4XA,E07000174,E12000004
NG25 0ED,E07000175,E12000004
NG3 4QQ,E06000018,E12000004
NG3 5RF,E07000173,E12000004
NG3 6GG,E07000173,E12000004
NG5 9AY,E06000018,E12000004
S81 8BX,E07000171,E12000004
LE12 6NQ,E07000176,E12000004
NG8 1BB,E06000018,E12000004
NG8 1JY,E06000018,E12000004
NG8 3BY,E06000018,E12000004
NG15 7DL,E07000170,E12000004
NG5 8FL,E07000173,E12000004
NG17 3DN,E07000170,E12000004
NG3 3AU,E06000018,E12000004
NG7 1EF,E06000018,E12000004
NG7 6GU,E06000018,E12000004
NG8 2TR,E06000018,E12000004
NG8 6AZ,E06000018,E12000004
S81 9EX,E07000171,E12000004
NG15 8GH,E07000170,E12000004
NG15 9FF,E07000173,E12000004
NG22 9AT,E07000175,E12000004
NG23 5JJ,E07000176,E12000004
NG23 6JQ,E07000175,E12000004
NG6 8HU,E06000018,E12000004
NG7 1AB,E06000018,E12000004
NG17 7RE,E07000170,E12000004
NG24 4EY,E07000175,E12000004
NG3 5RU,E07000173,E12000004
NG3 6PA,E07000173,E12000004
NG3 7AX,E06000018,E12000004
NG7 4BR,E06000018,E12000004
NG8 1PJ,E06000018,E12000004
NG14 6AR,E07000175,E12000004
NG15 6EJ,E07000170,E12000004
NG16 1BP,E07000172,E12000004
NG16 2XB,E07000172,E12000004
NG22 0ND,E07000171,E12000004
NG5 6RA,E07000173,E12000004
NG6 8WQ,E07000172,E12000004
NG4 1BL,E07000173,E12000004
NG18 5LS,E07000174,E12000004
NG19 8PW,E07000174,E12000004
NG9 1FN,E07000172,E12000004
NG9 2QN,E07000172,E12000004
NG2 4DE,E06000018,E12000004
NG2 6ND,E07000176,E12000004
NG5 2AE,E06000018,E12000004
NG24 2PW,E07000175,E12000004
NG24 4RU,E07000175,E12000004
NG14 5AP,E07000173,E12000004
NG24 1UQ,E07000175,E12000004
NG12 3NF,E07000176,E12000004
NG12 3JF,E07000176,E12000004
NG12 4DE,E07000176,E12000004
NG13 8GU,E07000176,E12000004
NG4 3PA,E07000173,E12000004
NG1 2AR,E06000018,E12000004
NG18 4QQ,E07000174,E12000004
NG19 6EN,E07000174,E12000004
NG9 3EJ,E07000172,E12000004
NG9 4JQ,E07000172,E12000004
NG9 7HS,E07000172,E12000004
S80 2NU,E07000171,E12000004
NG1 1QN,E06000018,E12000004
NG19 6AJ,E07000174,E12000004
NG19 6AQ,E07000174,E12000004
NG14 6GT,E07000173,E12000004
NG2 7UX,E07000176,E12000004
NG4 3PX,E07000173,E12000004
NG5 1FL,E06000018,E12000004
NG24 2LH,E07000175,E12000004
NG3 4HN,E06000018,E12000004
NG8 2SP,E06000018,E12000004
NG14 6SZ,E07000173,E12000004
NG15 8JQ,E07000173,E12000004
NG20 9PR,E07000174,E12000004
NG5 1DJ,E06000018,E12000004
NG5 2ES,E06000018,E12000004
NG24 2PS,E07000175,E12000004
NG3 7BY,E06000018,E12000004
NG7 5PU,E06000018,E12000004
NG8 2AZ,E06000018,E12000004
NG8 6FG,E06000018,E12000004
NG18 5BQ,E07000174,E12000004
NG9 1DP,E07000172,E12000004
NG9 3SZ,E07000172,E12000004
NG9 8GD,E07000172,E12000004
NG20 0DD,E07000174,E12000004
S80 3FN,E07000171,E12000004
NG17 2HF,E07000170,E12000004
NG25 0TP,E07000175,E12000004
NG3 4JE,E06000018,E12000004
NG3 5PH,E06000018,E12000004
NG19 8JF,E07000174,E12000004
NG9 1PX,E07000172,E12000004
NG9 3PQ,E07000172,E12000004
NG16 2EP,E07000172,E12000004
NG3 5GE,E06000018,E12000004
NG12 5EU,E07000176,E12000004
NG12 5HR,E07000176,E12000004
NG13 8EX,E07000176,E12000004
NG13 8ZT,E07000176,E12000004
S81 8WD,E07000171,E12000004
NG11 9EH,E06000018,E12000004
NG12 2NL,E07000176,E12000004
NG12 4DW,E07000176,E12000004
NG23 7JN,E07000175,E12000004
NG5 9BD,E06000018,E12000004
NG18 2RZ,E07000174,E12000004
NG18 4LF,E07000174,E12000004
NG19 6SE,E07000174,E12000004
NG19 9GG,E07000174,E12000004
NG9 3DJ,E07000172,E12000004
NG9 3LQ,E07000172,E12000004
S81 7NZ,E07000171,E12000004
NG22 9WA,E07000175,E12000004
NG24 1LU,E07000175,E12000004
NG6 9JT,E06000018,E12000004
NG12 2JB,E07000176,E12000004
NG22 8EP,E07000175,E12000004
NG23 7QT,E07000175,E12000004
NG17 8QA,E07000170,E12000004
NG25 0UT,E07000175,E12000004
NG3 2PD,E06000018,E12000004
NG7 3AF,E06000018,E12000004
NG7 5QT,E06000018,E12000004
NG7 7NB,E06000018,E12000004
NG11 8HR,E06000018,E12000004
NG2 7DF,E07000176,E12000004
NG20 8XL,E07000174,E12000004
NG4 2JH,E07000173,E12000004
NG17 7LX,E07000170,E12000004
NG24 3NY,E07000175,E12000004
NG3 2HB,E06000018,E12000004
NG3 6AJ,E07000173,E12000004
NG4 3FG,E07000173,E12000004
NG4 4QL,E07000173,E12000004
NG9 8PJ,E07000172,E12000004
S80 3HS,E07000171,E12000004
S80 3LW,E07000171,E12000004
LE12 5PA,E07000176,E12000004
NG17 5HD,E07000170,E12000004
NG24 4FJ,E07000175,E12000004
NG7 1BX,E06000018,E12000004
NG8 4PZ,E06000018,E12000004
NG8 5RS,E06000018,E12000004
NG11 9FQ,E06000018,E12000004
NG2 2JE,E06000018,E12000004
NG2 6BA,E07000176,E12000004
NG16 2AW,E07000172,E12000004
NG16 3GW,E07000172,E12000004
NG15 6ND,E07000170,E12000004
NG15 6RG,E07000170,E12000004
NG22 9JH,E07000175,E12000004
NG5 8TU,E07000173,E12000004
NG6 8SU,E06000018,E12000004
NG23 5PJ,E07000175,E12000004
NG24 1RA,E07000175,E12000004
S81 7LP,E07000171,E12000004
NG18 5SN,E07000174,E12000004
NG24 3LT,E07000175,E12000004
NG24 4HA,E07000175,E12000004
NG12 5SN,E07000176,E12000004
NG13 8SQ,E07000176,E12000004
NG9 3LL,E07000172,E12000004
S80 3GP,E07000171,E12000004
LE12 5RP,E07000176,E12000004
NG14 6HF,E07000173,E12000004
NG16 1AR,E07000172,E12000004
NG16 3BW,E07000172,E12000004
NG22 9HU,E07000175,E12000004
NG22 9PY,E07000175,E12000004
NG5 9BE,E06000018,E12000004
S81 7QH,E07000171,E12000004
NG1 1BQ,E06000018,E12000004
NG21 0WL,E07000175,E12000004
NG22 9HP,E07000175,E12000004
NG23 6DL,E07000175,E12000004
NG23 6RN,E07000171,E12000004
NG23 7BX,E07000175,E12000004
NG5 8RW,E07000173,E12000004
NG11 6AQ,E07000176,E12000004
NG19 6NL,E07000174,E12000004
NG3 2GR,E06000018,E12000004
NG9 2GX,E07000172,E12000004
NG9 7DS,E07000172,E12000004
NG17 2AQ,E07000170,E12000004
NG11 8FN,E06000018,E12000004
NG12 3EU,E07000176,E12000004
NG13 8FX,E07000176,E12000004
NG18 1QB,E07000174,E12000004
NG18 4BH,E07000174,E12000004
NG18 5SQ,E07000174,E12000004
NG18 6AU,E07000174,E12000004
NG19 0AA,E07000174,E12000004
NG4 3NJ,E07000173,E12000004
S81 9DN,E07000171,E12000004
NG1 3NF,E06000018,E12000004
NG1 7EG,E06000018,E12000004
NG12 1AL,E07000176,E12000004
NG13 8HL,E07000176,E12000004
NG18 4XJ,E07000174,E12000004
NG19 8JN,E07000174,E12000004
NG24 3DW,E07000175,E12000004
NG3 1GU,E06000018,E12000004
NG5 2AW,E06000018,E12000004
NG9 1LR,E07000172,E12000004
NG9 3ND,E07000172,E12000004
S81 8JF,E07000171,E12000004
NG22 8UU,E07000175,E12000004
NG23 5NA,E07000175,E12000004
S80 3DN,E07000171,E12000004
NG11 8GZ,E06000018,E12000004
NG18 2BQ,E07000174,E12000004
NG25 0QN,E07000175,E12000004
NG9 1EJ,E07000172,E12000004
S81 0QX,E07000171,E12000004
S81 9JT,E07000171,E12000004
NG22 8QT,E07000175,E12000004
NG2 4RE,E06000018,E12000004
NG2 4RQ,E06000018,E12000004
NG2 7HW,E07000176,E12000004
NG20 0SY,E07000174,E12000004
NG5 5FJ,E06000018,E12000004
NG6 9AP,E06000018,E12000004
NG6 9DJ,E06000018,E12000004
NG7 2BQ,E06000018,E12000004
NG15 6WX,E07000170,E12000004
NG15 7TT,E07000170,E12000004
NG5 9NE,E06000018,E12000004
NG6 8HQ,E06000018,E12000004
NG6 8NX,E06000018,E12000004
NG7 1QE,E06000018,E12000004
NG14 5GL,E07000173,E12000004
NG14 7JA,E07000175,E12000004
NG5 3HJ,E06000018,E12000004
NG5 5JU,E06000018,E12000004
NG7 5LT,E06000018,E12000004
NG8 6LB,E06000018,E12000004
NG8 6PP,E06000018,E12000004
NG15 6PN,E07000170,E12000004
NG2 7UT,E07000176,E12000004
NG7 3AJ,E06000018,E12000004
NG7 5ND,E06000018,E12000004
NG8 1FG,E06000018,E12000004
NG8 6HS,E06000018,E12000004
NG24 4LY,E07000175,E12000004
NG3 3EQ,E06000018,E12000004
NG3 4JU,E06000018,E12000004
NG7 1QT,E06000018,E12000004
NG7 5FY,E06000018,E12000004
NG8 3LQ,E06000018,E12000004
NG8 3QG,E06000018,E12000004
NG8 6EB,E06000018,E12000004
NG18 3DS,E07000174,E12000004
NG18 4BX,E07000174,E12000004
NG9 1JT,E07000172,E12000004
NG16 1AE,E07000172,E12000004
NG22 0LW,E07000171,E12000004
NG22 0WA,E07000171,E12000004
NG17 8RH,E07000170,E12000004
NG3 4PY,E06000018,E12000004
NG3 7AN,E06000018,E12000004
NG7 6ES,E06000018,E12000004
NG8 3HF,E06000018,E12000004
LE12 5GB,E07000176,E12000004
NG19 8ND,E07000174,E12000004
NG9 5BG,E07000172,E12000004
NG15 7DD,E07000170,E12000004
NG21 9RX,E07000175,E12000004
NG22 0EG,E07000175,E12000004
NG23 6AF,E07000175,E12000004
NG5 8BY,E07000173,E12000004
NG6 7AF,E06000018,E12000004
NG6 9GB,E06000018,E12000004
NG24 2RB,E07000175,E12000004
NG8 1HQ,E06000018,E12000004
NG8 5PY,E06000018,E12000004
NG9 2HG,E07000172,E12000004
NG5 4BJ,E07000173,E12000004
NG16 6PN,E07000170,E12000004
NG17 5LF,E07000170,E12000004
NG17 9BG,E07000170,E12000004
NG3 3DJ,E06000018,E12000004
NG8 6BN,E06000018,E12000004
NG18 2HD,E07000174,E12000004
NG9 1NS,E07000172,E12000004
NG9 2SH,E06000018,E12000004
NG15 7RS,E07000170,E12000004
NG15 9DA,E07000173,E12000004
NG22 0LH,E07000171,E12000004
NG22 8GJ,E07000175,E12000004
NG23 7QX,E07000175,E12000004
S81 0SL,E07000171,E12000004
S81 7DU,E07000171,E12000004
NG12 3HS,E07000176,E12000004
NG2 2EA,E06000018,E12000004
NG2 7LE,E07000176,E12000004
NG12 3UF,E07000176,E12000004
NG12 4HP,E07000176,E12000004
NG4 1FF,E07000173,E12000004
NG4 4NQ,E07000173,E12000004
NG5 1ND,E06000018,E12000004
S80 3GE,E07000171,E12000004
NG11 6QX,E07000176,E12000004
NG12 4EB,E07000176,E12000004
NG2 6JJ,E07000176,E12000004
NG4 3AY,E07000173,E12000004
NG5 8JH,E07000173,E12000004
S81 7JA,E07000171,E12000004
S81 8HS,E07000171,E12000004
NG11 8BS,E06000018,E12000004
NG12 4HW,E07000176,E12000004
NG13 8GH,E07000176,E12000004
NG13 9AS,E07000176,E12000004
NG21 0GD,E07000175,E12000004
NG1 2BL,E06000018,E12000004
NG1 4GU,E06000018,E12000004
NG5 3EJ,E06000018,E12000004
NG5 5UE,E06000018,E12000004
NG5 6RX,E07000173,E12000004
NG6 0AF,E06000018,E12000004
S80 3PG,E07000171,E12000004
NG16 2SQ,E07000172,E12000004
NG22 8EF,E07000175,E12000004
NG22 8FW,E07000175,E12000004
LE12 6YT,E07000176,E12000004
NG1 1FE,E06000018,E12000004
NG1 2NS,E06000018,E12000004
NG1 5BT,E06000018,E12000004
NG1 5ND,E06000018,E12000004
NG3 2NP,E06000018,E12000004
NG3 4LG,E06000018,E12000004
NG5 4LJ,E07000173,E12000004
NG6 0RF,E06000018,E12000004
NG8 2AS,E06000018,E12000004
LE12 6LD,E07000176,E12000004
LE12 6LZ,E07000176,E12000004
NG1 1JT,E06000018,E12000004
NG18 4LL,E07000174,E12000004
NG24 3WD,E07000175,E12000004
NG3 3BZ,E06000018,E12000004
NG5 7AB,E07000173,E12000004
NG5 8BW,E07000173,E12000004
NG5 8LU,E07000173,E12000004
NG14 6AG,E07000175,E12000004
NG21 0UJ,E07000175,E12000004
NG23 6NG,E07000175,E12000004
NG23 6QY,E07000175,E12000004
NG18 4DB,E07000174,E12000004
NG25 0AJ,E07000175,E12000004
NG25 0TZ,E07000175,E12000004
NG3 1GW,E06000018,E12000004
NG3 6AQ,E07000173,E12000004
NG5 2LN,E06000018,E12000004
NG12 2AH,E07000176,E12000004
NG2 7NH,E07000176,E12000004
NG20 0QZ,E07000174,E12000004
NG21 0NS,E07000175,E12000004
NG7 5GZ,E06000018,E12000004
NG17 4HG,E07000170,E12000004
NG9 2AZ,E07000172,E12000004
S81 0DF,E07000171,E12000004
S81 9SA,E07000171,E12000004
NG11 6NE,E07000176,E12000004
NG11 8NT,E06000018,E12000004
NG12 3NB,E07000176,E12000004
NG2 6LZ,E07000176,E12000004
NG8 5BP,E06000018,E12000004
NG17 1BP,E07000170,E12000004
NG17 3BX,E07000170,E12000004
NG17 8HP,E07000170,E12000004
NG9 2GD,E06000018,E12000004
NG23 5SE,E07000175,E12000004
NG16 6BW,E07000170,E12000004
NG9 1GT,E07000172,E12000004
NG9 8AP,E07000172,E12000004
S81 8GD,E07000171,E12000004
NG15 7JH,E07000170,E12000004
NG23 7QY,E07000175,E12000004
NG24 1UP,E07000175,E12000004
NG16 5NQ,E07000170,E12000004
NG9 2QZ,E07000172,E12000004
S81 7HZ,E07000171,E12000004
S81 7TB,E07000171,E12000004
S81 8EE,E07000171,E12000004
NG11 0AX,E07000176,E12000004
NG24 3LR,E07000175,E12000004
NG24 4PX,E07000175,E12000004
NG25 0RG,E07000175,E12000004
NG19 9LU,E07000174,E12000004
NG9 6HZ,E07000172,E12000004
NG11 9AN,E06000018,E12000004
NG12 5EQ,E07000176,E12000004
NG11 8GY,E06000018,E12000004
NG12 4EL,E07000176,E12000004
NG2 1PN,E06000018,E12000004
NG7 1NG,E06000018,E12000004
NG8 3EZ,E06000018,E12000004
NG8 6BL,E06000018,E12000004
NG15 6XU,E07000170,E12000004
NG24 1QF,E07000175,E12000004
NG2 2NS,E06000018,E12000004
NG2 7EE,E07000176,E12000004
NG8 4QA,E06000018,E12000004
NG15 6RP,E07000170,E12000004
NG22 0PN,E07000171,E12000004
NG22 0UN,E07000171,E12000004
NG11 8SQ,E06000018,E12000004
NG12 3QN,E07000176,E12000004
NG2 6HQ,E07000176,E12000004
NG4 1DZ,E07000173,E12000004
NG7 7EW,E06000018,E12000004
NG8 6NF,E06000018,E12000004
NG24 2BN,E07000175,E12000004
NG2 4QB,E06000018,E12000004
NG8 4EU,E06000018,E12000004
NG14 5FF,E07000173,E12000004
NG17 2BS,E07000170,E12000004
NG17 4GA,E07000170,E12000004
NG17 8PW,E07000170,E12000004
NG7 2DF,E06000018,E12000004
NG7 2UH,E06000018,E12000004
NG8 5DZ,E06000018,E12000004
NG8 5FR,E06000018,E12000004
NG11 9JL,E06000018,E12000004
NG13 8TR,E07000176,E12000004
NG4 3DS,E07000173,E12000004
NG17 1FL,E07000170,E12000004
NG3 3AZ,E06000018,E12000004
NG3 7EH,E06000018,E12000004
NG3 7FS,E06000018,E12000004
NG7 3FY,E06000018,E12000004
NG7 6HZ,E06000018,E12000004
NG8 2QA,E06000018,E12000004
NG12 3SJ,E07000176,E12000004
NG4 2BU,E07000173,E12000004
S81 9AP,E07000171,E12000004
S81 9FL,E07000171,E12000004
NG17 1GJ,E07000170,E12000004
NG17 3AE,E07000170,E12000004
NG7 3BN,E06000018,E12000004
LE12 6RW,E07000176,E12000004
NG2 6NG,E07000176,E12000004
NG16 2EN,E07000172,E12000004
NG18 4XB,E07000174,E12000004
NG15 0DX,E07000170,E12000004
NG16 1AZ,E07000172,E12000004
NG18 5PF,E07000174,E12000004
NG19 6QF,E07000174,E12000004
NG19 7DJ,E07000174,E12000004
NG19 9AU,E07000174,E12000004
NG19 9JY,E07000174,E12000004
NG19 9LN,E07000174,E12000004
NG9 6LF,E07000172,E12000004
NG9 8PE,E07000172,E12000004
NG22 0AB,E07000175,E12000004
NG22 9LZ,E07000175,E12000004
NG22 9WF,E07000175,E12000004
NG23 6QW,E07000175,E12000004
NG23 7HX,E07000175,E12000004
NG1 4GN,E06000018,E12000004
NG11 6HL,E07000176,E12000004
NG11 6JB,E07000176,E12000004
NG18 5BG,E07000170,E12000004
NG9 7HB,E07000172,E12000004
S80 2TZ,E07000171,E12000004
NG3 4QL,E06000018,E12000004
NG3 6FH,E07000173,E12000004
NG3 6PD,E07000173,E12000004
NG7 1DD,E06000018,E12000004
NG7 6JN,E06000018,E12000004
NG8 4ES,E06000018,E12000004
NG12 2BZ,E07000176,E12000004
NG2 6PH,E07000176,E12000004
NG14 6NU,E07000173,E12000004
NG16 2XF,E07000172,E12000004
NG22 0HH,E07000175,E12000004
NG5 9HQ,E06000018,E12000004
NG6 8US,E06000018,E12000004
NG1 2GN,E06000018,E12000004
NG11 6EY,E07000176,E12000004
NG18 1SU,E07000174,E12000004
NG18 3BJ,E07000174,E12000004
NG2 1AP,E06000018,E12000004
NG9 6NA,E07000172,E12000004
NG18 4AF,E07000174,E12000004
NG19 0PE,E07000174,E12000004
NG9 3GN,E07000172,E12000004
NG15 0EE,E07000170,E12000004
NG15 7AS,E07000170,E12000004
NG16 3QN,E07000172,E12000004
NG22 0HX,E07000171,E12000004
NG5 4GT,E07000173,E12000004
NG5 5PP,E06000018,E12000004
NG5 9HL,E06000018,E12000004
NG6 9EQ,E06000018,E12000004
NG18 2JA,E07000174,E12000004
NG19 0AT,E07000174,E12000004
NG14 5DQ,E07000173,E12000004
NG5 8NL,E07000173,E12000004
S81 0SE,E07000171,E12000004
S81 7NL,E07000171,E12000004
NG18 2PB,E07000174,E12000004
NG18 3GU,E07000174,E12000004
NG19 6PQ,E07000170,E12000004
NG14 7GZ,E07000175,E12000004
NG15 6GS,E07000170,E12000004
NG5 3ES,E06000018,E12000004
NG6 8ZQ,E07000173,E12000004
NG24 3FU,E07000175,E12000004
NG7 3FQ,E06000018,E12000004
NG7 5NG,E06000018,E12000004
NG17 4AY,E07000170,E12000004
NG3 2PZ,E06000018,E12000004
NG7 7GY,E06000018,E12000004
NG8 3HG,E06000018,E12000004
NG1 5DJ,E06000018,E12000004
NG12 5NL,E07000176,E12000004
NG2 7DH,E07000176,E12000004
S80 1UT,E07000171,E12000004
NG9 2AU,E07000172,E12000004
NG15 8HA,E07000170,E12000004
NG5 4FS,E07000173,E12000004
NG5 5EH,E06000018,E12000004
NG17 2BT,E07000170,E12000004
NG24 2RQ,E07000175,E12000004
NG7 3FH,E06000018,E12000004
NG3 5PF,E06000018,E12000004
NG7 1FT,E06000018,E12000004
NG7 2UR,E06000018,E12000004
NG8 6ER,E06000018,E12000004
NG1 7DL,E06000018,E12000004
NG12 5LJ,E07000176,E12000004
NG12 5PA,E07000176,E12000004
NG13 9PQ,E07000176,E12000004
NG1 5HT,E06000018,E12000004
NG11 9GB,E06000018,E12000004
NG12 3SU,E07000176,E12000004
NG2 4GP,E06000018,E12000004
NG21 0JY,E07000175,E12000004
NG8 1ND,E06000018,E12000004
NG11 8JQ,E06000018,E12000004
NG12 2BS,E07000176,E12000004
NG12 3TT,E07000176,E12000004
NG2 6PB,E07000176,E12000004
NG11 6ED,E07000176,E12000004
NG17 7FE,E07000170,E12000004
NG24 4JQ,E07000175,E12000004
NG24 4TN,E07000175,E12000004
NG8 3AR,E06000018,E12000004
NG15 8DU,E07000170,E12000004
NG16 1ED,E07000172,E12000004
NG22 0AG,E07000175,E12000004
NG23 6AY,E07000175,E12000004
NG5 2HS,E06000018,E12000004
NG5 8RR,E07000173,E12000004
NG6 0JF,E06000018,E12000004
NG6 8NA,E06000018,E12000004
NG1 1QX,E06000018,E12000004
NG1 6HF,E06000018,E12000004
NG24 3RJ,E07000175,E12000004
NG8 6HE,E06000018,E12000004
NG21 9HX,E07000175,E12000004
NG18 4HT,E07000174,E12000004
NG19 0RN,E07000174,E12000004
NG19 0RR,E07000174,E12000004
NG17 1GW,E07000170,E12000004
NG17 4EF,E07000170,E12000004
NG24 3NT,E07000175,E12000004
NG8 2DH,E06000018,E12000004
S81 8UQ,E07000171,E12000004
NG14 6FP,E07000173,E12000004
NG15 6RT,E07000170,E12000004
NG16 3LY,E07000172,E12000004
NG23 7NZ,E07000175,E12000004
NG17 2BY,E07000170,E12000004
NG17 3BT,E07000170,E12000004
NG24 4QG,E07000175,E12000004
NG3 2AS,E06000018,E12000004
NG3 5XB,E07000173,E12000004
S81 9HF,E07000171,E12000004
NG14 5HP,E07000173,E12000004
NG14 6QG,E07000173,E12000004
NG15 6WL,E07000170,E12000004
NG23 5NL,E07000175,E12000004
NG24 1EU,E07000175,E12000004
NG5 9PP,E07000173,E12000004
NG18 4BS,E07000174,E12000004
NG19 0AF,E07000174,E12000004
NG2 4HD,E06000018,E12000004
NG2 7ET,E07000176,E12000004
NG9 2PQ,E07000172,E12000004
S80 1EL,E07000171,E12000004
NG12 5DU,E07000176,E12000004
NG13 7AW,E07000176,E12000004
NG21 0RJ,E07000175,E12000004
NG4 1AU,E07000173,E12000004
NG4 4BT,E07000173,E12000004
NG19 7RA,E07000174,E12000004
NG12 3BD,E07000176,E12000004
NG12 5ND,E07000176,E12000004
NG2 4FH,E06000018,E12000004
NG2 6GF,E07000176,E12000004
NG20 0GY,E07000174,E12000004
S80 3AW,E07000171,E12000004
NG12 2LD,E07000176,E12000004
NG13 9NS,E07000176,E12000004
NG15 7EE,E07000170,E12000004
NG22 9LB,E07000175,E12000004
NG24 1XW,E07000175,E12000004
NG5 4HW,E07000173,E12000004
NG5 5SE,E06000018,E12000004
NG6 8RD,E06000018,E12000004
NG24 3HU,E07000175,E12000004
NG24 3TP,E07000175,E12000004
NG3 1JN,E06000018,E12000004
NG8 5PH,E06000018,E12000004
NG11 8GN,E06000018,E12000004
NG2 4JA,E06000018,E12000004
NG9 2GJ,E06000018,E12000004
S81 8FT,E07000171,E12000004
NG14 5BP,E07000173,E12000004
NG5 5RU,E06000018,E12000004
NG3 1AH,E06000018,E12000004
NG3 2LL,E06000018,E12000004
NG3 6FP,E07000173,E12000004
NG7 2EU,E06000018,E12000004
NG7 2UG,E06000018,E12000004
NG8 1FD,E06000018,E12000004
NG2 6SE,E07000176,E12000004
NG4 2QJ,E07000173,E12000004
NG4 4PB,E07000173,E12000004
NG1 4EE,E06000018,E12000004
NG18 2AT,E07000174,E12000004
NG19 9HF,E07000174,E12000004
NG9 6GJ,E07000172,E12000004
NG14 6QR,E07000173,E12000004
NG15 7NH,E07000170,E12000004
NG15 7PE,E07000170,E12000004
NG15 8GB,E07000173,E12000004
NG16 1EE,E07000172,E12000004
NG22 8JX,E07000175,E12000004
NG16 3SB,E07000172,E12000004
NG17 8FQ,E07000170,E12000004
NG24 4PB,E07000175,E12000004
S80 2AU,E07000171,E12000004
NG12 4FH,E07000176,E12000004
NG2 3HW,E06000018,E12000004
NG2 7QB,E07000176,E12000004
NG18 4DF,E07000174,E12000004
NG9 1JE,E07000172,E12000004
S81 7NH,E07000171,E12000004
LE12 5GG,E07000176,E12000004
NG14 6FR,E07000173,E12000004
NG15 7SA,E07000170,E12000004
NG5 8PA,E07000173,E12000004
NG6 7AZ,E06000018,E12000004
NG17 2QF,E07000170,E12000004
NG17 8BJ,E07000170,E12000004
NG8 4GG,E06000018,E12000004
S80 2QQ,E07000171,E12000004
NG11 6QQ,E07000176,E12000004
NG11 8FS,E06000018,E12000004
NG12 3UJ,E07000176,E12000004
NG2 5LA,E07000176,E12000004
NG11 6HU,E07000176,E12000004
NG18 2BB,E07000174,E12000004
NG9 6RN,E07000172,E12000004
NG23 7SZ,E07000175,E12000004
S80 1HT,E07000171,E12000004
NG17 1JD,E07000170,E12000004
NG18 1JB,E07000174,E12000004
NG7 3FE,E06000018,E12000004
NG7 4FN,E06000018,E12000004
NG8 1AU,E06000018,E12000004
NG8 1JZ,E06000018,E12000004
S81 9BF,E07000171,E12000004
NG14 6RP,E07000175,E12000004
NG24 1AU,E07000175,E12000004
NG5 2HH,E06000018,E12000004
NG11 6DZ,E07000176,E12000004
NG16 5FA,E07000170,E12000004
NG3 1DG,E06000018,E12000004
NG7 7JA,E06000018,E12000004
NG8 1DE,E06000018,E12000004
NG8 2PR,E06000018,E12000004
NG14 6AD,E07000175,E12000004
NG5 7DA,E07000173,E12000004
NG24 3TZ,E07000175,E12000004
NG24 4NF,E07000175,E12000004
NG3 6HS,E07000173,E12000004
NG7 2HL,E06000018,E12000004
NG8 3PN,E06000018,E12000004
NG22 8TL,E07000175,E12000004
NG5 3FQ,E06000018,E12000004
NG1 1GY,E06000018,E12000004
NG17 3HN,E07000170,E12000004
NG17 8AJ,E07000170,E12000004
NG3 5NJ,E07000173,E12000004
NG7 1DU,E06000018,E12000004
NG7 4GL,E06000018,E12000004
NG7 6NN,E06000018,E12000004
S81 8PU,E07000171,E12000004
NG13 8BA,E07000176,E12000004
NG13 9NL,E07000176,E12000004
NG18 3EH,E07000174,E12000004
NG18 5JE,E07000174,E12000004
NG19 7JD,E07000174,E12000004
NG19 8BG,E07000174,E12000004
NG9 2DX,E07000172,E12000004
NG2 7DT,E07000176,E12000004
NG20 9PB,E07000174,E12000004
NG4 4BP,E07000173,E12000004
NG9 5JW,E07000172,E12000004
NG9 1PR,E07000172,E12000004
NG4 2AJ,E07000173,E12000004
NG4 2NX,E07000173,E12000004
NG4 4QF,E07000173,E12000004
LE12 6LQ,E07000176,E12000004
NG13 8DS,E07000176,E12000004
NG13 8LA,E07000176,E12000004
NG18 5DU,E07000174,E12000004
NG19 8QD,E07000174,E12000004
NG9 6PZ,E07000172,E12000004
NG18 4TD,E07000174,E12000004
NG18 5GX,E07000174,E12000004
NG7 7DB,E06000018,E12000004
NG7 7HU,E06000018,E12000004
NG9 1AJ,E07000172,E12000004
NG1 5GQ,E06000018,E12000004
NG2 3EX,E06000018,E12000004
NG2 4FT,E06000018,E12000004
NG21 0GE,E07000175,E12000004
NG4 2EY,E07000173,E12000004
NG4 3SA,E07000173,E12000004
NG18 4UP,E07000174,E12000004
NG7 1BN,E06000018,E12000004
NG7 2FG,E06000018,E12000004
NG1 3NT,E06000018,E12000004
NG17 2QD,E07000170,E12000004
NG17 5JF,E07000170,E12000004
NG22 9RB,E07000175,E12000004
NG5 1BB,E06000018,E12000004
NG13 8UP,E07000176,E12000004
NG19 6SP,E07000174,E12000004
NG2 1FX,E06000018,E12000004
NG7 5LU,E06000018,E12000004
NG11 2AA,E07000176,E12000004
NG2 5DP,E07000176,E12000004
LE12 6PR,E07000176,E12000004
NG24 4NU,E07000175,E12000004
NG3 4LN,E06000018,E12000004
NG5 5FD,E06000018,E12000004
NG19 0ER,E07000174,E12000004
NG19 7HH,E07000174,E12000004
NG7 7EF,E06000018,E12000004
LE14 3BA,E07000176,E12000004
NG17 1GD,E07000170,E12000004
NG2 5BS,E07000176,E12000004
S80 2TB,E07000171,E12000004
NG24 3QH,E07000175,E12000004
NG24 4LS,E07000175,E12000004
NG3 1NJ,E06000018,E12000004
S81 7PR,E07000171,E12000004
NG9 4DQ,E07000172,E12000004
NG9 5DB,E07000172,E12000004
NG9 6DQ,E07000172,E12000004
NG14 7FB,E07000175,E12000004
NG15 8JZ,E07000173,E12000004
NG16 1JP,E07000172,E12000004
NG9 7EZ,E07000172,E12000004
S80 2NL,E07000171,E12000004
NG3 6DX,E07000173,E12000004
NG5 5DY,E06000018,E12000004
NG6 8BA,E06000018,E12000004
NG15 7TE,E07000170,E12000004
NG15 9FE,E07000173,E12000004
NG9 6JX,E07000172,E12000004
NG6 0GS,E06000018,E12000004
S81 9JY,E07000171,E12000004
NG15 8BP,E07000170,E12000004
NG9 2PS,E07000172,E12000004
NG9 7ED,E07000172,E12000004
NG15 8AY,E07000170,E12000004
NG16 2HQ,E07000172,E12000004
NG21 0TT,E07000175,E12000004
NG5 9QQ,E07000173,E12000004
NG12 2LG,E07000176,E12000004
NG12 5BA,E07000176,E12000004
NG13 8JB,E07000176,E12000004
NG13 8TN,E07000176,E12000004
NG2 7UD,E07000176,E12000004
NG20 0LZ,E07000174,E12000004
NG20 9QW,E07000174,E12000004
NG4 1RT,E07000173,E12000004
LE12 6TG,E07000176,E12000004
NG14 7LN,E07000175,E12000004
NG22 0LG,E07000171,E12000004
NG24 1XE,E07000175,E12000004
NG5 7NA,E07000173,E12000004
NG2 7UZ,E07000176,E12000004
NG20 0FL,E07000174,E12000004
NG16 2BA,E07000172,E12000004
NG16 2SF,E07000172,E12000004
NG22 9XD,E07000175,E12000004
NG23 5RH,E07000175,E12000004
NG5 5JD,E06000018,E12000004
NG6 7DN,E06000018,E12000004
NG6 8SE,E06000018,E12000004
NG11 7AX,E06000018,E12000004
NG11 8GQ,E06000018,E12000004
NG13 9NF,E07000176,E12000004
NG4 2AA,E07000173,E12000004
NG18 5AQ,E07000174,E12000004
NG18 5BH,E07000174,E12000004
NG18 5EW,E07000174,E12000004
NG17 5HB,E07000170,E12000004
NG7 2JN,E06000018,E12000004
NG14 6TA,E07000173,E12000004
NG16 3EZ,E07000172,E12000004
NG5 4HP,E07000173,E12000004
NG5 5UL,E06000018,E12000004
NG5 9AJ,E06000018,E12000004
NG6 7BH,E06000018,E12000004
NG2 2GF,E06000018,E12000004
S80 2UB,E07000171,E12000004
NG9 8GY,E07000172,E12000004
NG16 5JF,E07000170,E12000004
NG17 3EN,E07000170,E12000004
NG24 4DL,E07000175,E12000004
NG24 4JZ,E07000175,E12000004
NG8 1GT,E06000018,E12000004
NG1 3LP,E06000018,E12000004
NG18 3EY,E07000174,E12000004
NG19 6SS,E07000174,E12000004
NG3 5AY,E06000018,E12000004
NG3 5RN,E07000173,E12000004
NG7 6HD,E06000018,E12000004
S81 7NX,E07000171,E12000004
NG1 6BB,E06000018,E12000004
NG11 6DR,E07000176,E12000004
NG18 4FW,E07000174,E12000004
NG18 6AY,E07000174,E12000004
NG19 0HW,E07000174,E12000004
NG9 2AS,E07000172,E12000004
NG9 2HQ,E07000172,E12000004
NG9 5FY,E07000172,E12000004
NG9 5HX,E07000172,E12000004
NG3 5JZ,E07000173,E12000004
NG3 7FG,E06000018,E12000004
NG7 3DP,E06000018,E12000004
NG7 7GZ,E06000018,E12000004
NG14 6ER,E07000173,E12000004
NG21 0TW,E07000175,E12000004
NG21 9AH,E07000174,E12000004
NG22 8NG,E07000175,E12000004
NG18 4XN,E07000174,E12000004
NG19 6AH,E07000174,E12000004
NG9 3QY,E07000172,E12000004
NG9 4BJ,E07000172,E12000004
NG21 9DH,E07000175,E12000004
NG22 9AF,E07000175,E12000004
NG5 4JZ,E07000173,E12000004
NG9 8AB,E07000172,E12000004
NG16 2AZ,E07000172,E12000004
NG23 6TH,E07000171,E12000004
NG23 7HE,E07000175,E12000004
NG6 9GY,E06000018,E12000004
NG19 7AH,E07000174,E12000004
NG16 2HR,E07000172,E12000004
NG22 8JU,E07000175,E12000004
NG22 8SX,E07000175,E12000004
NG23 5QD,E07000175,E12000004
NG9 3AR,E07000172,E12000004
NG9 6NE,E07000172,E12000004
NG12 5HE,E07000176,E12000004
NG12 5PU,E07000176,E12000004
NG4 2LN,E07000173,E12000004
S81 8HL,E07000171,E12000004
NG18 1BW,E07000174,E12000004
NG24 3SU,E07000175,E12000004
NG24 4AE,E07000175,E12000004
NG24 4SX,E07000175,E12000004
NG8 2RA,E06000018,E12000004
NG3 5GZ,E06000018,E12000004
NG8 1PG,E06000018,E12000004
NG8 6BY,E06000018,E12000004
NG11 9HD,E06000018,E12000004
NG12 3QT,E07000176,E12000004
NG2 1PJ,E06000018,E12000004
S81 7SE,E07000171,E12000004
NG17 1AL,E07000170,E12000004
NG17 2AB,E07000170,E12000004
NG24 3QJ,E07000175,E12000004
NG3 1BQ,E06000018,E12000004
NG3 1DF,E06000018,E12000004
NG12 1BR,E07000176,E12000004
NG12 5PZ,E07000176,E12000004
NG2 9QW,E07000172,E12000004
NG5 1FB,E06000018,E12000004
S81 9RT,E07000171,E12000004
NG16 5FD,E07000170,E12000004
NG17 4DY,E07000170,E12000004
NG8 6EP,E06000018,E12000004
NG15 6SG,E07000170,E12000004
NG15 6WU,E07000170,E12000004
NG24 1HL,E07000175,E12000004
NG5 8RG,E07000173,E12000004
NG6 8DR,E06000018,E12000004
NG12 1EQ,E07000176,E12000004
NG12 4JQ,E07000176,E12000004
NG2 6FH,E07000176,E12000004
NG2 7UY,E07000176,E12000004
NG1 6LD,E06000018,E12000004
NG18 4UU,E07000170,E12000004
NG9 4FL,E07000172,E12000004
NG9 6RQ,E07000172,E12000004
NG15 6TW,E07000170,E12000004
NG15 9EB,E07000173,E12000004
NG5 5AE,E06000018,E12000004
S80 1HJ,E07000171,E12000004
NG11 7FJ,E06000018,E12000004
NG4 2ET,E07000173,E12000004
NG5 1LA,E06000018,E12000004
NG5 2BA,E06000018,E12000004
NG22 8BG,E07000175,E12000004
NG5 6DP,E06000018,E12000004
NG5 8QE,E07000173,E12000004
NG6 9DE,E06000018,E12000004
NG15 6SJ,E07000170,E12000004
NG15 7EZ,E07000170,E12000004
NG5 5UD,E06000018,E12000004
NG5 6EG,E06000018,E12000004
NG5 8BN,E07000173,E12000004
NG6 8GL,E06000018,E12000004
NG6 8UR,E07000170,E12000004
S80 1YQ,E07000171,E12000004
NG1 5LP,E06000018,E12000004
NG18 2NP,E07000174,E12000004
NG9 4FG,E07000172,E12000004
NG9 8LG,E07000172,E12000004
NG16 5HU,E07000170,E12000004
NG17 5AQ,E07000170,E12000004
NG25 0PW,E07000175,E12000004
NG7 2HZ,E06000018,E12000004
NG7 2LN,E06000018,E12000004
NG7 4DS,E06000018,E12000004
NG8 1BT,E06000018,E12000004
NG8 2PX,E06000018,E12000004
NG8 3AU,E06000018,E12000004
NG8 4AS,E06000018,E12000004
S81 7FG,E07000171,E12000004
NG17 2LY,E07000170,E12000004
NG24 3AG,E07000175,E12000004
NG3 5QW,E07000173,E12000004
NG8 1JE,E06000018,E12000004
NG11 6AD,E07000176,E12000004
NG9 8NE,E07000172,E12000004
S81 8GH,E07000171,E12000004
NG18 1DG,E07000174,E12000004
NG24 2NT,E07000175,E12000004
NG24 4EW,E07000175,E12000004
NG8 2RR,E06000018,E12000004
NG9 1BY,E07000172,E12000004
NG11 6AA,E07000176,E12000004
NG9 2GS,E07000172,E12000004
S81 0ES,E07000171,E12000004
S81 8DY,E07000171,E12000004
S81 8TT,E07000171,E12000004
NG25 0RY,E07000175,E12000004
NG3 2QB,E06000018,E12000004
NG3 3BT,E06000018,E12000004
NG3 4JJ,E06000018,E12000004
NG3 7FW,E06000018,E12000004
NG7 5LF,E06000018,E12000004
NG8 3DA,E06000018,E12000004
NG8 4HS,E06000018,E12000004
NG8 6EJ,E06000018,E12000004
NG13 8GS,E07000176,E12000004
NG4 2LX,E07000173,E12000004
NG9 6EH,E07000172,E12000004
NG3 7GW,E06000018,E12000004
NG5 8HN,E07000173,E12000004
NG6 7FQ,E06000018,E12000004
NG22 8LD,E07000175,E12000004
NG12 2AY,E07000176,E12000004
NG12 3EF,E07000176,E12000004
NG21 0LJ,E07000175,E12000004
NG16 6BG,E07000170,E12000004
NG17 8AD,E07000170,E12000004
NG24 3PB,E07000175,E12000004
NG3 6BR,E06000018,E12000004
NG5 5UQ,E06000018,E12000004
NG5 6JB,E07000173,E12000004
NG6 8DB,E06000018,E12000004
NG6 8HW,E06000018,E12000004
NG12 4FS,E07000176,E12000004
NG12 5AL,E07000176,E12000004
NG13 7AZ,E07000176,E12000004
NG4 3BQ,E07000173,E12000004
NG5 1EN,E06000018,E12000004
NG9 1PB,E07000172,E12000004
NG16 5JB,E07000170,E12000004
NG5 3HZ,E06000018,E12000004
NG6 8EF,E07000170,E12000004
NG15 8JE,E07000170,E12000004
NG19 0EB,E07000174,E12000004
NG19 9AY,E07000174,E12000004
NG16 2RB,E07000172,E12000004
NG22 8UP,E07000175,E12000004
S80 3AG,E07000171,E12000004
NG19 0BQ,E07000174,E12000004
NG8 3PB,E06000018,E12000004
NG15 8HZ,E07000170,E12000004
NG18 5PU,E07000174,E12000004
NG19 6TR,E07000174,E12000004
NG19 7LD,E07000174,E12000004
NG19 8JR,E07000174,E12000004
NG8 1AB,E06000018,E12000004
NG8 4AW,E06000018,E12000004
NG8 5AR,E06000018,E12000004
NG11 8JL,E06000018,E12000004
NG11 9ER,E06000018,E12000004
NG13 8TA,E07000176,E12000004
NG2 4GE,E06000018,E12000004
NG2 7BW,E07000176,E12000004
NG9 3RN,E07000172,E12000004
NG9 6DD,E07000172,E12000004
NG9 8NA,E07000172,E12000004
S81 8EA,E07000171,E12000004
NG17 2EB,E07000170,E12000004
NG3 3HR,E06000018,E12000004
NG3 6AX,E06000018,E12000004
NG6 8JN,E06000018,E12000004
NG15 9GS,E07000173,E12000004
NG23 6LL,E07000175,E12000004
NG23 7JP,E07000175,E12000004
NG24 1SH,E07000175,E12000004
NG19 6QB,E07000174,E12000004
NG8 4PX,E06000018,E12000004
NG17 1HT,E07000170,E12000004
NG17 7JB,E07000170,E12000004
NG24 2FY,E07000175,E12000004
S80 2UH,E07000171,E12000004
NG15 6PX,E07000170,E12000004
NG16 1HL,E07000172,E12000004
NG16 2AP,E07000172,E12000004
NG16 2UE,E07000172,E12000004
NG21 9NH,E07000175,E12000004
NG5 6FQ,E07000173,E12000004
NG17 5DN,E07000170,E12000004
NG17 5FU,E07000170,E12000004
NG24 2TQ,E07000175,E12000004
NG24 3AX,E07000175,E12000004
NG3 5BX,E06000018,E12000004
NG8 2NB,E06000018,E12000004
NG15 0AJ,E07000170,E12000004
NG16 1AY,E07000172,E12000004
NG16 2HA,E07000172,E12000004
NG21 9QD,E07000175,E12000004
NG23 5RG,E07000175,E12000004
NG23 7JR,E07000175,E12000004
NG23 7QD,E07000175,E12000004
NG5 8FW,E07000173,E12000004
NG16 5JL,E07000170,E12000004
NG17 1HQ,E07000170,E12000004
NG7 2PW,E06000018,E12000004
NG8 1FT,E06000018,E12000004
NG8 3FE,E06000018,E12000004
NG14 5HA,E07000175,E12000004
NG15 6QL,E07000170,E12000004
NG16 2DJ,E07000172,E12000004
NG5 6QJ,E07000173,E12000004
NG12 1AQ,E07000176,E12000004
NG12 4AW,E07000176,E12000004
NG11 6PP,E07000176,E12000004
NG4 2LZ,E07000173,E12000004
NG18 4UX,E07000170,E12000004
S81 9BE,E07000171,E12000004
NG12 1DA,E07000176,E12000004
NG4 3QT,E07000173,E12000004
NG9 7JD,E07000172,E12000004
NG9 8FG,E07000172,E12000004
NG9 8LA,E07000172,E12000004
NG9 8QH,E07000172,E12000004
S81 7PH,E07000171,E12000004
S81 8TN,E07000171,E12000004
NG12 5AD,E07000176,E12000004
NG13 9FF,E07000176,E12000004
NG2 6FT,E07000176,E12000004
NG19 8RN,E07000174,E12000004
NG9 1EU,E07000172,E12000004
NG17 4DJ,E07000170,E12000004
NG24 2HP,E07000175,E12000004
NG7 1LA,E06000018,E12000004
NG8 5BG,E06000018,E12000004
NG15 7TL,E07000170,E12000004
NG16 1LF,E07000172,E12000004
NG22 8FA,E07000175,E12000004
NG23 5LT,E07000176,E12000004
NG5 4HQ,E07000173,E12000004
NG5 5LH,E06000018,E12000004
NG5 9RP,E06000018,E12000004
NG12 3FJ,E07000176,E12000004
NG12 5LN,E07000176,E12000004
NG4 1NF,E07000173,E12000004
NG1 5FF,E06000018,E12000004
NG19 0QQ,E07000174,E12000004
NG19 8FF,E07000174,E12000004
S81 9AG,E07000171,E12000004
NG14 6EQ,E07000173,E12000004
NG15 6JX,E07000170,E12000004
NG15 8GP,E07000170,E12000004
NG15 9DX,E07000173,E12000004
NG16 2RW,E07000172,E12000004
NG5 3DB,E06000018,E12000004
NG6 7DG,E06000018,E12000004
NG6 7DJ,E06000018,E12000004
NG6 8AT,E06000018,E12000004
S81 9FS,E07000171,E12000004
NG1 5BH,E06000018,E12000004
NG19 7RZ,E07000174,E12000004
NG9 1LU,E07000172,E12000004
LE12 6WB,E07000176,E12000004
NG14 7DS,E07000175,E12000004
NG15 8DE,E07000170,E12000004
NG15 9BQ,E07000173,E12000004
NG23 6RP,E07000171,E12000004
NG6 0AW,E06000018,E12000004
NG6 0GR,E06000018,E12000004
NG6 9HP,E06000018,E12000004
NG1 4DR,E06000018,E12000004
NG18 3QS,E07000174,E12000004
NG18 4UH,E07000174,E12000004
NG15 6AW,E07000170,E12000004
NG15 9AJ,E07000173,E12000004
NG16 3GR,E07000172,E12000004
NG22 8QB,E07000175,E12000004
NG22 9AE,E07000175,E12000004
NG5 6EF,E06000018,E12000004
S81 9DD,E07000171,E12000004
NG1 1JW,E06000018,E12000004
NG17 1LH,E07000170,E12000004
NG24 3ER,E07000175,E12000004
NG24 3JQ,E07000175,E12000004
NG24 4GN,E07000175,E12000004
NG3 4JY,E06000018,E12000004
NG3 7GH,E06000018,E12000004
NG7 1FE,E06000018,E12000004
NG9 1AU,E07000172,E12000004
NG21 9LH,E07000175,E12000004
NG21 9SD,E07000175,E12000004
NG22 0LX,E07000171,E12000004
NG22 9WQ,E07000175,E12000004
S81 9TA,E07000171,E12000004
NG18 5NX,E07000174,E12000004
NG9 5FU,E07000172,E12000004
NG9 7GN,E07000172,E12000004
NG17 1NU,E07000170,E12000004
NG17 9EH,E07000170,E12000004
NG7 5AW,E06000018,E12000004
NG8 2PQ,E06000018,E12000004
NG13 9NG,E07000176,E12000004
NG2 5JJ,E07000176,E12000004
NG4 2DP,E07000173,E12000004
NG4 4HB,E07000173,E12000004
NG24 4QS,E07000175,E12000004
NG7 6HT,E06000018,E12000004
NG12 1AX,E07000176,E12000004
NG20 0FH,E07000174,E12000004
NG17 4FG,E07000170,E12000004
NG12 5BL,E07000176,E12000004
NG4 3QQ,E07000173,E12000004
NG5 1HY,E06000018,E12000004
S80 2ED,E07000171,E12000004
NG13 8FF,E07000176,E12000004
NG16 1EW,E07000172,E12000004
NG16 1RS,E07000172,E12000004
NG16 2RD,E07000172,E12000004
NG2 3EB,E06000018,E12000004
NG8 4BS,E06000018,E12000004
NG8 5PR,E06000018,E12000004
NG11 0DL,E07000176,E12000004
NG17 9BE,E07000170,E12000004
NG4 2SJ,E07000173,E12000004
NG4 4QB,E07000173,E12000004
NG9 8JL,E07000172,E12000004
NG15 9BP,E07000173,E12000004
NG2 4HH,E06000018,E12000004
NG7 5GA,E06000018,E12000004
NG7 5RZ,E06000018,E12000004
NG8 2RX,E06000018,E12000004
NG1 5JT,E06000018,E12000004
NG17 7JR,E07000170,E12000004
NG22 8FF,E07000175,E12000004
NG22 8HJ,E07000175,E12000004
NG22 8PL,E07000175,E12000004
NG16 2RG,E07000172,E12000004
NG2 5FW,E07000176,E12000004
NG8 2PB,E06000018,E12000004
NG1 7AW,E06000018,E12000004
NG17 7GJ,E07000170,E12000004
NG17 7JQ,E07000170,E12000004
NG22 0RH,E07000171,E12000004
NG22 9LL,E07000175,E12000004
NG22 9LR,E07000175,E12000004
NG9 1GX,E07000172,E12000004
NG9 2RE,E07000172,E12000004
NG9 3HR,E07000172,E12000004
NG9 5HW,E07000172,E12000004
NG9 8GG,E07000172,E12000004
LE12 5QA,E07000176,E12000004
NG12 4FE,E07000176,E12000004
NG18 2PH,E07000174,E12000004
NG18 4SY,E07000174,E12000004
NG24 2UF,E07000175,E12000004
NG3 5SQ,E07000173,E12000004
NG3 6BW,E07000173,E12000004
NG3 6NY,E07000173,E12000004
NG5 5QU,E06000018,E12000004
S81 0JW,E07000171,E12000004
S81 7AZ,E07000171,E12000004
NG11 6QB,E07000176,E12000004
NG12 2AJ,E07000176,E12000004
NG18 3FP,E07000174,E12000004
NG19 8JX,E07000174,E12000004
NG19 9ET,E07000174,E12000004
NG3 5BW,E06000018,E12000004
NG6 7DB,E06000018,E12000004
NG6 7DH,E06000018,E12000004
NG6 8GT,E06000018,E12000004
S81 0QH,E07000171,E12000004
S81 7LT,E07000171,E12000004
LE12 6HL,E07000176,E12000004
NG11 8BT,E06000018,E12000004
NG19 8JT,E07000174,E12000004
NG5 5HS,E06000018,E12000004
NG5 9DX,E06000018,E12000004
NG6 7DX,E06000018,E12000004
NG15 7GW,E07000170,E12000004
NG2 1RW,E06000018,E12000004
NG7 5PJ,E06000018,E12000004
NG7 6FY,E06000018,E12000004
NG8 5PS,E06000018,E12000004
NG16 3SE,E07000172,E12000004
NG17 2AL,E07000170,E12000004
NG17 9FQ,E07000170,E12000004
NG23 7JU,E07000175,E12000004
NG23 7RN,E07000175,E12000004
NG9 1GJ,E07000172,E12000004
NG9 8BW,E07000172,E12000004
LE12 6QS,E07000176,E12000004
NG11 9HG,E06000018,E12000004
NG19 6HN,E07000174,E12000004
NG3 1NZ,E06000018,E12000004
NG5 9ET,E06000018,E12000004
NG5 9LW,E06000018,E12000004
S80 2NS,E07000171,E12000004
NG11 8QR,E06000018,E12000004
NG13 8EU,E07000176,E12000004
NG13 9FD,E07000176,E12000004
NG2 6JR,E07000176,E12000004
NG2 6LA,E07000176,E12000004
NG2 7FL,E07000176,E12000004
NG14 7BL,E07000175,E12000004
NG16 1FE,E07000172,E12000004
NG16 3GE,E07000172,E12000004
NG5 8AL,E07000173,E12000004
NG12 3UA,E07000176,E12000004
NG2 6SG,E07000176,E12000004
S80 1NR,E07000171,E12000004
NG21 0UX,E07000174,E12000004
NG21 9RE,E07000175,E12000004
NG5 8AX,E07000173,E12000004
NG6 8TR,E07000173,E12000004
NG2 2AB,E06000018,E12000004
NG21 0QE,E07000175,E12000004
NG15 6AY,E07000170,E12000004
NG23 6QU,E07000175,E12000004
NG5 6LS,E07000173,E12000004
NG7 3FW,E06000018,E12000004
NG3 3PL,E06000018,E12000004
NG9 4BN,E07000172,E12000004
NG9 5AR,E07000172,E12000004
NG17 5JY,E07000170,E12000004
NG17 9FT,E07000170,E12000004
NG7 7FR,E06000018,E12000004
S81 9FJ,E07000171,E12000004
NG19 6EA,E07000174,E12000004
NG19 7RL,E07000174,E12000004
NG3 7DN,E06000018,E12000004
NG3 7DW,E06000018,E12000004
NG3 7HF,E06000018,E12000004
NG17 1NL,E07000170,E12000004
NG18 2QR,E07000174,E12000004
NG19 0HB,E07000174,E12000004
NG19 9RU,E07000174,E12000004
NG25 0FS,E07000175,E12000004
NG12 3HT,E07000176,E12000004
NG2 4PZ,E06000018,E12000004
NG15 8DW,E07000170,E12000004
NG15 8JS,E07000170,E12000004
NG15 9AY,E07000173,E12000004
NG16 2ER,E07000172,E12000004
NG16 2PB,E07000172,E12000004
NG23 6LP,E07000175,E12000004
NG24 2BX,E07000175,E12000004
NG5 4DE,E06000018,E12000004
NG5 5UA,E06000018,E12000004
NG5 8BR,E07000173,E12000004
NG16 5LA,E07000170,E12000004
NG17 5AB,E07000170,E12000004
NG18 1NQ,E07000174,E12000004
NG7 5DS,E06000018,E12000004
S81 8DU,E07000171,E12000004
NG9 5GU,E07000172,E12000004
NG2 7HJ,E07000176,E12000004
NG7 2RP,E06000018,E12000004
NG7 2UD,E06000018,E12000004
NG7 7GJ,E06000018,E12000004
NG8 2AD,E06000018,E12000004
NG8 2RP,E07000172,E12000004
NG8 5JU,E06000018,E12000004
NG8 5QU,E06000018,E12000004
NG18 1EE,E07000174,E12000004
NG24 2FZ,E07000175,E12000004
NG24 2GL,E07000175,E12000004
NG11 9NE,E06000018,E12000004
NG12 1AT,E07000176,E12000004
NG13 8WJ,E07000176,E12000004
NG17 7PR,E07000170,E12000004
NG5 2HF,E06000018,E12000004
NG5 5JT,E06000018,E12000004
NG5 8AG,E07000173,E12000004
NG19 0AB,E07000174,E12000004
NG19 7AL,E07000174,E12000004
NG19 9NZ,E07000174,E12000004
NG14 7GG,E07000175,E12000004
NG15 6FL,E07000170,E12000004
NG22 9UU,E07000175,E12000004
NG4 2QW,E07000173,E12000004
NG9 8HE,E07000172,E12000004
NG18 3LJ,E07000174,E12000004
NG18 4JB,E07000174,E12000004
NG19 6BZ,E07000174,E12000004
NG19 7AT,E07000174,E12000004
NG15 6NY,E07000170,E12000004
NG16 2WA,E07000172,E12000004
NG16 3GX,E07000172,E12000004
NG12 3GA,E07000176,E12000004
NG13 7AR,E07000176,E12000004
NG2 5LB,E07000176,E12000004
NG20 0AX,E07000174,E12000004
NG21 0AT,E07000175,E12000004
NG7 2LD,E06000018,E12000004
NG8 5GP,E06000018,E12000004
NG17 7RJ,E07000170,E12000004
NG24 3PE,E07000175,E12000004
NG3 6BU,E07000173,E12000004
NG3 6NB,E07000173,E12000004
NG5 9HA,E06000018,E12000004
NG6 0FL,E06000018,E12000004
NG18 3RL,E07000174,E12000004
NG18 5DA,E07000174,E12000004
NG19 0FQ,E07000174,E12000004
NG19 6HT,E07000174,E12000004
NG19 8DR,E07000174,E12000004
NG19 9LD,E07000174,E12000004
NG15 6HP,E07000170,E12000004
NG15 8AT,E07000170,E12000004
NG16 1JR,E07000172,E12000004
NG21 9QA,E07000175,E12000004
NG23 5NQ,E07000175,E12000004
NG5 1AU,E06000018,E12000004
NG9 8JS,E07000172,E12000004
NG20 0SH,E07000174,E12000004
NG21 0BL,E07000175,E12000004
NG8 2AN,E06000018,E12000004
NG17 8AZ,E07000170,E12000004
NG17 9FS,E07000170,E12000004
NG3 1NH,E06000018,E12000004
NG5 5AT,E06000018,E12000004
NG5 8UL,E07000173,E12000004
NG6 7AS,E06000018,E12000004
NG6 9DX,E06000018,E12000004
NG18 4SU,E07000174,E12000004
NG14 7EJ,E07000175,E12000004
NG22 9AR,E07000175,E12000004
NG9 2TP,E06000018,E12000004
NG22 0HF,E07000175,E12000004
NG22 8PH,E07000175,E12000004
NG23 5SF,E07000175,E12000004
NG6 9FN,E06000018,E12000004
NG2 5HD,E07000176,E12000004
NG2 7FQ,E07000176,E12000004
NG2 7HA,E07000176,E12000004
NG20 8XB,E07000174,E12000004
NG14 5JJ,E07000173,E12000004
NG15 6GG,E07000170,E12000004
NG15 7QW,E07000170,E12000004
NG16 1DE,E07000172,E12000004
NG16 2FU,E07000172,E12000004
NG11 9JB,E06000018,E12000004
NG12 2BX,E07000176,E12000004
S81 7PS,E07000171,E12000004
NG14 6FN,E07000173,E12000004
NG22 8TQ,E07000175,E12000004
NG24 2AN,E07000175,E12000004
NG6 8RH,E06000018,E12000004
NG7 1AY,E06000018,E12000004
NG12 5EA,E07000176,E12000004
NG13 8PW,E07000176,E12000004
NG13 8QJ,E07000176,E12000004
NG2 4QE,E06000018,E12000004
NG2 7PA,E07000176,E12000004
NG14 5FS,E07000173,E12000004
NG15 7JA,E07000170,E12000004
NG15 7LH,E07000170,E12000004
NG15 9BE,E07000173,E12000004
NG16 2PT,E07000172,E12000004
NG5 9RL,E06000018,E12000004
NG6 0GD,E06000018,E12000004
NG2 6BP,E07000176,E12000004
NG2 6PZ,E07000176,E12000004
NG18 1QU,E07000174,E12000004
NG9 2LJ,E07000172,E12000004
NG16 6RR,E07000170,E12000004
NG17 4GD,E07000170,E12000004
NG24 4HT,E07000175,E12000004
NG3 4HQ,E06000018,E12000004
LE12 6PA,E07000176,E12000004
NG3 5QB,E07000173,E12000004
NG3 6JN,E06000018,E12000004
NG8 6LS,E06000018,E12000004
S80 1XL,E07000171,E12000004
NG11 0HP,E07000176,E12000004
NG19 7AS,E07000174,E12000004
NG9 4DX,E07000172,E12000004
NG9 5DG,E07000172,E12000004
NG17 1HG,E07000170,E12000004
NG17 1NP,E07000170,E12000004
NG17 7JW,E07000170,E12000004
NG24 3RA,E07000175,E12000004
NG3 5DT,E06000018,E12000004
NG18 3HS,E07000174,E12000004
NG9 5GA,E07000172,E12000004
LE12 6HW,E07000176,E12000004
NG17 5JT,E07000170,E12000004
NG8 1ED,E06000018,E12000004
NG3 6DQ,E07000173,E12000004
NG3 6HB,E07000173,E12000004
NG4 2AD,E07000173,E12000004
NG5 1JW,E06000018,E12000004
NG11 9JD,E06000018,E12000004
NG18 3EB,E07000174,E12000004
NG18 5NA,E07000174,E12000004
NG5 5NF,E06000018,E12000004
NG9 8JA,E07000172,E12000004
NG17 1BE,E07000170,E12000004
NG17 5GL,E07000170,E12000004
NG8 3JG,E06000018,E12000004
NG11 7FB,E06000018,E12000004
NG11 9GG,E06000018,E12000004
NG12 1ER,E07000176,E12000004
NG12 4AT,E07000176,E12000004
NG18 4LG,E07000174,E12000004
NG19 6SZ,E07000174,E12000004
NG9 3HH,E07000172,E12000004
NG17 9DX,E07000170,E12000004
NG4 3LN,E07000173,E12000004
NG12 2NU,E07000176,E12000004
NG12 3PE,E07000176,E12000004
NG18 6AJ,E07000174,E12000004
NG19 6RJ,E07000174,E12000004
NG6 0NE,E06000018,E12000004
NG2 4AJ,E06000018,E12000004
NG16 2WW,E07000172,E12000004
NG16 2ZS,E07000172,E12000004
NG22 0NJ,E07000171,E12000004
NG17 4GG,E07000170,E12000004
NG24 3LA,E07000175,E12000004
NG3 6DU,E07000173,E12000004
NG3 7FJ,E06000018,E12000004
NG5 1FE,E06000018,E12000004
NG8 5AQ,E06000018,E12000004
NG19 0LA,E07000174,E12000004
NG19 9HN,E07000174,E12000004
NG5 5QR,E06000018,E12000004
NG5 5SU,E06000018,E12000004
S80 1RH,E07000171,E12000004
NG14 6HZ,E07000173,E12000004
NG15 9GT,E07000173,E12000004
NG22 8AL,E07000175,E12000004
S81 7BB,E07000171,E12000004
S81 7DF,E07000171,E12000004
NG24 2FN,E07000175,E12000004
NG15 7DR,E07000170,E12000004
NG22 0SG,E07000171,E12000004
NG22 8GP,E07000175,E12000004
NG23 6LA,E07000175,E12000004
NG18 4AT,E07000174,E12000004
NG18 4BF,E07000174,E12000004
NG19 7AZ,E07000174,E12000004
NG8 2PW,E06000018,E12000004
NG8 3EE,E06000018,E12000004
NG15 7JQ,E07000170,E12000004
NG11 6FS,E07000176,E12000004
NG18 3RT,E07000174,E12000004
NG18 5JX,E07000174,E12000004
NG9 2JS,E07000172,E12000004
NG17 4ES,E07000170,E12000004
NG18 1AT,E07000174,E12000004
NG7 2JE,E06000018,E12000004
NG14 7DR,E07000175,E12000004
NG23 6EB,E07000175,E12000004
NG23 6ST,E07000175,E12000004
NG5 7AX,E07000173,E12000004
NG6 8FG,E06000018,E12000004
NG18 3QF,E07000174,E12000004
NG19 7LL,E07000174,E12000004
NG9 6DB,E07000172,E12000004
NG17 9BJ,E07000170,E12000004
NG24 5BW,E07000175,E12000004
NG3 5QS,E07000173,E12000004
NG7 1RQ,E06000018,E12000004
NG7 7ER,E06000018,E12000004
NG8 2EP,E06000018,E12000004
NG16 1QL,E07000172,E12000004
NG16 2JU,E07000172,E12000004
NG5 3EW,E06000018,E12000004
NG5 3GR,E06000018,E12000004
NG5 5PF,E06000018,E12000004
NG5 9AE,E06000018,E12000004
NG6 8BB,E06000018,E12000004
NG11 8RT,E06000018,E12000004
NG11 8AH,E06000018,E12000004
NG2 2JL,E06000018,E12000004
NG5 1DU,E06000018,E12000004
S81 7RS,E07000171,E12000004
S81 8LU,E07000171,E12000004
S81 8QT,E07000171,E12000004
NG15 0BS,E07000173,E12000004
NG15 8JG,E07000170,E12000004
NG16 1HX,E07000172,E12000004
NG22 0EF,E07000175,E12000004
NG22 8SS,E07000175,E12000004
NG23 6RY,E07000171,E12000004
NG5 4LA,E07000173,E12000004
NG12 3UP,E07000176,E12000004
NG12 5JT,E07000176,E12000004
NG21 0LA,E07000175,E12000004
NG5 1AB,E06000018,E12000004
S81 7FR,E07000171,E12000004
S81 7QP,E07000171,E12000004
NG1 2DA,E06000018,E12000004
NG19 6QR,E07000174,E12000004
NG9 5BZ,E07000172,E12000004
S80 1HQ,E07000171,E12000004
LE12 6XP,E07000176,E12000004
NG24 4LT,E07000175,E12000004
NG14 7FS,E07000175,E12000004
NG21 9DG,E07000175,E12000004
NG22 8QY,E07000175,E12000004
NG22 9PQ,E07000175,E12000004
NG24 1DU,E07000175,E12000004
NG5 5GA,E06000018,E12000004
NG5 5QA,E06000018,E12000004
NG5 8PR,E07000173,E12000004
NG6 8EG,E06000018,E12000004
NG20 9QQ,E07000174,E12000004
NG16 6BT,E07000170,E12000004
NG18 2AN,E07000174,E12000004
NG19 6HG,E07000174,E12000004
NG21 9FS,E07000175,E12000004
NG22 9XG,E07000175,E12000004
NG5 1FT,E06000018,E12000004
NG9 6RX,E07000172,E12000004
NG17 2EG,E07000170,E12000004
NG24 4PP,E07000175,E12000004
NG3 6FR,E07000173,E12000004
NG7 5AU,E06000018,E12000004
NG8 3HP,E06000018,E12000004
NG13 8AR,E07000176,E12000004
NG19 0GD,E07000174,E12000004
NG21 9QH,E07000175,E12000004
NG21 9SR,E07000175,E12000004
NG23 6JD,E07000175,E12000004
NG4 4GN,E07000173,E12000004
NG5 2AG,E06000018,E12000004
NG9 8GW,E07000172,E12000004
NG9 8LJ,E07000172,E12000004
NG9 1AS,E07000172,E12000004
NG11 7AL,E06000018,E12000004
NG12 3LX,E07000176,E12000004
NG12 4FW,E07000176,E12000004
NG12 5JB,E07000176,E12000004
NG12 5SU,E07000176,E12000004
NG13 9HD,E07000176,E12000004
NG21 0TR,E07000175,E12000004
NG22 0BQ,E07000175,E12000004
NG22 8AE,E07000175,E12000004
NG23 5LN,E07000176,E12000004
NG9 5JP,E07000172,E12000004
S80 3QQ,E07000171,E12000004
NG1 3GL,E06000018,E12000004
NG14 7FA,E07000175,E12000004
NG5 5BQ,E06000018,E12000004
NG5 8UJ,E07000173,E12000004
NG17 2FG,E07000170,E12000004
NG2 7LQ,E07000176,E12000004
NG24 3FW,E07000175,E12000004
NG11 7BP,E06000018,E12000004
NG11 7HL,E07000176,E12000004
NG11 8GJ,E06000018,E12000004
NG12 5BH,E07000176,E12000004
NG19 0BY,E07000174,E12000004
NG19 9NA,E07000174,E12000004
NG23 6EX,E07000175,E12000004
NG4 1JJ,E07000173,E12000004
NG5 1GT,E06000018,E12000004
NG9 1PU,E07000172,E12000004
NG1 5LN,E06000018,E12000004
NG6 9BE,E06000018,E12000004
LE14 3BG,E07000176,E12000004
NG14 7BU,E07000175,E12000004
NG16 2NZ,E07000172,E12000004
NG5 6HL,E07000173,E12000004
S80 1UQ,E07000171,E12000004
NG14 7JQ,E07000175,E12000004
NG5 5DH,E06000018,E12000004
NG5 6RT,E07000173,E12000004
NG12 1EF,E07000176,E12000004
NG12 2GR,E07000176,E12000004
NG19 9HG,E07000174,E12000004
NG11 6EZ,E07000176,E12000004
NG2 5HW,E07000176,E12000004
NG9 7EF,E07000172,E12000004
NG11 7BR,E06000018,E12000004
NG11 7EH,E06000018,E12000004
NG18 2DE,E07000174,E12000004
NG2 7QP,E07000176,E12000004
NG9 2SR,E06000018,E12000004
NG11 7BX,E06000018,E12000004
NG11 9AH,E06000018,E12000004
NG12 4HN,E07000176,E12000004
NG12 4LP,E07000176,E12000004
NG12 5JJ,E07000176,E12000004
NG18 4RR,E07000174,E12000004
NG19 7JW,E07000174,E12000004
NG9 8JF,E07000172,E12000004
NG12 2HH,E07000176,E12000004
NG19 7GP,E07000174,E12000004
NG1 3JR,E06000018,E12000004
NG21 0RL,E07000175,E12000004
NG9 6GL,E07000172,E12000004
S80 3QX,E07000171,E12000004
NG17 7LD,E07000170,E12000004
NG8 5SD,E06000018,E12000004
LE14 3AQ,E07000176,E12000004
NG17 5AW,E07000170,E12000004
NG17 7RF,E07000170,E12000004
NG24 4HL,E07000175,E12000004
NG25 0LQ,E07000175,E12000004
NG3 2ET,E06000018,E12000004
NG7 3PU,E06000018,E12000004
NG8 4DR,E07000172,E12000004
S81 7RN,E07000171,E12000004
NG15 7EP,E07000170,E12000004
NG24 1HB,E07000175,E12000004
NG6 8HP,E06000018,E12000004
NG17 4EQ,E07000170,E12000004
S81 7LB,E07000171,E12000004
S81 8PL,E07000171,E12000004
NG14 6AP,E07000175,E12000004
NG14 6NT,E07000173,E12000004
NG17 1HN,E07000170,E12000004
NG17 2TQ,E07000170,E12000004
NG17 4ET,E07000170,E12000004
NG25 0JZ,E07000175,E12000004
NG3 3DZ,E06000018,E12000004
NG8 2QQ,E06000018,E12000004
NG8 3GS,E06000018,E12000004
NG8 5GD,E06000018,E12000004
LE12 6WR,E07000176,E12000004
NG14 6LG,E07000173,E12000004
NG15 8EH,E07000170,E12000004
NG22 0HE,E07000175,E12000004
NG23 6SY,E07000175,E12000004
NG6 8DW,E06000018,E12000004
S81 0TF,E07000171,E12000004
NG14 5GY,E07000175,E12000004
NG16 3LB,E07000172,E12000004
NG21 9BZ,E07000175,E12000004
NG5 6TH,E07000173,E12000004
NG14 5GQ,E07000173,E12000004
NG14 7BD,E07000175,E12000004
NG16 3FL,E07000172,E12000004
NG2 6AN,E07000176,E12000004
NG2 6TB,E07000176,E12000004
NG2 7HZ,E07000176,E12000004
NG21 0PE,E07000175,E12000004
NG13 8FE,E07000176,E12000004
NG13 9HS,E07000176,E12000004
NG18 2RT,E07000174,E12000004
NG9 2BH,E07000172,E12000004
NG9 4DJ,E07000172,E12000004
NG15 0AT,E07000170,E12000004
NG16 2DL,E07000172,E12000004
NG16 2NH,E07000172,E12000004
NG2 6LR,E07000176,E12000004
NG4 3NE,E07000173,E12000004
NG4 3PS,E07000173,E12000004
NG11 8TD,E06000018,E12000004
NG13 8TX,E07000176,E12000004
NG18 4AD,E07000174,E12000004
NG18 4SW,E07000174,E12000004
NG19 7HA,E07000174,E12000004
NG19 8AD,E07000174,E12000004
NG19 9JH,E07000174,E12000004
NG9 1QX,E07000172,E12000004
NG15 6WW,E07000170,E12000004
NG16 2YP,E07000172,E12000004
NG4 3FE,E07000173,E12000004
NG19 0PF,E07000174,E12000004
S80 2BA,E07000171,E12000004
NG22 9HB,E07000175,E12000004
NG5 5DE,E06000018,E12000004
NG5 9EJ,E06000018,E12000004
NG6 0EQ,E06000018,E12000004
NG15 6BJ,E07000170,E12000004
NG16 2XG,E07000172,E12000004
NG2 5NA,E07000176,E12000004
NG4 3JU,E07000173,E12000004
NG4 4NR,E07000173,E12000004
NG9 3JB,E07000172,E12000004
NG9 5FL,E07000172,E12000004
NG5 5DD,E06000018,E12000004
NG6 8SQ,E06000018,E12000004
NG6 8YH,E06000018,E12000004
NG1 3FH,E06000018,E12000004
NG3 2NS,E06000018,E12000004
NG3 6BY,E07000173,E12000004
NG7 6BL,E06000018,E12000004
NG7 7BN,E06000018,E12000004
NG8 1BX,E06000018,E12000004
S81 7HL,E07000171,E12000004
NG1 4BU,E06000018,E12000004
NG1 6FH,E06000018,E12000004
NG11 6AF,E07000176,E12000004
NG17 2DX,E07000170,E12000004
NG17 2ST,E07000170,E12000004
NG3 1NF,E06000018,E12000004
NG3 2BS,E06000018,E12000004
NG7 2JX,E06000018,E12000004
NG23 7AZ,E07000175,E12000004
NG5 3DJ,E06000018,E12000004
NG5 4JR,E07000173,E12000004
NG17 7PD,E07000170,E12000004
NG3 5SY,E07000173,E12000004
NG7 3PB,E06000018,E12000004
NG7 6HW,E06000018,E12000004
NG8 2SE,E06000018,E12000004
NG8 4HX,E06000018,E12000004
NG8 5AP,E06000018,E12000004
NG8 5DD,E06000018,E12000004
NG22 8JQ,E07000175,E12000004
NG5 9PN,E07000173,E12000004
S81 0AF,E07000171,E12000004
LE12 6RN,E07000176,E12000004
NG3 5HY,E06000018,E12000004
NG8 5HN,E06000018,E12000004
NG8 6LD,E06000018,E12000004
NG9 1BT,E07000172,E12000004
LE12 6RG,E07000176,E12000004
NG1 1DG,E06000018,E12000004
NG1 1GG,E06000018,E12000004
NG17 7AR,E07000170,E12000004
NG24 3LX,E07000175,E12000004
NG19 0PY,E07000174,E12000004
S81 7JN,E07000171,E12000004
NG11 6HQ,E07000176,E12000004
NG17 3EQ,E07000170,E12000004
NG24 4HR,E07000175,E12000004
NG8 5NE,E06000018,E12000004
NG18 3BY,E07000174,E12000004
NG9 3HA,E07000172,E12000004
S81 8PS,E07000171,E12000004
NG17 1NF,E07000170,E12000004
NG17 8PP,E07000170,E12000004
NG24 2LG,E07000175,E12000004
NG7 6FN,E06000018,E12000004
NG8 2FA,E06000018,E12000004
NG8 5LL,E06000018,E12000004
NG19 8BU,E07000174,E12000004
NG19 8JJ,E07000174,E12000004
NG12 3HA,E07000176,E12000004
NG2 3EW,E06000018,E12000004
NG2 7JU,E07000176,E12000004
NG4 3LL,E07000173,E12000004
NG5 1BE,E06000018,E12000004
NG15 7TJ,E07000170,E12000004
NG21 9DU,E07000175,E12000004
NG23 5NS,E07000175,E12000004
NG17 2GF,E07000170,E12000004
NG17 3FN,E07000170,E12000004
NG17 8EE,E07000170,E12000004
NG17 8NW,E07000170,E12000004
NG24 3AN,E07000175,E12000004
NG24 4LX,E07000175,E12000004
NG3 2HS,E06000018,E12000004
NG8 6AN,E06000018,E12000004
NG19 7DQ,E07000174,E12000004
NG9 2EE,E07000172,E12000004
NG9 3TG,E07000172,E12000004
NG9 8JT,E07000172,E12000004
NG9 8LS,E07000172,E12000004
NG2 4FU,E06000018,E12000004
NG21 0AQ,E07000175,E12000004
NG16 3DD,E07000172,E12000004
NG23 7HL,E07000175,E12000004
NG5 2NA,E06000018,E12000004
NG5 7HP,E07000173,E12000004
NG11 8LY,E06000018,E12000004
NG13 8BP,E07000176,E12000004
NG2 7FF,E07000176,E12000004
NG15 6TX,E07000170,E12000004
NG2 2HX,E06000018,E12000004
NG2 5HL,E07000176,E12000004
NG5 1NW,E06000018,E12000004
NG15 8FD,E07000173,E12000004
NG21 9RY,E07000175,E12000004
NG24 1WN,E07000175,E12000004
NG6 9ED,E06000018,E12000004
NG11 6GT,E07000176,E12000004
NG9 3HU,E07000172,E12000004
NG9 7GL,E07000172,E12000004
NG12 3SE,E07000176,E12000004
NG12 3US,E07000176,E12000004
NG13 8TF,E07000176,E12000004
NG21 0RP,E07000175,E12000004
NG22 0RZ,E07000171,E12000004
NG5 4AF,E06000018,E12000004
NG6 9HH,E06000018,E12000004
NG19 9RX,E07000174,E12000004
NG2 3NJ,E06000018,E12000004
NG2 7QG,E07000176,E12000004
NG4 2QT,E07000173,E12000004
NG16 6BQ,E07000170,E12000004
NG17 1GR,E07000170,E12000004
NG22 0AY,E07000175,E12000004
NG24 1SX,E07000175,E12000004
NG18 5SU,E07000174,E12000004
NG9 5LE,E07000172,E12000004
S80 1LR,E07000171,E12000004
S80 1TQ,E07000171,E12000004
S80 1YG,E07000171,E12000004
NG11 6QD,E07000176,E12000004
NG12 2FE,E07000176,E12000004
NG12 3SS,E07000176,E12000004
NG13 8HN,E07000176,E12000004
NG16 5DW,E07000170,E12000004
NG18 4EQ,E07000174,E12000004
NG19 0HP,E07000174,E12000004
NG19 6BJ,E07000174,E12000004
NG9 1EN,E07000172,E12000004
NG13 8RD,E07000176,E12000004
NG13 9FT,E07000176,E12000004
NG2 7FX,E07000176,E12000004
NG4 2FZ,E07000173,E12000004
NG24 4QT,E07000175,E12000004
NG7 2TJ,E06000018,E12000004
NG8 6FH,E06000018,E12000004
S81 0UF,E07000171,E12000004
NG17 7AH,E07000170,E12000004
NG17 7JX,E07000170,E12000004
NG22 0EQ,E07000175,E12000004
NG23 6FN,E07000175,E12000004
NG24 1QL,E07000175,E12000004
NG5 8PP,E07000173,E12000004
NG6 9GS,E06000018,E12000004
NG14 5JF,E07000173,E12000004
NG15 6XQ,E07000170,E12000004
NG16 3QW,E07000172,E12000004
NG24 3QE,E07000175,E12000004
NG3 2AZ,E06000018,E12000004
NG3 6HQ,E07000173,E12000004
NG7 2LX,E06000018,E12000004
NG7 5EB,E06000018,E12000004
NG8 2QY,E06000018,E12000004
NG17 2PZ,E07000170,E12000004
NG23 6PT,E07000175,E12000004
NG5 6PH,E07000173,E12000004
NG6 8GW,E06000018,E12000004
NG16 2JR,E07000172,E12000004
NG24 4QE,E07000175,E12000004
NG24 4TP,E07000175,E12000004
NG7 1EE,E06000018,E12000004
NG7 2JY,E06000018,E12000004
NG7 7JB,E06000018,E12000004
NG8 2SQ,E06000018,E12000004
NG8 4EW,E06000018,E12000004
NG8 5DR,E06000018,E12000004
NG25 0SD,E07000175,E12000004
NG3 5QL,E06000018,E12000004
NG7 2JA,E06000018,E12000004
NG7 4ED,E06000018,E12000004
NG8 5QN,E06000018,E12000004
S81 9QP,E07000171,E12000004
LE12 6AW,E07000176,E12000004
NG12 5RE,E07000176,E12000004
NG13 7BN,E07000176,E12000004
NG18 2RY,E07000174,E12000004
NG19 0LU,E07000174,E12000004
NG22 0GT,E07000171,E12000004
NG23 7QH,E07000175,E12000004
NG11 0HL,E07000176,E12000004
NG17 1EY,E07000170,E12000004
NG5 2AY,E06000018,E12000004
NG9 2DB,E07000172,E12000004
NG9 6LG,E07000172,E12000004
NG9 6RD,E07000172,E12000004
NG25 0QD,E07000175,E12000004
NG25 0ST,E07000175,E12000004
NG3 6BB,E07000173,E12000004
NG8 6QL,E06000018,E12000004
NG13 8TG,E07000176,E12000004
NG18 6AB,E07000174,E12000004
NG23 7JW,E07000175,E12000004
NG6 8PW,E06000018,E12000004
S81 0LN,E07000171,E12000004
S81 8TB,E07000171,E12000004
NG17 9HS,E07000170,E12000004
NG2 5FY,E07000176,E12000004
NG9 7BG,E07000172,E12000004
NG24 3DR,E07000175,E12000004
NG24 4TA,E07000175,E12000004
NG25 0JG,E07000175,E12000004
NG3 1LD,E06000018,E12000004
NG3 5SH,E07000173,E12000004
NG3 6GF,E07000173,E12000004
NG11 9FW,E06000018,E12000004
NG13 8ZH,E07000176,E12000004
NG18 3DX,E07000174,E12000004
NG22 9RS,E07000175,E12000004
NG5 6GQ,E07000173,E12000004
S81 8LQ,E07000171,E12000004
NG11 0HS,E07000176,E12000004
NG2 7GX,E07000176,E12000004
NG4 2PJ,E07000173,E12000004
NG14 6GY,E07000173,E12000004
NG14 7EX,E07000175,E12000004
NG15 7DE,E07000170,E12000004
NG9 2SS,E06000018,E12000004
NG9 7EA,E07000172,E12000004
NG3 7AJ,E06000018,E12000004
NG7 2PL,E06000018,E12000004
NG12 2FS,E07000176,E12000004
NG12 2GU,E07000176,E12000004
NG18 2ER,E07000174,E12000004
NG19 0LT,E07000174,E12000004
NG19 8AS,E07000174,E12000004
S81 0HF,E07000171,E12000004
S81 9EB,E07000171,E12000004
NG17 5AA,E07000170,E12000004
NG2 6LQ,E07000176,E12000004
NG2 6NQ,E07000176,E12000004
NG2 7RF,E07000176,E12000004
NG16 1HU,E07000172,E12000004
NG24 3TE,E07000175,E12000004
NG24 3TR,E07000175,E12000004
NG7 6NS,E06000018,E12000004
NG15 6WT,E07000170,E12000004
NG16 1JW,E07000172,E12000004
NG16 2EZ,E07000172,E12000004
NG19 9DY,E07000174,E12000004
NG24 3PA,E07000175,E12000004
NG25 0EF,E07000175,E12000004
NG3 3DQ,E06000018,E12000004
NG3 4GJ,E06000018,E12000004
S80 1SB,E07000171,E12000004
LE12 5QL,E07000176,E12000004
NG15 9DG,E07000173,E12000004
NG24 4QH,E07000175,E12000004
NG5 9AH,E06000018,E12000004
S80 1SW,E07000171,E12000004
S80 1UD,E07000171,E12000004
LE14 3AL,E07000176,E12000004
NG12 1EA,E07000176,E12000004
NG12 2JH,E07000176,E12000004
NG16 1JX,E07000172,E12000004
NG16 2YT,E07000172,E12000004
NG19 8QT,E07000174,E12000004
NG24 2GS,E07000175,E12000004
NG5 5WN,E06000018,E12000004
NG5 8BD,E07000173,E12000004
NG5 1HB,E06000018,E12000004
NG5 2EZ,E06000018,E12000004
NG12 4HB,E07000176,E12000004
NG4 2LE,E07000173,E12000004
NG17 1JJ,E07000170,E12000004
NG17 3DZ,E07000170,E12000004
NG17 7DJ,E07000170,E12000004
NG17 7PL,E07000170,E12000004
NG17 8RR,E07000170,E12000004
NG21 9NW,E07000175,E12000004
NG22 0HS,E07000171,E12000004
NG22 0JS,E07000171,E12000004
NG24 2DT,E07000175,E12000004
NG9 3AZ,E07000172,E12000004
NG2 6LT,E07000176,E12000004
NG7 6BG,E06000018,E12000004
S81 7DY,E07000171,E12000004
NG1 2JR,E06000018,E12000004
NG7 1DG,E06000018,E12000004
NG8 6JS,E06000018,E12000004
NG18 1RD,E07000174,E12000004
NG18 3PD,E07000174,E12000004
NG18 5JB,E07000174,E12000004
NG19 0GG,E07000174,E12000004
NG24 3HX,E07000175,E12000004
NG24 3XT,E07000175,E12000004
NG24 4NA,E07000175,E12000004
NG25 0DD,E07000175,E12000004
NG3 3DN,E06000018,E12000004
NG5 5DB,E06000018,E12000004
NG5 8EJ,E07000173,E12000004
NG12 2JL,E07000176,E12000004
NG12 3PP,E07000176,E12000004
NG17 3HQ,E07000170,E12000004
NG17 8RF,E07000170,E12000004
NG9 2SU,E06000018,E12000004
NG9 8BQ,E07000172,E12000004
S81 9JG,E07000171,E12000004
NG1 5AS,E06000018,E12000004
NG9 1AG,E07000172,E12000004
NG22 9BZ,E07000175,E12000004
NG22 9QG,E07000175,E12000004
NG23 6NP,E07000175,E12000004
NG7 1DY,E06000018,E12000004
NG7 1GT,E06000018,E12000004
NG8 6QF,E06000018,E12000004
NG2 5DA,E07000176,E12000004
NG4 1EJ,E07000173,E12000004
NG4 1LB,E07000173,E12000004
NG15 7QQ,E07000170,E12000004
NG15 8HH,E07000170,E12000004
NG15 9HA,E07000173,E12000004
NG22 9RH,E07000175,E12000004
NG23 6LQ,E07000175,E12000004
NG24 2DQ,E07000175,E12000004
NG11 7EU,E06000018,E12000004
NG4 4GL,E07000173,E12000004
NG14 6QX,E07000173,E12000004
NG15 7BD,E07000170,E12000004
NG24 1RH,E07000175,E12000004
NG12 3ES,E07000176,E12000004
NG12 3PG,E07000176,E12000004
NG13 8ZG,E07000176,E12000004
NG2 7DQ,E07000176,E12000004
NG21 0EZ,E07000175,E12000004
NG21 0SY,E07000175,E12000004
NG5 1EJ,E06000018,E12000004
NG14 7DH,E07000175,E12000004
NG8 1DF,E06000018,E12000004
NG11 7AJ,E06000018,E12000004
NG12 3DN,E07000176,E12000004
NG12 3ET,E07000176,E12000004
NG4 1PF,E07000173,E12000004
NG11 6HE,E07000176,E12000004
NG18 2FH,E07000174,E12000004
NG9 5JU,E07000172,E12000004
S81 7GD,E07000171,E12000004
S81 8UA,E07000171,E12000004
NG17 2DP,E07000170,E12000004
NG24 3BS,E07000175,E12000004
NG19 8ED,E07000174,E12000004
LE12 6NH,E07000176,E12000004
NG17 3NS,E07000170,E12000004
NG17 8QF,E07000170,E12000004
S80 2UA,E07000171,E12000004
S81 0TD,E07000171,E12000004
NG17 8SX,E07000170,E12000004
NG25 0JN,E07000175,E12000004
NG5 3HY,E06000018,E12000004
S80 2TT,E07000171,E12000004
NG9 6HP,E07000172,E12000004
S81 8FL,E07000171,E12000004
S81 9DG,E07000171,E12000004
NG16 6DZ,E07000170,E12000004
NG17 3GG,E07000170,E12000004
NG17 8RT,E07000170,E12000004
NG3 6HZ,E07000173,E12000004
NG5 8JE,E07000173,E12000004
NG6 0FE,E06000018,E12000004
NG6 7FB,E06000018,E12000004
NG11 7BY,E06000018,E12000004
NG12 3SD,E07000176,E12000004
NG2 6AJ,E07000176,E12000004
NG20 9PL,E07000174,E12000004
NG4 4LW,E07000173,E12000004
NG24 2SF,E07000175,E12000004
NG3 5UT,E07000173,E12000004
NG3 6FS,E07000173,E12000004
NG11 8RD,E06000018,E12000004
NG12 3BX,E07000176,E12000004
NG4 1NQ,E07000173,E12000004
S80 3QD,E07000171,E12000004
LE12 6NN,E07000176,E12000004
NG24 3QT,E07000175,E12000004
NG7 2FH,E06000018,E12000004
NG7 2QF,E06000018,E12000004
NG8 3LR,E06000018,E12000004
NG14 6NZ,E07000173,E12000004
NG15 6BB,E07000170,E12000004
NG15 6US,E07000170,E12000004
NG22 0DE,E07000175,E12000004
NG5 3HR,E06000018,E12000004
NG5 4ND,E07000173,E12000004
NG12 2QB,E07000176,E12000004
NG12 5NZ,E07000176,E12000004
NG21 0EN,E07000174,E12000004
NG4 4EW,E07000173,E12000004
NG4 4JU,E07000173,E12000004
NG4 4QG,E07000173,E12000004
NG18 2LH,E07000174,E12000004
NG18 5RQ,E07000174,E12000004
NG24 2RE,E07000175,E12000004
NG3 4JR,E06000018,E12000004
NG7 1JQ,E06000018,E12000004
NG12 4AN,E07000176,E12000004
NG12 5QN,E07000176,E12000004
NG2 3ED,E06000018,E12000004
NG4 1JQ,E07000173,E12000004
S80 2TP,E07000171,E12000004
NG24 2HS,E07000175,E12000004
NG24 3JX,E07000175,E12000004
NG24 4GL,E07000175,E12000004
NG7 6NB,E06000018,E12000004
NG8 2EY,E06000018,E12000004
NG8 3AF,E06000018,E12000004
NG15 7FF,E07000170,E12000004
NG15 8AS,E07000170,E12000004
NG16 3PU,E07000172,E12000004
NG22 0LA,E07000171,E12000004
NG24 1HF,E07000175,E12000004
NG5 4LG,E07000173,E12000004
NG5 5DN,E06000018,E12000004
NG5 6EJ,E06000018,E12000004
NG6 8PN,E06000018,E12000004
S81 0PW,E07000171,E12000004
S81 7PJ,E07000171,E12000004
NG16 3GJ,E07000172,E12000004
NG5 3GY,E06000018,E12000004
NG6 8UW,E06000018,E12000004
S81 7RZ,E07000171,E12000004
S81 9SW,E07000171,E12000004
NG9 4EU,E07000172,E12000004
NG22 8PR,E07000175,E12000004
NG22 9UY,E07000175,E12000004
NG23 6QJ,E07000175,E12000004
NG17 7HN,E07000170,E12000004
NG9 5NF,E07000172,E12000004
NG6 0JH,E06000018,E12000004
NG16 6DJ,E07000170,E12000004
NG17 8SH,E07000170,E12000004
NG9 5HN,E07000172,E12000004
NG9 6DN,E07000172,E12000004
NG1 6FS,E06000018,E12000004
NG22 8DZ,E07000175,E12000004
NG22 8RL,E07000175,E12000004
NG4 1RD,E07000173,E12000004
NG4 2GW,E07000173,E12000004
S81 7SX,E07000171,E12000004
S81 8LR,E07000171,E12000004
LE12 6BJ,E07000176,E12000004
NG11 6BP,E07000176,E12000004
NG17 9JE,E07000170,E12000004
NG4 2SU,E07000173,E12000004
NG11 9FJ,E06000018,E12000004
NG13 9DB,E07000176,E12000004
NG18 5AA,E07000174,E12000004
NG18 5QU,E07000174,E12000004
NG18 6BE,E07000174,E12000004
NG19 6HY,E07000174,E12000004
NG19 9QF,E07000174,E12000004
NG3 2PF,E06000018,E12000004
NG9 4HS,E07000172,E12000004
NG9 6BJ,E07000172,E12000004
NG9 6FB,E07000172,E12000004
NG9 6LB,E07000172,E12000004
NG16 6AX,E07000170,E12000004
NG18 1HX,E07000174,E12000004
NG22 0QE,E07000171,E12000004
NG22 8LU,E07000175,E12000004
NG22 9TL,E07000175,E12000004
NG7 1BU,E06000018,E12000004
NG12 2ES,E07000176,E12000004
NG18 4QN,E07000174,E12000004
NG19 0JL,E07000174,E12000004
NG24 3QB,E07000175,E12000004
NG5 4LF,E07000173,E12000004
NG6 9DL,E06000018,E12000004
NG9 4ER,E07000172,E12000004
NG14 6GZ,E07000173,E12000004
NG15 6XF,E07000170,E12000004
NG16 2EX,E07000172,E12000004
NG16 3ER,E07000172,E12000004
NG16 3FN,E07000172,E12000004
NG2 7AP,E07000176,E12000004
NG2 7NU,E07000176,E12000004
S80 2RE,E07000171,E12000004
LE14 3BL,E07000176,E12000004
NG16 3LQ,E07000172,E12000004
NG16 3NN,E07000172,E12000004
NG21 0JJ,E07000175,E12000004
NG17 9GE,E07000170,E12000004
NG7 1NL,E06000018,E12000004
NG13 9AA,E07000176,E12000004
NG18 5GJ,E07000174,E12000004
NG3 5EH,E06000018,E12000004
NG5 6SJ,E07000173,E12000004
NG5 8DJ,E07000173,E12000004
NG9 4DW,E07000172,E12000004
NG9 8PB,E07000172,E12000004
S80 1AY,E07000171,E12000004
NG15 8DJ,E07000170,E12000004
NG11 8LX,E06000018,E12000004
NG12 3HY,E07000176,E12000004
NG19 6AL,E07000174,E12000004
NG5 6LE,E07000173,E12000004
NG9 2HW,E07000172,E12000004
NG14 5AN,E07000173,E12000004
NG14 7JB,E07000175,E12000004
NG15 7QE,E07000170,E12000004
NG2 7SZ,E07000176,E12000004
NG21 0DN,E07000175,E12000004
NG13 9BW,E07000176,E12000004
NG2 4GL,E06000018,E12000004
NG2 6AL,E07000176,E12000004
NG20 0AE,E07000174,E12000004
NG24 4EX,E07000175,E12000004
NG8 1BU,E06000018,E12000004
NG8 2GH,E06000018,E12000004
NG17 1BN,E07000170,E12000004
NG17 7NH,E07000170,E12000004
NG9 6DA,E07000172,E12000004
NG9 8DE,E07000172,E12000004
NG12 4BA,E07000176,E12000004
NG13 8UR,E07000176,E12000004
NG4 4HR,E07000173,E12000004
NG11 6AZ,E07000176,E12000004
NG18 2SF,E07000174,E12000004
NG18 4AP,E07000174,E12000004
NG19 0HL,E07000174,E12000004
NG19 8NF,E07000174,E12000004
NG3 5DA,E06000018,E12000004
NG8 1PF,E06000018,E12000004
NG8 6QQ,E06000018,E12000004
NG22 8EU,E07000175,E12000004
NG22 9RJ,E07000175,E12000004
NG15 7EH,E07000170,E12000004
NG16 2LU,E07000172,E12000004
NG16 2NJ,E07000172,E12000004
NG21 9BD,E07000175,E12000004
NG24 1LA,E07000175,E12000004
NG24 1NG,E07000175,E12000004
NG16 6FH,E07000170,E12000004
NG17 7BE,E07000170,E12000004
NG9 5AJ,E07000172,E12000004
NG13 8TH,E07000176,E12000004
NG13 9FB,E07000176,E12000004
NG20 0BW,E07000174,E12000004
NG4 1PN,E07000173,E12000004
NG4 3SE,E07000173,E12000004
NG5 2BH,E06000018,E12000004
NG18 1TW,E07000174,E12000004
NG19 9DE,E07000174,E12000004
NG24 4JD,E07000175,E12000004
NG25 0SE,E07000175,E12000004
NG8 1JS,E06000018,E12000004
NG14 6LZ,E07000173,E12000004
NG15 9BH,E07000173,E12000004
NG15 9BL,E07000173,E12000004
NG23 5QP,E07000175,E12000004
NG5 5GF,E06000018,E12000004
NG5 9NT,E07000173,E12000004
NG17 8LH,E07000170,E12000004
NG9 3HW,E07000172,E12000004
S81 0XS,E07000171,E12000004
S81 7DP,E07000171,E12000004
NG13 8QE,E07000176,E12000004
NG2 6AH,E07000176,E12000004
NG11 0HJ,E07000176,E12000004
NG18 3JL,E07000174,E12000004
NG24 2LZ,E07000175,E12000004
NG8 2JP,E06000018,E12000004
NG16 1QU,E07000172,E12000004
NG22 8EX,E07000175,E12000004
NG22 9PE,E07000175,E12000004
NG5 5HB,E06000018,E12000004
NG2 6ER,E07000176,E12000004
NG4 1LG,E07000173,E12000004
NG4 3GN,E07000173,E12000004
S81 9GB,E07000171,E12000004
NG15 7UG,E07000170,E12000004
NG16 3PE,E07000172,E12000004
NG21 0WR,E07000175,E12000004
NG22 0DR,E07000175,E12000004
NG22 0JH,E07000171,E12000004
NG5 6NS,E07000173,E12000004
LE12 6JP,E07000176,E12000004
NG11 8PJ,E06000018,E12000004
NG2 4FN,E06000018,E12000004
NG2 6JA,E07000176,E12000004
NG20 0HQ,E07000174,E12000004
NG5 2FX,E06000018,E12000004
S81 9FR,E07000171,E12000004
S81 9GQ,E07000171,E12000004
NG22 0LF,E07000171,E12000004
NG5 9BP,E06000018,E12000004
NG6 7FL,E06000018,E12000004
NG17 3HB,E07000170,E12000004
LE12 6HJ,E07000176,E12000004
NG20 8XE,E07000174,E12000004
NG15 8LF,E07000173,E12000004
NG22 9XJ,E07000175,E12000004
NG6 0EA,E06000018,E12000004
NG18 2BY,E07000174,E12000004
NG9 5JR,E07000172,E12000004
NG11 7BZ,E06000018,E12000004
NG4 2HN,E07000173,E12000004
S81 0AS,E07000171,E12000004
NG15 0EA,E07000170,E12000004
NG23 5RB,E07000175,E12000004
NG23 6PR,E07000175,E12000004
NG5 4LT,E07000173,E12000004
NG5 8AN,E07000173,E12000004
NG24 3GB,E07000175,E12000004
NG3 3DR,E06000018,E12000004
NG7 3GL,E06000018,E12000004
NG8 2PG,E06000018,E12000004
NG8 5NL,E06000018,E12000004
NG18 4BZ,E07000174,E12000004
NG19 8EU,E07000174,E12000004
NG9 2EZ,E07000172,E12000004
NG17 5DT,E07000170,E12000004
NG17 7JS,E07000170,E12000004
NG24 4HX,E07000175,E12000004
NG3 2HF,E06000018,E12000004
NG1 1QS,E06000018,E12000004
NG18 3HY,E07000174,E12000004
NG9 6HY,E07000172,E12000004
NG25 0DP,E07000175,E12000004
NG8 6HR,E06000018,E12000004
S80 2NJ,E07000171,E12000004
NG1 2AB,E06000018,E12000004
NG1 2HB,E06000018,E12000004
NG19 7JG,E07000174,E12000004
NG19 8NU,E07000174,E12000004
NG20 0SX,E07000174,E12000004
NG7 3PW,E06000018,E12000004
NG8 5LG,E06000018,E12000004
NG22 8SP,E07000175,E12000004
NG4 2FL,E07000173,E12000004
NG22 9TJ,E07000175,E12000004
NG12 3PW,E07000176,E12000004
NG2 6FQ,E07000176,E12000004
NG2 7AS,E07000176,E12000004
NG21 0NW,E07000175,E12000004
NG8 2TF,E06000018,E12000004
NG17 8LJ,E07000170,E12000004
NG13 8JG,E07000176,E12000004
NG20 9ET,E07000171,E12000004
NG8 3AA,E06000018,E12000004
NG8 3NX,E06000018,E12000004
NG16 6AE,E07000170,E12000004
NG17 8LE,E07000170,E12000004
NG18 2NQ,E07000174,E12000004
NG5 4PW,E07000173,E12000004
NG5 6GT,E07000173,E12000004
NG5 9PB,E07000173,E12000004
NG6 9AJ,E06000018,E12000004
NG9 2LU,E07000172,E12000004
NG18 4RG,E07000174,E12000004
NG19 9PJ,E07000174,E12000004
NG3 5LN,E06000018,E12000004
NG5 9EN,E06000018,E12000004
NG14 6EE,E07000173,E12000004
NG16 3NU,E07000172,E12000004
NG9 3EW,E07000172,E12000004
NG9 3QD,E07000172,E12000004
NG9 4DA,E07000172,E12000004
NG9 8GX,E07000172,E12000004
NG19 7NW,E07000174,E12000004
NG3 5SZ,E07000173,E12000004
NG3 7BZ,E06000018,E12000004
NG5 3AB,E06000018,E12000004
NG5 5GZ,E06000018,E12000004
NG5 6RL,E07000173,E12000004
S80 1SG,E07000171,E12000004
S80 2QD,E07000171,E12000004
NG19 0HT,E07000174,E12000004
NG3 6GJ,E06000018,E12000004
NG5 3HT,E06000018,E12000004
NG5 5FR,E06000018,E12000004
NG5 5XB,E06000018,E12000004
NG5 9JD,E06000018,E12000004
NG16 1RL,E07000172,E12000004
NG9 3QH,E07000172,E12000004
NG11 6RU,E07000176,E12000004
NG12 1EX,E07000176,E12000004
NG2 5BA,E07000176,E12000004
NG20 0PP,E07000174,E12000004
NG17 4AW,E07000170,E12000004
NG8 3FT,E06000018,E12000004
NG11 8JU,E06000018,E12000004
NG7 3BQ,E06000018,E12000004
NG8 4JH,E07000172,E12000004
NG14 6NH,E07000173,E12000004
NG15 0DW,E07000170,E12000004
NG15 7NZ,E07000170,E12000004
NG16 2DR,E07000172,E12000004
NG23 6DE,E07000175,E12000004
NG23 7NH,E07000175,E12000004
NG23 7NS,E07000175,E12000004
NG4 4FQ,E07000173,E12000004
NG9 3NL,E07000172,E12000004
NG9 3PN,E07000172,E12000004
NG9 4GZ,E07000172,E12000004
NG17 1EP,E07000170,E12000004
NG7 2TR,E06000018,E12000004
NG7 3PG,E06000018,E12000004
NG1 1HF,E06000018,E12000004
NG18 2NF,E07000174,E12000004
NG19 0GH,E07000174,E12000004
NG24 3NQ,E07000175,E12000004
NG24 4FZ,E07000175,E12000004
NG23 6QG,E07000175,E12000004
S81 7SS,E07000171,E12000004
NG9 8HZ,E07000172,E12000004
NG1 1GD,E06000018,E12000004
NG18 1JN,E07000174,E12000004
NG3 5AP,E06000018,E12000004
NG3 5PE,E06000018,E12000004
NG5 5EN,E06000018,E12000004
NG5 5XD,E06000018,E12000004
NG6 8FF,E06000018,E12000004
NG6 8PR,E06000018,E12000004
NG18 5GZ,E07000174,E12000004
NG19 7ET,E07000174,E12000004
NG9 1SJ,E07000172,E12000004
NG24 4XD,E07000175,E12000004
NG5 4JX,E07000173,E12000004
NG5 5JN,E06000018,E12000004
NG5 5SF,E06000018,E12000004
NG6 0EN,E06000018,E12000004
S81 8WA,E07000171,E12000004
NG18 4LZ,E07000174,E12000004
NG19 8AX,E07000174,E12000004
NG17 2AT,E07000170,E12000004
NG24 2UH,E07000175,E12000004
NG25 0PZ,E07000175,E12000004
NG25 0RR,E07000175,E12000004
NG25 0UQ,E07000175,E12000004
S81 7ST,E07000171,E12000004
NG18 3QP,E07000174,E12000004
NG19 7RD,E07000174,E12000004
NG13 8GW,E07000176,E12000004
NG2 1PS,E06000018,E12000004
NG2 5JY,E07000176,E12000004
NG7 6LU,E06000018,E12000004
NG7 7LW,E06000018,E12000004
NG8 5QR,E06000018,E12000004
NG14 6RJ,E07000173,E12000004
NG22 8JB,E07000175,E12000004
NG2 1LD,E06000018,E12000004
NG2 6DY,E07000176,E12000004
NG20 9EW,E07000171,E12000004
NG21 0QD,E07000175,E12000004
NG14 5LH,E07000173,E12000004
NG14 6HE,E07000173,E12000004
NG23 5QF,E07000175,E12000004
NG23 6HB,E07000175,E12000004
NG12 2AA,E07000176,E12000004
NG12 5HT,E07000176,E12000004
NG2 7YJ,E07000176,E12000004
NG20 9PZ,E07000174,E12000004
NG4 1GU,E07000173,E12000004
NG7 2EX,E06000018,E12000004
NG14 7JL,E07000175,E12000004
NG16 1RQ,E07000172,E12000004
NG22 0DN,E07000175,E12000004
NG2 3HJ,E06000018,E12000004
NG2 3LB,E06000018,E12000004
NG2 7GD,E07000176,E12000004
NG4 2FR,E07000173,E12000004
NG4 2LR,E07000173,E12000004
NG5 1AQ,E06000018,E12000004
NG5 1LZ,E06000018,E12000004
NG8 1NT,E06000018,E12000004
S80 2SE,E07000171,E12000004
NG15 6FH,E07000170,E12000004
NG16 2GQ,E07000172,E12000004
NG23 5SP,E07000175,E12000004
NG16 5DG,E07000172,E12000004
NG16 6AJ,E07000170,E12000004
NG25 0GL,E07000175,E12000004
NG3 3BN,E06000018,E12000004
NG3 6EF,E07000173,E12000004
NG2 2HP,E06000018,E12000004
NG20 0DB,E07000174,E12000004
NG4 3NB,E07000173,E12000004
S81 9DW,E07000171,E12000004
NG22 0GU,E07000171,E12000004
NG22 0LT,E07000171,E12000004
NG22 0SF,E07000171,E12000004
NG22 8SG,E07000175,E12000004
NG22 9EH,E07000175,E12000004
NG23 6TE,E07000175,E12000004
NG5 9AB,E06000018,E12000004
NG3 5RH,E07000173,E12000004
NG8 6BT,E06000018,E12000004
NG13 8EG,E07000176,E12000004
NG13 8LP,E07000176,E12000004
LE12 6PE,E07000176,E12000004
NG12 4LL,E07000176,E12000004
NG2 3GD,E06000018,E12000004
NG2 3GU,E06000018,E12000004
NG2 7PT,E07000176,E12000004
NG4 3DH,E07000173,E12000004
NG4 4FU,E07000173,E12000004
NG15 7EL,E07000170,E12000004
NG21 9LP,E07000175,E12000004
NG21 9PW,E07000175,E12000004
NG1 2BT,E06000018,E12000004
NG19 6NZ,E07000174,E12000004
NG19 7QT,E07000174,E12000004
NG9 6JU,E07000172,E12000004
NG15 7JF,E07000170,E12000004
NG15 7JP,E07000170,E12000004
NG16 3LX,E07000172,E12000004
NG23 6SG,E07000171,E12000004
NG23 7LS,E07000175,E12000004
NG24 1ET,E07000175,E12000004
NG18 5JF,E07000174,E12000004
NG9 6EN,E07000172,E12000004
NG24 1HN,E07000175,E12000004
NG19 9JU,E07000174,E12000004
NG8 2FS,E06000018,E12000004
NG8 5FL,E06000018,E12000004
LE12 5QD,E07000176,E12000004
NG11 7ER,E06000018,E12000004
NG11 8FR,E06000018,E12000004
NG12 5NU,E07000176,E12000004
NG2 3GX,E06000018,E12000004
NG20 9PN,E07000174,E12000004
NG14 6DD,E07000173,E12000004
NG16 1BA,E07000172,E12000004
NG24 1PH,E07000175,E12000004
NG5 8RL,E07000173,E12000004
NG6 7AG,E06000018,E12000004
NG9 8EJ,E07000172,E12000004
NG9 2AT,E07000172,E12000004
NG9 4EY,E07000172,E12000004
NG15 7SP,E07000170,E12000004
NG15 9AE,E07000173,E12000004
NG21 9GE,E07000175,E12000004
NG22 0ET,E07000175,E12000004
NG6 8ZR,E07000173,E12000004
NG19 7TH,E07000174,E12000004
NG19 8ES,E07000174,E12000004
NG9 5LB,E07000172,E12000004
NG16 1QT,E07000172,E12000004
NG21 9DS,E07000175,E12000004
NG22 8BQ,E07000175,E12000004
NG22 9SJ,E07000175,E12000004
NG5 6FZ,E07000173,E12000004
NG5 6GW,E07000173,E12000004
NG6 8JL,E06000018,E12000004
LE12 6YU,E07000176,E12000004
NG19 0NN,E07000174,E12000004
NG9 3EU,E07000172,E12000004
NG14 6AW,E07000175,E12000004
NG15 7HF,E07000170,E12000004
NG22 0GZ,E07000171,E12000004
NG5 4GB,E07000173,E12000004
NG5 6FP,E07000173,E12000004
NG6 8UJ,E07000173,E12000004
NG17 5JU,E07000170,E12000004
NG3 2PY,E06000018,E12000004
NG3 5HS,E06000018,E12000004
NG7 6NW,E06000018,E12000004
NG17 4JX,E07000170,E12000004
NG25 0NH,E07000175,E12000004
NG8 6EE,E06000018,E12000004
NG8 6FP,E06000018,E12000004
NG1 6HW,E06000018,E12000004
NG13 8BY,E07000176,E12000004
NG13 8QL,E07000176,E12000004
NG2 4PS,E06000018,E12000004
NG20 0TR,E07000174,E12000004
NG18 4DE,E07000174,E12000004
NG18 4FR,E07000174,E12000004
NG18 5EG,E07000174,E12000004
NG9 4DD,E07000172,E12000004
NG16 2GE,E07000172,E12000004
NG16 2QP,E07000172,E12000004
NG24 2DL,E07000175,E12000004
NG5 4BS,E06000018,E12000004
NG5 5UY,E06000018,E12000004
NG17 9DJ,E07000170,E12000004
NG7 4EQ,E06000018,E12000004
NG8 3FN,E06000018,E12000004
NG8 4AD,E06000018,E12000004
NG12 4EP,E07000176,E12000004
NG2 4AW,E06000018,E12000004
NG2 5HU,E07000176,E12000004
NG2 6QR,E07000176,E12000004
NG2 7AE,E07000176,E12000004
NG4 1PT,E07000173,E12000004
NG4 2DG,E07000173,E12000004
NG11 8QS,E06000018,E12000004
NG12 3JN,E07000176,E12000004
NG12 3LD,E07000176,E12000004
NG2 2LJ,E06000018,E12000004
NG8 4NF,E06000018,E12000004
NG8 5FB,E06000018,E12000004
NG1 2BH,E06000018,E12000004
NG11 8QF,E06000018,E12000004
NG11 9DY,E06000018,E12000004
NG12 1FA,E07000176,E12000004
NG12 2NN,E07000176,E12000004
NG12 3FL,E07000176,E12000004
NG12 4HD,E07000176,E12000004
NG2 6SB,E07000176,E12000004
NG4 1SL,E07000173,E12000004
NG5 1HU,E06000018,E12000004
NG17 9HH,E07000170,E12000004
NG18 1NA,E07000174,E12000004
NG3 2PL,E06000018,E12000004
NG7 1GD,E06000018,E12000004
S81 9PT,E07000171,E12000004
NG15 7UF,E07000170,E12000004
NG15 7UY,E07000170,E12000004
NG16 3PW,E07000172,E12000004
NG5 6SP,E07000173,E12000004
NG24 3GJ,E07000175,E12000004
NG3 2JA,E06000018,E12000004
NG7 5AT,E06000018,E12000004
NG8 3FJ,E06000018,E12000004
NG8 4EX,E06000018,E12000004
S81 0EG,E07000171,E12000004
LE12 6JA,E07000176,E12000004
NG15 7AH,E07000170,E12000004
NG16 2JX,E07000172,E12000004
NG1 3DW,E06000018,E12000004
NG17 1GG,E07000170,E12000004
NG24 4AG,E07000175,E12000004
NG3 4JT,E06000018,E12000004
NG7 2JW,E06000018,E12000004
NG7 6EY,E06000018,E12000004
LE12 6TD,E07000176,E12000004
NG15 7UB,E07000170,E12000004
NG22 8NF,E07000175,E12000004
NG5 9QJ,E07000173,E12000004
NG1 1LD,E06000018,E12000004
NG3 3BF,E06000018,E12000004
NG9 1BG,E07000172,E12000004
LE12 6PQ,E07000176,E12000004
NG15 0AB,E07000170,E12000004
NG15 0EJ,E07000170,E12000004
NG16 3QA,E07000172,E12000004
NG22 9PR,E07000175,E12000004
NG18 4FH,E07000174,E12000004
NG19 0RA,E07000174,E12000004
NG11 6RN,E07000176,E12000004
NG12 5JS,E07000176,E12000004
NG2 6PW,E07000176,E12000004
NG21 0FJ,E07000175,E12000004
NG21 0JB,E07000175,E12000004
NG4 3GY,E07000173,E12000004
NG18 4JL,E07000174,E12000004
NG19 0HQ,E07000174,E12000004
NG9 1JG,E07000172,E12000004
NG12 3EA,E07000176,E12000004
NG2 4NY,E06000018,E12000004
NG2 7BG,E07000176,E12000004
NG21 0GB,E07000175,E12000004
NG5 1RQ,E06000018,E12000004
NG18 1SS,E07000174,E12000004
NG12 1DP,E07000176,E12000004
NG2 7ZZ,E07000176,E12000004
NG20 0GB,E07000174,E12000004
NG21 0JS,E07000175,E12000004
NG20 0JF,E07000174,E12000004
NG14 6RD,E07000175,E12000004
NG16 2DN,E07000172,E12000004
NG22 0EW,E07000175,E12000004
NG5 7EB,E07000173,E12000004
NG16 6GY,E07000170,E12000004
NG17 3FB,E07000170,E12000004
NG13 7BY,E07000176,E12000004
NG5 1PB,E06000018,E12000004
NG1 5DX,E06000018,E12000004
NG19 8QE,E07000174,E12000004
NG19 8QW,E07000174,E12000004
NG9 2LD,E07000172,E12000004
NG9 5PA,E07000172,E12000004
S81 0RP,E07000171,E12000004
NG15 6JF,E07000170,E12000004
NG22 8TB,E07000175,E12000004
NG23 5PQ,E07000175,E12000004
NG5 4JU,E07000173,E12000004
NG17 9EE,E07000170,E12000004
NG24 2HN,E07000175,E12000004
NG24 2SX,E07000175,E12000004
NG3 7DT,E06000018,E12000004
NG7 6JB,E06000018,E12000004
NG12 3BJ,E07000176,E12000004
NG2 5JX,E07000176,E12000004
NG19 9HA,E07000174,E12000004
NG9 6EU,E07000172,E12000004
NG14 6LB,E07000173,E12000004
NG14 6LS,E07000173,E12000004
NG15 6BU,E07000170,E12000004
NG22 0LQ,E07000171,E12000004
NG23 7AH,E07000175,E12000004
NG17 9AU,E07000170,E12000004
NG17 9LJ,E07000170,E12000004
NG2 5DB,E07000176,E12000004
NG2 6FR,E07000176,E12000004
NG2 6FS,E07000176,E12000004
NG2 7PQ,E07000176,E12000004
NG21 0JU,E07000175,E12000004
NG4 3FU,E07000173,E12000004
NG18 5GP,E07000174,E12000004
NG9 2PA,E07000172,E12000004
NG9 2PP,E07000172,E12000004
NG23 5QQ,E07000175,E12000004
NG24 1JN,E07000175,E12000004
NG5 4ED,E06000018,E12000004
NG17 9HB,E07000170,E12000004
NG24 3US,E07000175,E12000004
NG25 0HA,E07000175,E12000004
NG11 8RU,E06000018,E12000004
NG12 5AY,E07000176,E12000004
NG13 8RQ,E07000176,E12000004
NG21 0QW,E07000175,E12000004
NG4 2GF,E07000173,E12000004
NG1 7DA,E06000018,E12000004
NG18 3FE,E07000174,E12000004
NG9 3BL,E07000172,E12000004
NG9 3LF,E07000172,E12000004
NG9 3LH,E07000172,E12000004
S81 8AG,E07000171,E12000004
NG15 9DR,E07000173,E12000004
NG15 9ER,E07000173,E12000004
NG23 5RS,E07000175,E12000004
NG6 0ET,E06000018,E12000004
NG1 1PH,E06000018,E12000004
NG1 2BY,E06000018,E12000004
NG17 7FN,E07000170,E12000004
NG24 2JT,E07000175,E12000004
NG7 2BA,E06000018,E12000004
NG7 2UT,E06000018,E12000004
NG7 4HS,E06000018,E12000004
NG8 2SF,E06000018,E12000004
NG8 6BB,E06000018,E12000004
S81 0HU,E07000171,E12000004
NG16 2QH,E07000172,E12000004
NG21 9SQ,E07000175,E12000004
NG1 7HT,E06000018,E12000004
NG17 2GS,E07000170,E12000004
NG3 5QX,E07000173,E12000004
NG3 7GG,E06000018,E12000004
NG7 6ER,E06000018,E12000004
NG8 1PE,E06000018,E12000004
S81 9PE,E07000171,E12000004
NG14 5DX,E07000173,E12000004
NG14 6EL,E07000173,E12000004
NG15 6YG,E07000170,E12000004
NG15 7JU,E07000170,E12000004
NG16 1LJ,E07000172,E12000004
NG16 3HZ,E07000172,E12000004
NG5 5RR,E06000018,E12000004
NG5 6PF,E07000173,E12000004
S80 2RG,E07000171,E12000004
NG24 4UG,E07000175,E12000004
NG25 0NJ,E07000175,E12000004
NG7 2EP,E06000018,E12000004
NG15 6NH,E07000170,E12000004
NG16 1BL,E07000172,E12000004
NG5 4PY,E07000173,E12000004
NG6 8RF,E06000018,E12000004
NG6 8RG,E06000018,E12000004
S80 3EL,E07000171,E12000004
NG17 3HD,E07000170,E12000004
NG17 7LN,E07000170,E12000004
NG24 3FN,E07000175,E12000004
NG8 5GX,E06000018,E12000004
S81 0BP,E07000171,E12000004
S81 7HF,E07000171,E12000004
S81 7SH,E07000171,E12000004
S81 0AU,E07000171,E12000004
S81 7DR,E07000171,E12000004
LE12 5PH,E07000176,E12000004
NG11 9HW,E06000018,E12000004
NG18 2HN,E07000174,E12000004
NG18 4RU,E07000174,E12000004
NG18 4XY,E07000174,E12000004
NG2 6UB,E07000176,E12000004
NG2 7BE,E07000176,E12000004
NG20 0LD,E07000174,E12000004
NG11 8RQ,E06000018,E12000004
NG18 2AR,E07000174,E12000004
NG9 2HD,E07000172,E12000004
NG2 4PJ,E06000018,E12000004
NG2 6PJ,E07000176,E12000004
NG5 1QP,E06000018,E12000004
LE12 6LN,E07000176,E12000004
NG11 8NP,E06000018,E12000004
NG12 2GT,E07000176,E12000004
NG12 3SG,E07000176,E12000004
NG13 9HG,E07000176,E12000004
NG19 7RN,E07000174,E12000004
NG9 2QW,E07000172,E12000004
NG9 6DR,E07000172,E12000004
NG2 2GA,E06000018,E12000004
NG18 3EL,E07000174,E12000004
NG18 4US,E07000174,E12000004
NG9 1DW,E07000172,E12000004
NG2 2LQ,E06000018,E12000004
NG18 5SZ,E07000174,E12000004
NG19 9HP,E07000174,E12000004
NG7 2QW,E06000018,E12000004
NG7 3LN,E06000018,E12000004
NG1 3DJ,E06000018,E12000004
NG1 4EP,E06000018,E12000004
NG16 5JE,E07000170,E12000004
NG17 2HN,E07000170,E12000004
NG18 1HJ,E07000174,E12000004
NG2 6DF,E07000176,E12000004
NG21 9DQ,E07000175,E12000004
NG22 8DW,E07000175,E12000004
NG22 8LB,E07000175,E12000004
NG22 8RF,E07000175,E12000004
NG23 7NQ,E07000175,E12000004
NG12 2DD,E07000176,E12000004
NG12 3AD,E07000176,E12000004
NG12 5QD,E07000176,E12000004
NG13 8GT,E07000176,E12000004
NG19 6TW,E07000174,E12000004
NG19 8NY,E07000174,E12000004
NG8 2FZ,E06000018,E12000004
NG8 5DY,E06000018,E12000004
NG8 5QW,E06000018,E12000004
NG1 1GL,E06000018,E12000004
NG11 0AE,E07000176,E12000004
NG11 0AP,E07000176,E12000004
NG16 5JW,E07000170,E12000004
NG17 3GD,E07000170,E12000004
NG17 5AN,E07000170,E12000004
NG17 8SB,E07000170,E12000004
NG2 6DP,E07000176,E12000004
NG4 1BH,E07000173,E12000004
NG12 5DJ,E07000176,E12000004
NG13 8NE,E07000176,E12000004
NG19 8RX,E07000174,E12000004
NG7 5AD,E06000018,E12000004
NG8 1LG,E06000018,E12000004
NG17 2GE,E07000170,E12000004
NG17 5BU,E07000170,E12000004
NG21 9HE,E07000175,E12000004
NG22 8HW,E07000175,E12000004
NG24 1JH,E07000175,E12000004
S80 1LE,E07000171,E12000004
NG24 4XF,E07000175,E12000004
NG3 5TT,E06000018,E12000004
NG12 2JP,E07000176,E12000004
NG7 3PY,E06000018,E12000004
NG8 3FG,E06000018,E12000004
NG17 2NB,E07000170,E12000004
NG2 2EN,E06000018,E12000004
NG22 8HU,E07000175,E12000004
NG23 6BT,E07000175,E12000004
NG23 6EG,E07000175,E12000004
NG24 2QS,E07000175,E12000004
NG3 5EY,E06000018,E12000004
NG5 4JB,E07000173,E12000004
NG24 3EZ,E07000175,E12000004
NG25 0BY,E07000175,E12000004
NG25 0NF,E07000175,E12000004
NG5 8LA,E07000173,E12000004
NG5 8RD,E07000173,E12000004
NG16 3BZ,E07000172,E12000004
NG15 9BB,E07000173,E12000004
NG16 2FQ,E07000172,E12000004
NG16 2JJ,E07000172,E12000004
NG9 6FF,E07000172,E12000004
NG24 3FE,E07000175,E12000004
NG5 5SS,E06000018,E12000004
S81 9DE,E07000171,E12000004
NG14 6JH,E07000173,E12000004
NG9 2EQ,E07000172,E12000004
NG9 8DY,E07000172,E12000004
NG6 9FT,E06000018,E12000004
LE12 6AJ,E07000176,E12000004
NG15 6HH,E07000170,E12000004
NG15 6XP,E07000170,E12000004
NG5 6BS,E07000173,E12000004
NG6 0ED,E06000018,E12000004
NG12 5BD,E07000176,E12000004
NG16 1AX,E07000172,E12000004
NG21 9DL,E07000175,E12000004
NG5 7FU,E07000173,E12000004
NG6 0ER,E06000018,E12000004
NG4 2ED,E07000173,E12000004
NG4 3RR,E07000173,E12000004
NG14 6DN,E07000173,E12000004
NG15 7ES,E07000170,E12000004
NG21 9SS,E07000175,E12000004
NG12 2LA,E07000176,E12000004
NG2 2AD,E06000018,E12000004
NG4 2JN,E07000173,E12000004
NG1 1FP,E06000018,E12000004
NG11 0LE,E07000176,E12000004
NG18 5PS,E07000174,E12000004
NG16 6BX,E07000170,E12000004
NG17 9AL,E07000170,E12000004
NG24 4BH,E07000175,E12000004
NG9 1AQ,E07000172,E12000004
S81 7RE,E07000171,E12000004
NG15 6SE,E07000170,E12000004
NG15 7NP,E07000170,E12000004
NG16 2DT,E07000172,E12000004
NG22 9FS,E07000175,E12000004
NG5 7FE,E07000173,E12000004
NG5 7GN,E07000173,E12000004
NG5 8JU,E07000173,E12000004
NG6 0QR,E06000018,E12000004
NG2 1JH,E06000018,E12000004
NG2 7SQ,E07000176,E12000004
NG18 4AN,E07000174,E12000004
NG9 8AR,E07000172,E12000004
NG16 6AW,E07000170,E12000004
NG17 1HA,E07000170,E12000004
NG24 4BS,E07000175,E12000004
NG25 0QP,E07000175,E12000004
NG8 1JD,E06000018,E12000004
NG18 4AL,E07000174,E12000004
NG16 5JT,E07000170,E12000004
NG16 5LN,E07000170,E12000004
NG17 5DQ,E07000170,E12000004
NG17 5HX,E07000170,E12000004
NG3 2NH,E06000018,E12000004
S81 7AB,E07000171,E12000004
NG1 4EG,E06000018,E12000004
NG19 7LS,E07000174,E12000004
NG19 9BD,E07000174,E12000004
NG9 1EP,E07000172,E12000004
NG9 4AX,E07000172,E12000004
NG16 3SF,E07000172,E12000004
NG24 3AH,E07000175,E12000004
NG8 2RQ,E07000172,E12000004
S81 0BS,E07000171,E12000004
NG16 2SG,E07000172,E12000004
NG6 0HA,E06000018,E12000004
NG6 0LB,E06000018,E12000004
NG19 7NB,E07000174,E12000004
NG9 7AN,E07000172,E12000004
NG14 6RQ,E07000173,E12000004
NG16 3DF,E07000172,E12000004
S80 1DG,E07000171,E12000004
NG19 6ER,E07000174,E12000004
NG14 6BJ,E07000175,E12000004
NG15 7TS,E07000170,E12000004
NG22 0EA,E07000175,E12000004
NG22 8DN,E07000175,E12000004
NG22 8LH,E07000175,E12000004
NG9 5AS,E07000172,E12000004
NG15 7RJ,E07000170,E12000004
NG16 2TG,E07000172,E12000004
NG22 9HZ,E07000175,E12000004
NG23 7AW,E07000175,E12000004
NG6 9FW,E06000018,E12000004
NG1 2HA,E06000018,E12000004
NG18 2BS,E07000174,E12000004
NG19 8QJ,E07000174,E12000004
NG19 9DA,E07000174,E12000004
NG9 2RD,E07000172,E12000004
NG9 3QU,E07000172,E12000004
NG12 5QP,E07000176,E12000004
NG2 2NR,E06000018,E12000004
S81 7AG,E07000171,E12000004
S81 7NS,E07000171,E12000004
LE12 5NP,E07000176,E12000004
NG25 0AH,E07000175,E12000004
NG7 1LR,E06000018,E12000004
NG11 8NU,E06000018,E12000004
NG13 9PR,E07000176,E12000004
NG2 4HX,E06000018,E12000004
NG2 5DY,E07000176,E12000004
NG21 0QQ,E07000175,E12000004
NG16 5FZ,E07000170,E12000004
NG7 5GY,E06000018,E12000004
NG8 3NS,E06000018,E12000004
NG2 7PZ,E07000176,E12000004
LE12 6UZ,E07000176,E12000004
NG17 8BG,E07000170,E12000004
NG12 3BP,E07000176,E12000004
NG12 3HP,E07000176,E12000004
NG2 5AT,E07000176,E12000004
NG2 5JA,E07000176,E12000004
NG20 9PA,E07000174,E12000004
NG4 1NL,E07000173,E12000004
NG4 3JN,E07000173,E12000004
NG4 4BU,E07000173,E12000004
LE12 6JX,E07000176,E12000004
NG17 1JU,E07000170,E12000004
NG17 8EP,E07000170,E12000004
NG24 2UA,E07000175,E12000004
NG8 1DB,E06000018,E12000004
NG8 6FN,E06000018,E12000004
NG15 7RQ,E07000170,E12000004
NG24 1QS,E07000175,E12000004
NG5 2ND,E06000018,E12000004
NG5 7EZ,E07000173,E12000004
NG5 8RQ,E07000173,E12000004
NG2 7JS,E07000176,E12000004
NG20 0DW,E07000174,E12000004
NG19 6BG,E07000174,E12000004
NG9 8GJ,E07000172,E12000004
NG23 7AN,E07000175,E12000004
NG6 0AE,E06000018,E12000004
NG6 7AE,E06000018,E12000004
NG6 8HH,E06000018,E12000004
NG13 9LJ,E07000176,E12000004
NG13 9NJ,E07000176,E12000004
NG21 9BX,E07000175,E12000004
NG21 9FZ,E07000175,E12000004
NG22 8SA,E07000175,E12000004
NG22 9WR,E07000175,E12000004
NG5 5SB,E06000018,E12000004
NG5 8BX,E07000173,E12000004
NG13 8GB,E07000176,E12000004
NG16 2AG,E07000172,E12000004
NG22 0HR,E07000171,E12000004
NG24 1PJ,E07000175,E12000004
NG5 3DA,E06000018,E12000004
NG5 4FF,E07000173,E12000004
NG5 5AA,E06000018,E12000004
NG2 4EH,E06000018,E12000004
NG4 2AN,E07000173,E12000004
NG19 6HF,E07000174,E12000004
NG9 1LB,E07000172,E12000004
S81 8DA,E07000171,E12000004
NG24 3WH,E07000175,E12000004
NG24 4UZ,E07000175,E12000004
NG3 7DR,E06000018,E12000004
NG17 7AL,E07000170,E12000004
NG24 2GN,E07000175,E12000004
NG7 4DG,E06000018,E12000004
NG7 7GF,E06000018,E12000004
NG8 2NP,E06000018,E12000004
NG18 5PJ,E07000174,E12000004
NG19 0QY,E07000174,E12000004
NG19 8NS,E07000174,E12000004
S81 0JT,E07000171,E12000004
NG24 2JH,E07000175,E12000004
NG24 3XE,E07000175,E12000004
NG24 4DG,E07000175,E12000004
NG3 4PS,E06000018,E12000004
NG8 2RH,E06000018,E12000004
NG1 1BH,E06000018,E12000004
NG9 3JG,E07000172,E12000004
S81 0RU,E07000171,E12000004
NG17 4LT,E07000170,E12000004
NG7 2SX,E06000018,E12000004
NG7 3DD,E06000018,E12000004
NG7 5LD,E06000018,E12000004
NG11 8EU,E06000018,E12000004
NG11 9NA,E06000018,E12000004
NG2 4BL,E06000018,E12000004
NG2 6FG,E07000176,E12000004
NG4 4HX,E07000173,E12000004
S81 8UT,E07000171,E12000004
NG25 0QS,E07000175,E12000004
NG3 3AB,E06000018,E12000004
NG6 8SW,E07000170,E12000004
LE12 6PX,E07000176,E12000004
NG14 7FG,E07000175,E12000004
NG15 7UU,E07000170,E12000004
NG11 6QF,E07000176,E12000004
NG2 5GP,E07000176,E12000004
NG2 7NX,E07000176,E12000004
NG9 5NG,E07000172,E12000004
NG17 5FH,E07000170,E12000004
NG14 6FJ,E07000173,E12000004
NG15 6JP,E07000170,E12000004
NG15 7JR,E07000170,E12000004
NG12 5FB,E07000176,E12000004
NG2 6BX,E07000176,E12000004
NG2 7AB,E07000176,E12000004
NG2 7GA,E07000176,E12000004
NG4 1QY,E07000173,E12000004
NG9 2HL,E07000172,E12000004
NG9 2PL,E07000172,E12000004
S81 9EU,E07000171,E12000004
NG17 1GB,E07000170,E12000004
NG17 2TB,E07000170,E12000004
NG24 3DH,E07000175,E12000004
NG24 3NB,E07000175,E12000004
NG5 3DX,E06000018,E12000004
NG5 6HD,E07000173,E12000004
NG6 9EN,E06000018,E12000004
NG15 6XN,E07000170,E12000004
NG16 2LB,E07000172,E12000004
S80 3BJ,E07000171,E12000004
NG1 6JB,E06000018,E12000004
NG11 6GQ,E07000176,E12000004
NG11 6LL,E07000176,E12000004
NG7 1BJ,E06000018,E12000004
NG7 5QD,E06000018,E12000004
NG8 6JZ,E06000018,E12000004
NG21 9DP,E07000175,E12000004
NG22 8GL,E07000175,E12000004
S80 3GW,E07000171,E12000004
NG19 9HH,E07000174,E12000004
NG19 9JQ,E07000174,E12000004
NG7 7LJ,E06000018,E12000004
NG16 3FQ,E07000172,E12000004
NG22 9NL,E07000175,E12000004
NG7 6LQ,E06000018,E12000004
NG2 5BE,E07000176,E12000004
NG2 5NG,E07000176,E12000004
NG5 2BG,E06000018,E12000004
NG9 6LL,E07000172,E12000004
S81 8EB,E07000171,E12000004
S81 8LX,E07000171,E12000004
NG17 2AS,E07000170,E12000004
NG24 2GA,E07000175,E12000004
NG3 6LR,E07000173,E12000004
NG5 5DL,E06000018,E12000004
NG15 6HU,E07000170,E12000004
NG16 1BS,E07000172,E12000004
NG16 2JE,E07000172,E12000004
NG16 3HX,E07000172,E12000004
NG21 0WG,E07000175,E12000004
NG24 1EE,E07000175,E12000004
NG8 2PN,E06000018,E12000004
NG8 3AP,E06000018,E12000004
NG17 9AX,E07000170,E12000004
NG18 1EY,E07000174,E12000004
NG3 6FN,E07000173,E12000004
NG7 7AE,E06000018,E12000004
LE12 6YG,E07000176,E12000004
NG14 6LH,E07000173,E12000004
NG14 6LU,E07000173,E12000004
NG15 6HG,E07000170,E12000004
NG22 8RN,E07000175,E12000004
NG24 2AB,E07000175,E12000004
NG5 2HG,E06000018,E12000004
NG5 3DR,E06000018,E12000004
NG5 5EF,E06000018,E12000004
NG16 5DA,E07000172,E12000004
NG17 3JZ,E07000170,E12000004
NG3 4JQ,E06000018,E12000004
NG7 4DW,E06000018,E12000004
NG16 1BG,E07000172,E12000004
NG23 7EQ,E07000175,E12000004
NG5 4GZ,E06000018,E12000004
NG6 8WA,E06000018,E12000004
NG17 9DB,E07000170,E12000004
NG18 1BP,E07000174,E12000004
NG7 5JL,E06000018,E12000004
NG16 2TJ,E07000172,E12000004
NG21 9GG,E07000175,E12000004
NG23 5PS,E07000175,E12000004
NG6 7DT,E06000018,E12000004
NG12 1AZ,E07000176,E12000004
NG2 7TW,E07000176,E12000004
NG18 2NN,E07000174,E12000004
NG18 5LG,E07000174,E12000004
NG19 0RE,E07000174,E12000004
NG11 8ND,E06000018,E12000004
NG2 4PL,E06000018,E12000004
NG20 9EP,E07000171,E12000004
NG1 1ES,E06000018,E12000004
NG1 3PQ,E06000018,E12000004
NG18 3EU,E07000174,E12000004
NG18 4GW,E07000174,E12000004
NG9 4ED,E07000172,E12000004
NG9 6JR,E07000172,E12000004
S81 7FB,E07000171,E12000004
NG16 5JZ,E07000170,E12000004
NG24 2NU,E07000175,E12000004
NG3 5RZ,E06000018,E12000004
NG3 7GQ,E06000018,E12000004
NG7 6GY,E06000018,E12000004
NG8 4BB,E06000018,E12000004
NG8 4EJ,E06000018,E12000004
S80 1SN,E07000171,E12000004
LE12 6LU,E07000176,E12000004
NG21 9FY,E07000175,E12000004
NG6 8UY,E06000018,E12000004
NG12 1AS,E07000176,E12000004
NG13 8DX,E07000176,E12000004
NG13 9FS,E07000176,E12000004
NG20 9QH,E07000174,E12000004
NG21 0PZ,E07000175,E12000004
NG4 2DD,E07000173,E12000004
NG11 0JF,E07000176,E12000004
NG9 6AN,E07000172,E12000004
NG14 5LD,E07000173,E12000004
NG16 3LW,E07000172,E12000004
NG6 0DR,E06000018,E12000004
S81 0JS,E07000171,E12000004
NG1 2DD,E06000018,E12000004
NG18 2HG,E07000174,E12000004
NG18 4NB,E07000174,E12000004
NG18 5NG,E07000174,E12000004
NG9 3GR,E07000172,E12000004
NG9 7HY,E07000172,E12000004
NG9 8PP,E07000172,E12000004
NG15 9EY,E07000173,E12000004
NG22 0DD,E07000175,E12000004
NG5 9EQ,E06000018,E12000004
NG6 8EN,E06000018,E12000004
NG6 8GJ,E06000018,E12000004
NG9 8FJ,E07000172,E12000004
NG22 9SH,E07000175,E12000004
NG24 2EX,E07000175,E12000004
NG5 8SA,E07000173,E12000004
NG18 1TA,E07000174,E12000004
NG18 5PE,E07000174,E12000004
NG19 8BB,E07000174,E12000004
NG19 8PD,E07000174,E12000004
NG16 6EN,E07000170,E12000004
NG17 2HY,E07000170,E12000004
NG24 4TH,E07000175,E12000004
NG7 1EZ,E06000018,E12000004
NG8 6FE,E06000018,E12000004
NG8 6JB,E06000018,E12000004
NG21 9SH,E07000175,E12000004
NG9 3FE,E07000172,E12000004
NG9 3QL,E07000172,E12000004
NG17 9AN,E07000170,E12000004
NG17 2DB,E07000170,E12000004
NG17 4HJ,E07000170,E12000004
NG24 4FQ,E07000175,E12000004
NG24 4SZ,E07000175,E12000004
NG7 1HR,E06000018,E12000004
S80 3HD,E07000171,E12000004
NG21 0FY,E07000175,E12000004
NG4 1HF,E07000173,E12000004
NG4 4BL,E07000173,E12000004
NG5 1EH,E06000018,E12000004
NG24 2RX,E07000175,E12000004
NG7 5JS,E06000018,E12000004
NG8 1FQ,E06000018,E12000004
NG13 9DT,E07000176,E12000004
NG2 7SW,E07000176,E12000004
NG4 3AR,E07000173,E12000004
NG17 2QL,E07000170,E12000004
NG17 4BH,E07000170,E12000004
NG17 9FR,E07000170,E12000004
NG24 4GA,E07000175,E12000004
NG7 1EQ,E06000018,E12000004
NG8 6BS,E06000018,E12000004
NG11 9JS,E06000018,E12000004
NG20 0NQ,E07000174,E12000004
NG12 2HG,E07000176,E12000004
NG12 5AQ,E07000176,E12000004
NG14 6NJ,E07000173,E12000004
NG14 6PE,E07000173,E12000004
NG15 6AL,E07000170,E12000004
NG15 8EF,E07000170,E12000004
NG2 7DD,E07000176,E12000004
NG20 0EQ,E07000174,E12000004
NG20 0NG,E07000174,E12000004
NG8 1GJ,E06000018,E12000004
NG8 2TT,E06000018,E12000004
NG8 3NQ,E06000018,E12000004
NG1 4AF,E06000018,E12000004
NG1 6BF,E06000018,E12000004
NG16 5LZ,E07000170,E12000004
NG17 7PB,E07000170,E12000004
NG22 9NZ,E07000175,E12000004
NG24 2DZ,E07000175,E12000004
NG9 8AY,E07000172,E12000004
NG16 3LR,E07000172,E12000004
NG2 2LE,E06000018,E12000004
NG2 7GN,E07000176,E12000004
NG7 1NW,E06000018,E12000004
NG7 2JF,E06000018,E12000004
NG7 3PT,E06000018,E12000004
NG8 4FG,E06000018,E12000004
NG17 7BT,E07000170,E12000004
NG23 6JY,E07000175,E12000004
NG24 1QZ,E07000175,E12000004
NG15 7DW,E07000170,E12000004
NG7 7JW,E06000018,E12000004
NG9 1AT,E07000172,E12000004
NG17 5AF,E07000170,E12000004
NG17 7GT,E07000170,E12000004
NG9 3NF,E07000172,E12000004
NG13 8YW,E07000176,E12000004
NG19 0HN,E07000174,E12000004
NG19 0HX,E07000174,E12000004
NG19 7EQ,E07000174,E12000004
NG19 9AW,E07000174,E12000004
NG19 9RH,E07000174,E12000004
NG3 5XD,E07000173,E12000004
NG3 6HN,E07000173,E12000004
NG5 7AT,E07000173,E12000004
NG6 8BU,E06000018,E12000004
NG18 3GR,E07000174,E12000004
NG19 7QX,E07000174,E12000004
NG19 9JZ,E07000174,E12000004
NG6 8WS,E07000173,E12000004
NG12 1DF,E07000176,E12000004
NG12 3EN,E07000176,E12000004
NG18 3AE,E07000174,E12000004
NG18 3JB,E07000174,E12000004
NG24 3AT,E07000175,E12000004
NG3 6LJ,E07000173,E12000004
NG5 9QD,E07000173,E12000004
NG6 9GU,E06000018,E12000004
S80 3BF,E07000171,E12000004
S80 3QL,E07000171,E12000004
NG14 5HH,E07000173,E12000004
NG15 9FH,E07000173,E12000004
NG16 3EH,E07000172,E12000004
NG2 4BB,E06000018,E12000004
NG21 0LD,E07000175,E12000004
NG8 4GL,E06000018,E12000004
NG1 4GY,E06000018,E12000004
NG16 6AA,E07000170,E12000004
NG17 1JQ,E07000170,E12000004
NG17 1LR,E07000170,E12000004
NG17 8JY,E07000170,E12000004
NG22 8WQ,E07000175,E12000004
NG4 4PH,E07000173,E12000004
NG9 4GY,E07000172,E12000004
NG9 5GX,E07000172,E12000004
NG11 9LU,E06000018,E12000004
NG5 4GU,E07000173,E12000004
NG2 6PG,E07000176,E12000004
NG4 2GZ,E07000173,E12000004
NG14 6FE,E07000173,E12000004
NG22 8JA,E07000175,E12000004
NG22 8TG,E07000175,E12000004
NG11 8BH,E06000018,E12000004
NG12 3LW,E07000176,E12000004
NG2 7NT,E07000176,E12000004
NG14 6EJ,E07000173,E12000004
NG22 9XR,E07000175,E12000004
NG5 4BH,E06000018,E12000004
NG5 6SD,E07000173,E12000004
NG5 8EE,E07000173,E12000004
NG12 3UB,E07000176,E12000004
NG13 9EE,E07000176,E12000004
NG2 6HN,E07000176,E12000004
NG4 2GP,E07000173,E12000004
S80 2FP,E07000171,E12000004
NG16 2PD,E07000172,E12000004
NG21 0WN,E07000175,E12000004
NG23 6JU,E07000175,E12000004
NG5 3GZ,E06000018,E12000004
LE12 5PZ,E07000176,E12000004
NG1 2EB,E06000018,E12000004
NG11 6AR,E07000176,E12000004
NG17 4LE,E07000170,E12000004
NG7 1EW,E06000018,E12000004
NG7 7FN,E06000018,E12000004
NG8 1NU,E06000018,E12000004
NG8 6DW,E06000018,E12000004
NG19 9DJ,E07000174,E12000004
NG25 0SU,E07000175,E12000004
NG3 7GY,E06000018,E12000004
NG11 6BD,E07000176,E12000004
NG16 5LQ,E07000170,E12000004
NG17 5BB,E07000170,E12000004
NG7 5BD,E06000018,E12000004
NG8 1DA,E06000018,E12000004
S81 7RJ,E07000171,E12000004
NG18 3HW,E07000174,E12000004
NG18 4SZ,E07000174,E12000004
NG9 3TB,E07000172,E12000004
NG9 7EY,E07000172,E12000004
NG11 0AN,E07000176,E12000004
NG7 1SB,E06000018,E12000004
NG7 5RW,E06000018,E12000004
NG8 1JB,E06000018,E12000004
NG8 6PJ,E06000018,E12000004
NG19 6DY,E07000174,E12000004
NG9 3AX,E07000172,E12000004
NG12 5AF,E07000176,E12000004
NG2 4HR,E06000018,E12000004
NG2 5PQ,E07000176,E12000004
NG14 7GB,E07000175,E12000004
NG5 4NN,E07000173,E12000004
LE12 6LS,E07000176,E12000004
NG8 5EW,E06000018,E12000004
NG24 2HH,E07000175,E12000004
NG24 4NZ,E07000175,E12000004
NG24 4PQ,E07000175,E12000004
NG9 3GZ,E07000172,E12000004
NG12 2HT,E07000176,E12000004
NG7 1PF,E06000018,E12000004
NG8 3LW,E06000018,E12000004
NG1 3QL,E06000018,E12000004
NG17 1NX,E07000170,E12000004
NG5 4EA,E06000018,E12000004
NG6 0NH,E06000018,E12000004
NG7 1JB,E06000018,E12000004
NG7 5PP,E06000018,E12000004
NG8 2GG,E06000018,E12000004
NG17 3JY,E07000170,E12000004
NG3 2HP,E06000018,E12000004
NG18 5HF,E07000174,E12000004
NG21 9AQ,E07000175,E12000004
NG9 3RJ,E07000172,E12000004
NG18 3EW,E07000174,E12000004
NG18 5EY,E07000174,E12000004
NG19 0DG,E07000174,E12000004
NG19 9DU,E07000174,E12000004
NG15 6RA,E07000170,E12000004
NG15 7PF,E07000170,E12000004
NG9 2EF,E07000172,E12000004
NG11 7DN,E06000018,E12000004
NG12 4DN,E07000176,E12000004
NG12 4GW,E07000176,E12000004
NG20 9JQ,E07000171,E12000004
NG7 1NY,E06000018,E12000004
NG17 7NW,E07000170,E12000004
NG24 3TA,E07000175,E12000004
NG5 6FB,E07000173,E12000004
S81 7PT,E07000171,E12000004
S81 8NA,E07000171,E12000004
S81 8NE,E07000171,E12000004
NG22 0TL,E07000171,E12000004
NG22 9SX,E07000175,E12000004
NG4 2FH,E07000173,E12000004
NG12 3PB,E07000176,E12000004
NG12 4JP,E07000176,E12000004
NG8 4BH,E06000018,E12000004
NG5 6AS,E07000173,E12000004
S81 7LE,E07000171,E12000004
S81 7RH,E07000171,E12000004
NG21 9GR,E07000175,E12000004
NG22 0PH,E07000171,E12000004
NG22 8RS,E07000175,E12000004
NG22 9PZ,E07000175,E12000004
NG9 2PX,E07000172,E12000004
NG14 5GF,E07000173,E12000004
NG22 8DL,E07000175,E12000004
NG23 5FW,E07000175,E12000004
NG5 5JY,E06000018,E12000004
NG5 6DQ,E06000018,E12000004
NG12 5QX,E07000176,E12000004
NG2 6BZ,E07000176,E12000004
NG5 1RD,E06000018,E12000004
NG15 9JP,E07000173,E12000004
NG21 9BE,E07000175,E12000004
NG5 7HZ,E07000173,E12000004
NG6 0LS,E06000018,E12000004
NG2 6SH,E07000176,E12000004
NG4 1GN,E07000173,E12000004
NG15 0DS,E07000170,E12000004
NG15 8EG,E07000170,E12000004
NG5 7AD,E07000173,E12000004
NG5 7LN,E07000173,E12000004
NG11 6RQ,E07000176,E12000004
NG11 8AL,E06000018,E12000004
NG11 9FF,E06000018,E12000004
NG13 8JU,E07000176,E12000004
NG2 7HN,E07000176,E12000004
NG4 2JF,E07000173,E12000004
NG14 6AF,E07000175,E12000004
NG22 8FS,E07000175,E12000004
NG22 9TS,E07000175,E12000004
NG23 6LJ,E07000175,E12000004
NG23 7LQ,E07000175,E12000004
NG11 6NG,E07000176,E12000004
S81 7EX,E07000171,E12000004
NG18 2BR,E07000174,E12000004
NG19 0JF,E07000174,E12000004
NG19 9RW,E07000174,E12000004
LE12 5RR,E07000176,E12000004
NG17 7PN,E07000170,E12000004
NG3 4AY,E06000018,E12000004
NG3 5RR,E07000173,E12000004
NG8 4NB,E06000018,E12000004
NG18 3GT,E07000174,E12000004
NG9 3GQ,E07000172,E12000004
NG9 8JG,E07000172,E12000004
NG16 6RJ,E07000170,E12000004
NG17 4AZ,E07000170,E12000004
NG17 8SL,E07000170,E12000004
NG3 5RX,E07000173,E12000004
S80 2DN,E07000171,E12000004
NG18 5JZ,E07000174,E12000004
NG19 9BA,E07000174,E12000004
NG9 4BH,E07000172,E12000004
NG24 3UL,E07000175,E12000004
S80 2JN,E07000171,E12000004
NG1 1QR,E06000018,E12000004
NG9 1LX,E07000172,E12000004
NG9 4DN,E07000172,E12000004
NG9 7FN,E07000172,E12000004
NG9 7HP,E07000172,E12000004
NG16 5JD,E07000170,E12000004
NG17 1AB,E07000170,E12000004
NG24 3LN,E07000175,E12000004
NG7 2BG,E06000018,E12000004
NG16 5BB,E07000172,E12000004
NG17 4HU,E07000170,E12000004
NG24 3XD,E07000175,E12000004
NG3 5RB,E07000173,E12000004
NG3 6JW,E06000018,E12000004
NG4 3HH,E07000173,E12000004
NG7 1DQ,E06000018,E12000004
NG8 1DX,E06000018,E12000004
NG12 2AX,E07000176,E12000004
NG18 1TJ,E07000174,E12000004
NG18 5FD,E07000174,E12000004
NG18 5SF,E07000174,E12000004
NG5 3FD,E06000018,E12000004
NG5 5PL,E06000018,E12000004
NG5 6RJ,E07000173,E12000004
NG6 8BP,E06000018,E12000004
NG16 6FP,E07000170,E12000004
NG17 9BD,E07000170,E12000004
NG4 3DN,E07000173,E12000004
NG7 3AH,E06000018,E12000004
NG7 6PT,E06000018,E12000004
NG7 7NP,E06000018,E12000004
NG8 4BE,E06000018,E12000004
NG11 8FG,E06000018,E12000004
NG12 5NA,E07000176,E12000004
NG13 9AG,E07000176,E12000004
NG18 3DD,E07000174,E12000004
NG5 5GP,E06000018,E12000004
NG9 2TS,E06000018,E12000004
NG9 4GP,E07000172,E12000004
NG3 3DY,E06000018,E12000004
NG4 3DL,E07000173,E12000004
NG7 4AR,E06000018,E12000004
NG8 4HJ,E06000018,E12000004
NG19 9GQ,E07000174,E12000004
NG5 5NN,E06000018,E12000004
NG5 7FQ,E07000173,E12000004
NG6 8SS,E06000018,E12000004
NG9 3GF,E07000172,E12000004
NG9 6DX,E07000172,E12000004
NG2 2NP,E06000018,E12000004
NG16 6RL,E07000170,E12000004
NG24 3LB,E07000175,E12000004
NG4 4PU,E07000173,E12000004
NG8 5GT,E06000018,E12000004
NG11 9BB,E06000018,E12000004
NG12 5SY,E07000176,E12000004
NG5 6AX,E07000173,E12000004
NG9 5AB,E07000172,E12000004
NG2 7DG,E07000176,E12000004
NG2 7FU,E07000176,E12000004
NG15 6UT,E07000170,E12000004
NG15 9AP,E07000173,E12000004
NG22 8AD,E07000175,E12000004
NG22 9UW,E07000175,E12000004
S81 0RX,E07000171,E12000004
S81 7BP,E07000171,E12000004
S81 7HT,E07000171,E12000004
NG2 7LD,E07000176,E12000004
NG2 7QF,E07000176,E12000004
NG2 7QR,E07000176,E12000004
NG15 6RL,E07000170,E12000004
NG23 5JP,E07000175,E12000004
NG2 5GZ,E07000176,E12000004
NG2 7HP,E07000176,E12000004
NG15 8HR,E07000170,E12000004
NG16 2HS,E07000172,E12000004
NG24 1PG,E07000175,E12000004
S81 9JR,E07000171,E12000004
NG1 1LY,E06000018,E12000004
NG9 4BA,E07000172,E12000004
NG17 3NX,E07000170,E12000004
NG17 4DD,E07000170,E12000004
NG25 0SR,E07000175,E12000004
NG3 2DA,E06000018,E12000004
NG7 2NQ,E06000018,E12000004
NG15 7LZ,E07000170,E12000004
NG15 7TR,E07000170,E12000004
NG19 6QU,E07000174,E12000004
NG7 3BW,E06000018,E12000004
NG7 3DQ,E06000018,E12000004
NG14 6RF,E07000173,E12000004
NG15 6XE,E07000170,E12000004
NG15 8HJ,E07000170,E12000004
NG21 9ES,E07000175,E12000004
NG5 8FJ,E07000173,E12000004
NG5 9EB,E06000018,E12000004
NG6 9JS,E06000018,E12000004
LE12 6BF,E07000176,E12000004
NG17 3DU,E07000170,E12000004
NG3 1LP,E06000018,E12000004
NG8 2BN,E06000018,E12000004
NG16 1DQ,E07000172,E12000004
NG16 2GJ,E07000172,E12000004
NG22 0LB,E07000171,E12000004
NG6 7EA,E06000018,E12000004
NG11 7FN,E06000018,E12000004
NG12 3TE,E07000176,E12000004
NG2 2NE,E06000018,E12000004
NG2 7DX,E07000176,E12000004
S81 9EJ,E07000171,E12000004
NG12 4FX,E07000176,E12000004
NG2 7AD,E07000176,E12000004
NG2 7ZE,E07000176,E12000004
NG4 1BG,E07000173,E12000004
NG4 3NY,E07000173,E12000004
S81 0UH,E07000171,E12000004
NG15 7GJ,E07000170,E12000004
NG15 8HU,E07000170,E12000004
NG16 3LL,E07000172,E12000004
NG22 0DH,E07000175,E12000004
NG23 6LU,E07000175,E12000004
NG24 1AD,E07000175,E12000004
NG5 8PU,E07000173,E12000004
NG12 2FQ,E07000176,E12000004
NG4 2SH,E07000173,E12000004
NG18 1RW,E07000174,E12000004
NG19 8QP,E07000174,E12000004
NG17 8QJ,E07000170,E12000004
NG3 6GU,E07000173,E12000004
NG8 3PJ,E06000018,E12000004
NG15 9BA,E07000173,E12000004
NG16 2JS,E07000172,E12000004
NG16 2PG,E07000172,E12000004
NG21 9QX,E07000175,E12000004
NG22 8FE,E07000175,E12000004
NG6 0EB,E06000018,E12000004
NG2 3EZ,E06000018,E12000004
NG2 4PA,E06000018,E12000004
NG4 3EH,E07000173,E12000004
NG16 5FS,E07000170,E12000004
NG2 2LF,E06000018,E12000004
NG20 0FD,E07000174,E12000004
NG21 0SL,E07000175,E12000004
NG24 5AA,E07000175,E12000004
NG7 2AY,E06000018,E12000004
NG4 1PE,E07000173,E12000004
NG2 7ZD,E07000176,E12000004
NG24 3BH,E07000175,E12000004
NG4 2FQ,E07000173,E12000004
NG9 8FX,E07000172,E12000004
NG9 8GL,E07000172,E12000004
NG17 3LE,E07000170,E12000004
NG17 5FX,E07000170,E12000004
NG2 6AZ,E07000176,E12000004
NG25 0UG,E07000175,E12000004
NG3 5QJ,E06000018,E12000004
NG7 1FL,E06000018,E12000004
LE12 6QY,E07000176,E12000004
NG11 9FX,E06000018,E12000004
NG19 7BN,E07000174,E12000004
NG22 0QH,E07000171,E12000004
NG14 6FG,E07000173,E12000004
NG16 2JL,E07000172,E12000004
NG17 1JX,E07000170,E12000004
NG17 1LB,E07000170,E12000004
NG17 2GN,E07000170,E12000004
NG2 7NB,E07000176,E12000004
NG20 0HH,E07000174,E12000004
NG8 1DZ,E06000018,E12000004
NG11 7BD,E06000018,E12000004
NG12 3BW,E07000176,E12000004
NG13 8NT,E07000176,E12000004
NG18 4DU,E07000174,E12000004
NG19 8LD,E07000174,E12000004
NG23 5TG,E07000175,E12000004
NG4 1BZ,E07000173,E12000004
NG4 2DR,E07000173,E12000004
NG14 5JQ,E07000173,E12000004
NG14 6NA,E07000173,E12000004
NG5 8NN,E07000173,E12000004
NG6 8JU,E06000018,E12000004
S80 3HL,E07000171,E12000004
NG5 4AW,E06000018,E12000004
NG5 9PY,E07000173,E12000004
NG1 7AD,E06000018,E12000004
NG14 5AG,E07000173,E12000004
NG15 0AF,E07000170,E12000004
NG15 7NX,E07000170,E12000004
NG16 2SW,E07000172,E12000004
NG5 8RE,E07000173,E12000004
NG6 0DB,E06000018,E12000004
NG11 7DB,E06000018,E12000004
NG12 3NU,E07000176,E12000004
NG12 5JF,E07000176,E12000004
NG13 8ZX,E07000176,E12000004
NG19 8AH,E07000174,E12000004
NG4 3QF,E07000173,E12000004
NG4 4LY,E07000173,E12000004
NG5 1FR,E06000018,E12000004
NG2 1QL,E06000018,E12000004
NG2 7QQ,E07000176,E12000004
NG4 3JS,E07000173,E12000004
NG5 1NQ,E06000018,E12000004
NG2 5FQ,E07000176,E12000004
NG9 4HW,E07000172,E12000004
NG13 8FD,E07000176,E12000004
NG19 0JH,E07000174,E12000004
NG4 1AJ,E07000173,E12000004
NG9 6RF,E07000172,E12000004
NG11 8HB,E06000018,E12000004
NG9 2ER,E07000172,E12000004
NG17 2RU,E07000170,E12000004
NG25 0NX,E07000175,E12000004
NG8 2TA,E06000018,E12000004
NG8 5DA,E06000018,E12000004
S81 7RX,E07000171,E12000004
NG15 6FF,E07000170,E12000004
NG15 7HG,E07000170,E12000004
NG22 0SL,E07000171,E12000004
NG23 6TL,E07000175,E12000004
NG5 3ER,E06000018,E12000004
NG5 8AH,E07000173,E12000004
NG5 8QH,E07000173,E12000004
NG5 9AQ,E06000018,E12000004
NG17 1HU,E07000170,E12000004
NG8 2DN,E06000018,E12000004
NG8 5AS,E06000018,E12000004
NG8 5HT,E06000018,E12000004
NG8 5JJ,E06000018,E12000004
S81 8NH,E07000171,E12000004
NG22 8HB,E07000175,E12000004
NG6 8HD,E06000018,E12000004
NG17 2AU,E07000170,E12000004
NG17 4EY,E07000170,E12000004
NG25 0PR,E07000175,E12000004
NG3 7DY,E06000018,E12000004
NG9 1BZ,E07000172,E12000004
S81 0AZ,E07000171,E12000004
S81 0TY,E07000171,E12000004
S81 7ER,E07000171,E12000004
S81 8HR,E07000171,E12000004
NG14 7DW,E07000175,E12000004
NG15 7GN,E07000170,E12000004
S81 9GF,E07000171,E12000004
NG14 5GG,E07000173,E12000004
NG23 7PR,E07000175,E12000004
NG5 5GH,E06000018,E12000004
NG6 9EA,E06000018,E12000004
NG16 3DZ,E07000172,E12000004
NG18 5ED,E07000174,E12000004
NG19 7NR,E07000174,E12000004
NG9 5FT,E07000172,E12000004
S80 3AD,E07000171,E12000004
NG24 1DX,E07000175,E12000004
NG15 7JX,E07000170,E12000004
NG15 8DD,E07000170,E12000004
NG12 3BB,E07000176,E12000004
NG18 3ES,E07000174,E12000004
NG9 6NU,E07000172,E12000004
NG9 8GF,E07000172,E12000004
S80 2DE,E07000171,E12000004
NG4 1FY,E07000173,E12000004
NG4 1JX,E07000173,E12000004
NG12 3GQ,E07000176,E12000004
NG18 2BZ,E07000174,E12000004
NG9 4JP,E07000172,E12000004
NG9 6RS,E07000172,E12000004
S80 1PP,E07000171,E12000004
S80 2JD,E07000171,E12000004
S80 3DP,E07000171,E12000004
NG22 8ED,E07000175,E12000004
NG23 7JB,E07000175,E12000004
NG16 1AJ,E07000172,E12000004
NG5 1NZ,E06000018,E12000004
NG13 8RL,E07000176,E12000004
NG18 1QX,E07000174,E12000004
NG18 4GY,E07000174,E12000004
NG19 8HW,E07000174,E12000004
NG19 9EB,E07000174,E12000004
NG9 1FQ,E07000172,E12000004
NG9 1LT,E07000172,E12000004
NG9 2TT,E06000018,E12000004
S80 2PN,E07000171,E12000004
NG5 2JS,E06000018,E12000004
NG6 0EJ,E06000018,E12000004
NG1 3EN,E06000018,E12000004
NG17 7DE,E07000170,E12000004
NG24 4GU,E07000175,E12000004
NG3 6DS,E07000173,E12000004
NG8 3EJ,E06000018,E12000004
NG25 0RQ,E07000175,E12000004
NG7 3HU,E06000018,E12000004
NG8 4PT,E06000018,E12000004
NG22 9NW,E07000175,E12000004
NG23 5QS,E07000175,E12000004
NG5 5BD,E06000018,E12000004
NG5 5FN,E06000018,E12000004
NG5 6QZ,E07000173,E12000004
NG5 9RF,E06000018,E12000004
NG6 8JW,E06000018,E12000004
NG17 2BU,E07000170,E12000004
NG17 7GZ,E07000170,E12000004
NG17 8FP,E07000170,E12000004
NG24 2TD,E07000175,E12000004
NG3 5LG,E07000173,E12000004
NG7 1JZ,E06000018,E12000004
NG7 1PT,E06000018,E12000004
NG7 2JS,E06000018,E12000004
NG22 0HY,E07000171,E12000004
NG22 9BF,E07000175,E12000004
NG5 5LE,E06000018,E12000004
NG11 6GD,E07000176,E12000004
NG24 3HL,E07000175,E12000004
NG3 3AH,E06000018,E12000004
NG3 4QF,E06000018,E12000004
NG8 4AN,E06000018,E12000004
NG8 5PF,E06000018,E12000004
LE12 6LL,E07000176,E12000004
NG16 5GP,E07000170,E12000004
NG17 3PA,E07000170,E12000004
NG17 9DY,E07000170,E12000004
NG24 3DN,E07000175,E12000004
NG24 3SL,E07000175,E12000004
NG7 4AT,E06000018,E12000004
NG8 2DY,E06000018,E12000004
NG8 6QA,E06000018,E12000004
NG18 1RT,E07000174,E12000004
NG18 5NB,E07000174,E12000004
NG9 7JP,E07000172,E12000004
S81 8UY,E07000171,E12000004
NG17 3AG,E07000170,E12000004
NG17 4NN,E07000170,E12000004
NG17 4PD,E07000170,E12000004
NG17 5HQ,E07000170,E12000004
NG17 9HP,E07000170,E12000004
NG3 2LQ,E06000018,E12000004
NG19 6QX,E07000174,E12000004
NG19 8NL,E07000174,E12000004
NG9 4JF,E07000172,E12000004
S81 0BA,E07000171,E12000004
NG24 4LQ,E07000175,E12000004
NG3 6JH,E06000018,E12000004
NG8 6QH,E06000018,E12000004
NG18 5HZ,E07000174,E12000004
S81 7SW,E07000171,E12000004
NG12 3NX,E07000176,E12000004
NG2 7GT,E07000176,E12000004
NG4 3PD,E07000173,E12000004
NG4 4BG,E07000173,E12000004
S80 1ED,E07000171,E12000004
NG16 2BF,E07000172,E12000004
NG22 0SN,E07000171,E12000004
NG5 3EQ,E06000018,E12000004
NG5 6AN,E07000173,E12000004
NG5 8UD,E07000173,E12000004
NG1 5BJ,E06000018,E12000004
NG11 0JW,E07000176,E12000004
NG16 5JR,E07000170,E12000004
NG17 8DT,E07000170,E12000004
NG24 2SH,E07000175,E12000004
NG7 2LA,E06000018,E12000004
NG7 5AS,E06000018,E12000004
NG8 1JA,E06000018,E12000004
NG9 2FE,E07000172,E12000004
NG9 2HP,E07000172,E12000004
NG9 4DH,E07000172,E12000004
NG9 6NW,E07000172,E12000004
NG2 4JZ,E06000018,E12000004
NG20 0QR,E07000174,E12000004
NG5 2BX,E06000018,E12000004
NG14 6BN,E07000173,E12000004
NG16 1DH,E07000172,E12000004
NG16 2BZ,E07000172,E12000004
NG5 5HZ,E06000018,E12000004
NG5 8PE,E07000173,E12000004
NG11 6NB,E07000176,E12000004
NG12 4LE,E07000176,E12000004
NG13 8QH,E07000176,E12000004
NG21 0JX,E07000175,E12000004
NG22 0NS,E07000175,E12000004
NG24 1RF,E07000175,E12000004
NG5 7AA,E07000173,E12000004
NG5 9AA,E06000018,E12000004
NG5 9EA,E06000018,E12000004
NG5 9LQ,E06000018,E12000004
NG5 9QH,E07000173,E12000004
NG11 9HY,E06000018,E12000004
NG20 0QB,E07000174,E12000004
NG5 1HN,E06000018,E12000004
NG14 5GW,E07000175,E12000004
NG14 7WH,E07000175,E12000004
NG15 6DL,E07000170,E12000004
NG15 9BJ,E07000173,E12000004
NG23 6PL,E07000175,E12000004
NG5 4GG,E07000173,E12000004
NG19 7BS,E07000174,E12000004
NG9 1DR,E07000172,E12000004
S80 2LR,E07000171,E12000004
NG11 8HY,E06000018,E12000004
NG11 9NF,E06000018,E12000004
NG12 1BT,E07000176,E12000004
NG2 3EF,E06000018,E12000004
NG2 4LU,E06000018,E12000004
NG20 0JB,E07000174,E12000004
NG4 1AA,E07000173,E12000004
NG17 8LL,E07000170,E12000004
NG22 9NN,E07000175,E12000004
NG23 7DZ,E07000175,E12000004
NG24 1PL,E07000175,E12000004
NG5 8DF,E07000173,E12000004
NG6 0BS,E06000018,E12000004
NG6 8AU,E06000018,E12000004
NG18 3AR,E07000174,E12000004
NG18 4JR,E07000174,E12000004
NG9 3AJ,E07000172,E12000004
NG9 3ST,E07000172,E12000004
NG9 6AS,E07000172,E12000004
NG9 8JQ,E07000172,E12000004
S80 3GU,E07000171,E12000004
NG12 2FB,E07000176,E12000004
NG12 5DE,E07000176,E12000004
NG2 5FJ,E07000176,E12000004
NG4 1AE,E07000173,E12000004
NG5 1JX,E06000018,E12000004
NG17 5LG,E07000170,E12000004
NG22 0BJ,E07000175,E12000004
NG23 6TG,E07000171,E12000004
NG6 8WR,E06000018,E12000004
NG11 6RX,E07000176,E12000004
NG12 4EZ,E07000176,E12000004
NG13 9NH,E07000176,E12000004
NG21 0JH,E07000175,E12000004
NG16 5BZ,E07000170,E12000004
NG16 5FP,E07000170,E12000004
NG17 1LT,E07000170,E12000004
NG18 5RY,E07000174,E12000004
NG19 6PH,E07000174,E12000004
NG19 7SA,E07000174,E12000004
NG19 9SP,E07000174,E12000004
NG2 1GA,E06000018,E12000004
NG9 6HG,E07000172,E12000004
S80 2AT,E07000171,E12000004
NG4 1LS,E07000173,E12000004
NG4 3DP,E07000173,E12000004
NG4 3PE,E07000173,E12000004
NG5 2FA,E06000018,E12000004
LE12 6RD,E07000176,E12000004
NG8 2DG,E06000018,E12000004
NG22 0DJ,E07000175,E12000004
NG5 6QQ,E07000173,E12000004
NG14 7EE,E07000175,E12000004
NG15 6NQ,E07000170,E12000004
NG16 2UJ,E07000172,E12000004
NG24 2HT,E07000175,E12000004
NG25 0PF,E07000175,E12000004
NG3 4JP,E06000018,E12000004
NG7 6PN,E06000018,E12000004
S81 9QL,E07000171,E12000004
NG16 6PY,E07000170,E12000004
NG17 7DU,E07000170,E12000004
NG24 1GH,E07000175,E12000004
NG24 1SE,E07000175,E12000004
NG5 4FZ,E07000173,E12000004
LE12 5HE,E07000176,E12000004
LE12 5RJ,E07000176,E12000004
NG15 7DQ,E07000170,E12000004
NG24 3FX,E07000175,E12000004
NG7 6LP,E06000018,E12000004
NG8 2BT,E06000018,E12000004
NG14 5BZ,E07000173,E12000004
NG14 7GE,E07000175,E12000004
NG15 6FZ,E07000170,E12000004
NG3 2QP,E06000018,E12000004
NG7 1BH,E06000018,E12000004
NG7 3AB,E06000018,E12000004
NG8 1DW,E06000018,E12000004
NG8 3NU,E06000018,E12000004
NG8 5HQ,E06000018,E12000004
NG8 6DL,E06000018,E12000004
NG12 2DJ,E07000176,E12000004
NG12 4DX,E07000176,E12000004
NG13 8DE,E07000176,E12000004
NG19 7RY,E07000174,E12000004
NG24 1RN,E07000175,E12000004
NG5 9PT,E07000173,E12000004
NG17 4HD,E07000170,E12000004
NG2 1PY,E06000018,E12000004
NG21 0FS,E07000175,E12000004
NG4 1EE,E07000173,E12000004
NG4 2DZ,E07000173,E12000004
NG4 4AN,E07000173,E12000004
NG16 2QG,E07000172,E12000004
NG25 0JS,E07000175,E12000004
NG3 1DY,E06000018,E12000004
NG8 3FU,E06000018,E12000004
LE12 6QH,E07000176,E12000004
NG19 8SA,E07000174,E12000004
NG22 0NW,E07000171,E12000004
NG22 9BH,E07000175,E12000004
NG23 7QJ,E07000175,E12000004
NG5 6LU,E07000173,E12000004
NG1 4HT,E06000018,E12000004
NG1 5EF,E06000018,E12000004
NG16 2TX,E07000172,E12000004
NG16 3DB,E07000172,E12000004
NG9 1JX,E07000172,E12000004
NG9 5FG,E07000172,E12000004
NG24 4TY,E07000175,E12000004
NG3 7DZ,E06000018,E12000004
NG7 2FN,E06000018,E12000004
NG8 2SD,E06000018,E12000004
NG8 4PH,E06000018,E12000004
LE12 6NY,E07000176,E12000004
NG11 8PY,E06000018,E12000004
NG12 3QR,E07000176,E12000004
NG18 5AD,E07000174,E12000004
NG19 9AP,E07000174,E12000004
NG5 7GH,E07000173,E12000004
S81 7RF,E07000171,E12000004
NG17 5DS,E07000170,E12000004
NG17 7BG,E07000170,E12000004
NG20 0BJ,E07000174,E12000004
NG20 9JP,E07000171,E12000004
NG14 5GX,E07000175,E12000004
NG14 7DE,E07000175,E12000004
NG9 3RH,E07000172,E12000004
NG9 6ND,E07000172,E12000004
NG24 5AJ,E07000175,E12000004
NG25 0QB,E07000175,E12000004
NG3 1NR,E06000018,E12000004
NG7 1QZ,E06000018,E12000004
NG8 1FJ,E06000018,E12000004
NG8 2HA,E06000018,E12000004
NG8 4AX,E06000018,E12000004
LE12 6LE,E07000176,E12000004
NG22 9BL,E07000175,E12000004
NG11 0GZ,E07000176,E12000004
NG17 1HB,E07000170,E12000004
NG21 0AJ,E07000175,E12000004
NG16 1ES,E07000172,E12000004
NG9 2WL,E07000172,E12000004
NG7 1JJ,E06000018,E12000004
NG14 7FL,E07000175,E12000004
NG18 4BQ,E07000174,E12000004
NG3 6DE,E06000018,E12000004
S80 2SH,E07000171,E12000004
NG15 6SL,E07000170,E12000004
NG24 2ST,E07000175,E12000004
NG3 7DB,E06000018,E12000004
NG5 3DS,E06000018,E12000004
NG5 6NB,E07000173,E12000004
LE12 6HP,E07000176,E12000004
NG11 8AX,E06000018,E12000004
NG12 3QY,E07000176,E12000004
NG13 7AN,E07000176,E12000004
NG13 9AR,E07000176,E12000004
NG19 9BU,E07000174,E12000004
NG12 2HA,E07000176,E12000004
NG16 5GW,E07000170,E12000004
NG24 1JB,E07000175,E12000004
NG9 2TR,E06000018,E12000004
NG9 4GW,E07000172,E12000004
NG9 8QB,E07000172,E12000004
NG12 3SX,E07000176,E12000004
NG17 9GP,E07000170,E12000004
NG23 7SP,E07000175,E12000004
NG4 3QB,E07000173,E12000004
NG9 4FR,E07000172,E12000004
NG9 4GR,E07000172,E12000004
NG2 6BR,E07000176,E12000004
NG2 6GA,E07000176,E12000004
NG8 5HP,E06000018,E12000004
NG17 1JL,E07000170,E12000004
NG21 9GU,E07000175,E12000004
NG23 6FR,E07000171,E12000004
NG4 1FX,E07000173,E12000004
NG4 4LU,E07000173,E12000004
NG9 1DQ,E07000172,E12000004
NG9 2WJ,E07000172,E12000004
S81 0UX,E07000171,E12000004
S81 7LH,E07000171,E12000004
S81 8BY,E07000171,E12000004
NG7 2LS,E06000018,E12000004
NG7 7LS,E06000018,E12000004
S81 7DE,E07000171,E12000004
S81 7JF,E07000171,E12000004
NG2 6PA,E07000176,E12000004
NG21 0JP,E07000175,E12000004
NG7 3AA,E06000018,E12000004
NG16 3PD,E07000172,E12000004
NG18 2NH,E07000174,E12000004
NG18 4EN,E07000174,E12000004
NG18 5BN,E07000170,E12000004
NG3 4FP,E06000018,E12000004
NG5 8GX,E07000173,E12000004
NG11 9FR,E06000018,E12000004
NG12 4BH,E07000176,E12000004
NG22 8AJ,E07000175,E12000004
NG22 8SF,E07000175,E12000004
NG23 6QF,E07000175,E12000004
NG24 1RL,E07000175,E12000004
NG4 1NR,E07000173,E12000004
NG5 2AL,E06000018,E12000004
S81 8PA,E07000171,E12000004
NG11 6AW,E07000176,E12000004
NG2 7JN,E07000176,E12000004
NG14 5AL,E07000173,E12000004
NG16 2NW,E07000172,E12000004
NG16 3BX,E07000172,E12000004
NG21 9SA,E07000175,E12000004
NG8 6GS,E06000018,E12000004
NG11 7GA,E06000018,E12000004
NG2 4DZ,E06000018,E12000004
NG20 0NE,E07000174,E12000004
NG14 6EP,E07000173,E12000004
NG14 6SL,E07000173,E12000004
NG16 2PU,E07000172,E12000004
NG21 0TQ,E07000175,E12000004
NG22 8EW,E07000175,E12000004
NG22 9DG,E07000175,E12000004
NG24 2BU,E07000175,E12000004
NG7 3JU,E06000018,E12000004
NG7 4BS,E06000018,E12000004
NG21 0AH,E07000175,E12000004
NG4 1RQ,E07000173,E12000004
NG11 6EF,E07000176,E12000004
NG18 4XF,E07000174,E12000004
NG19 8PU,E07000174,E12000004
NG9 5JZ,E07000172,E12000004
NG15 6UX,E07000170,E12000004
NG16 2AJ,E07000172,E12000004
NG21 9NZ,E07000175,E12000004
NG7 1LP,E06000018,E12000004
NG7 2AS,E06000018,E12000004
NG8 2RZ,E06000018,E12000004
NG8 5EU,E06000018,E12000004
NG11 9GY,E06000018,E12000004
NG14 7FR,E07000175,E12000004
NG15 0AE,E07000170,E12000004
NG21 9EQ,E07000175,E12000004
NG7 2FS,E06000018,E12000004
NG12 2GH,E07000176,E12000004
NG13 8SE,E07000176,E12000004
NG2 7YG,E07000176,E12000004
NG19 9DQ,E07000174,E12000004
NG9 6FX,E07000172,E12000004
NG9 8BX,E07000172,E12000004
NG19 8PN,E07000174,E12000004
NG9 6NF,E07000172,E12000004
NG17 9DU,E07000170,E12000004
NG24 3GA,E07000175,E12000004
NG5 6NN,E07000173,E12000004
NG5 8DZ,E07000173,E12000004
NG5 8GN,E07000173,E12000004
S80 1PT,E07000171,E12000004
NG18 2HR,E07000174,E12000004
NG9 5JA,E07000172,E12000004
NG17 1HR,E07000170,E12000004
NG24 4PW,E07000175,E12000004
NG5 8FU,E07000173,E12000004
NG5 8JX,E07000173,E12000004
NG5 8QG,E07000173,E12000004
NG6 0EU,E06000018,E12000004
NG6 9LN,E06000018,E12000004
S80 2SB,E07000171,E12000004
NG3 6GA,E07000173,E12000004
NG5 5PQ,E06000018,E12000004
NG6 8QR,E06000018,E12000004
NG9 7JB,E07000172,E12000004
NG17 8ST,E07000170,E12000004
NG3 6BH,E07000173,E12000004
NG5 6NX,E07000173,E12000004
NG5 8LZ,E07000173,E12000004
NG6 8GX,E06000018,E12000004
NG12 2JA,E07000176,E12000004
NG4 4NJ,E07000173,E12000004
S80 1DP,E07000171,E12000004
NG19 0LD,E07000174,E12000004
NG19 6UD,E07000174,E12000004
NG19 8BW,E07000174,E12000004
NG7 5HA,E06000018,E12000004
NG11 6RD,E07000176,E12000004
NG11 8EH,E06000018,E12000004
NG11 8RA,E06000018,E12000004
NG21 0SF,E07000175,E12000004
NG18 3RB,E07000174,E12000004
NG19 0HZ,E07000174,E12000004
NG19 8LP,E07000174,E12000004
NG3 5AW,E06000018,E12000004
NG15 8JX,E07000173,E12000004
NG16 2BD,E07000172,E12000004
NG16 2EY,E07000172,E12000004
NG21 9JL,E07000175,E12000004
NG5 7FD,E07000173,E12000004
NG4 1JP,E07000173,E12000004
S80 2RY,E07000171,E12000004
NG18 5RZ,E07000174,E12000004
NG24 3UP,E07000175,E12000004
NG7 4GN,E06000018,E12000004
NG8 5LD,E06000018,E12000004
NG13 8UH,E07000176,E12000004
S80 2PG,E07000171,E12000004
NG3 7AH,E06000018,E12000004
NG3 7BH,E06000018,E12000004
NG7 2LG,E06000018,E12000004
NG7 4GX,E06000018,E12000004
NG7 5BL,E06000018,E12000004
NG15 8AN,E07000170,E12000004
NG16 2TZ,E07000172,E12000004
NG21 9FP,E07000175,E12000004
NG22 9DD,E07000175,E12000004
NG6 8AZ,E06000018,E12000004
S81 7HD,E07000171,E12000004
NG17 9HF,E07000170,E12000004
NG14 6DF,E07000173,E12000004
NG14 7HW,E07000175,E12000004
NG22 0NU,E07000175,E12000004
NG22 9QA,E07000175,E12000004
NG17 4BE,E07000170,E12000004
NG9 5PJ,E07000172,E12000004
NG9 6LZ,E07000172,E12000004
NG9 8FT,E07000172,E12000004
NG15 7AJ,E07000170,E12000004
NG16 2FE,E07000172,E12000004
NG21 9HJ,E07000175,E12000004
NG22 8FP,E07000175,E12000004
NG24 2DW,E07000175,E12000004
NG5 6NT,E07000173,E12000004
NG6 8GR,E06000018,E12000004
S81 8FA,E07000171,E12000004
S81 9EA,E07000171,E12000004
NG17 8AE,E07000170,E12000004
NG9 2LL,E07000172,E12000004
NG16 5AT,E07000172,E12000004
NG17 4PS,E07000170,E12000004
NG9 2HB,E07000172,E12000004
NG9 7EL,E07000172,E12000004
NG17 2HB,E07000170,E12000004
NG23 6PH,E07000175,E12000004
NG23 6UJ,E07000175,E12000004
NG4 4QX,E07000173,E12000004
NG17 1GQ,E07000170,E12000004
NG21 9PQ,E07000175,E12000004
NG23 6ED,E07000175,E12000004
NG23 6SW,E07000175,E12000004
NG4 3ND,E07000173,E12000004
NG13 9DE,E07000176,E12000004
NG13 9DU,E07000176,E12000004
NG24 2SD,E07000175,E12000004
NG24 3RU,E07000175,E12000004
NG5 5NL,E06000018,E12000004
NG5 7BE,E07000173,E12000004
NG1 5HQ,E06000018,E12000004
NG17 5DL,E07000170,E12000004
NG17 8AB,E07000170,E12000004
NG17 9ER,E07000170,E12000004
NG4 2HS,E07000173,E12000004
S81 8UR,E07000171,E12000004
S81 9RB,E07000171,E12000004
NG13 8FU,E07000176,E12000004
NG19 0HJ,E07000174,E12000004
NG5 4DF,E06000018,E12000004
NG5 5AD,E06000018,E12000004
S80 1AX,E07000171,E12000004
S80 2DG,E07000171,E12000004
NG14 6RY,E07000173,E12000004
NG16 3GY,E07000172,E12000004
NG14 7GW,E07000175,E12000004
NG2 6JD,E07000176,E12000004
NG1 2NW,E06000018,E12000004
NG17 9LB,E07000170,E12000004
NG4 1FE,E07000173,E12000004
NG7 4HJ,E06000018,E12000004
S81 8TG,E07000171,E12000004
NG13 7AT,E07000176,E12000004
NG18 3GA,E07000174,E12000004
NG9 2NL,E07000172,E12000004
NG9 6DT,E07000172,E12000004
S80 3RB,E07000171,E12000004
NG15 6EX,E07000170,E12000004
NG15 7PT,E07000170,E12000004
NG15 9BT,E07000173,E12000004
NG16 3BN,E07000172,E12000004
NG2 6JP,E07000176,E12000004
NG21 0FG,E07000175,E12000004
NG12 1EH,E07000176,E12000004
NG12 3PQ,E07000176,E12000004
NG13 9EL,E07000176,E12000004
NG19 7JA,E07000174,E12000004
NG6 0LX,E06000018,E12000004
NG6 8FB,E06000018,E12000004
NG6 8ZW,E06000018,E12000004
S80 1NY,E07000171,E12000004
NG16 1GE,E07000172,E12000004
NG9 2RF,E07000172,E12000004
NG9 3QT,E07000172,E12000004
NG12 1BX,E07000176,E12000004
NG4 2GX,E07000173,E12000004
NG4 4JF,E07000173,E12000004
NG4 4JG,E07000173,E12000004
NG5 1NY,E06000018,E12000004
NG19 9FE,E07000174,E12000004
NG17 5GR,E07000170,E12000004
NG9 1QG,E07000172,E12000004
NG9 3PE,E07000172,E12000004
S81 0EE,E07000171,E12000004
NG13 8DW,E07000176,E12000004
NG13 9EH,E07000176,E12000004
NG4 2NW,E07000173,E12000004
NG4 4LJ,E07000173,E12000004
NG18 2BT,E07000174,E12000004
NG18 3DN,E07000174,E12000004
NG24 4TZ,E07000175,E12000004
NG25 0PU,E07000175,E12000004
NG7 2EE,E06000018,E12000004
NG7 4EW,E06000018,E12000004
NG21 9JX,E07000175,E12000004
NG5 5ES,E06000018,E12000004
NG5 6DN,E06000018,E12000004
S80 1HF,E07000171,E12000004
NG22 9EU,E07000175,E12000004
NG22 9PS,E07000175,E12000004
NG5 7NY,E07000173,E12000004
NG6 7GH,E06000018,E12000004
NG16 5HR,E07000170,E12000004
NG16 6EQ,E07000170,E12000004
S81 7HW,E07000171,E12000004
S81 9HG,E07000171,E12000004
LE12 6PP,E07000176,E12000004
NG2 3AX,E06000018,E12000004
NG21 0FB,E07000175,E12000004
NG1 4GS,E06000018,E12000004
NG18 2DY,E07000174,E12000004
NG18 4ER,E07000174,E12000004
NG19 7EF,E07000174,E12000004
NG19 8AF,E07000174,E12000004
NG24 3AL,E07000175,E12000004
NG3 7AD,E06000018,E12000004
NG7 5LE,E06000018,E12000004
NG16 2ET,E07000172,E12000004
NG5 6BX,E07000173,E12000004
NG6 8ZS,E07000173,E12000004
S80 2LW,E07000171,E12000004
S80 3DS,E07000171,E12000004
NG17 1JE,E07000170,E12000004
NG17 8JL,E07000170,E12000004
NG17 9AW,E07000170,E12000004
S81 0DL,E07000171,E12000004
NG11 9BT,E06000018,E12000004
NG12 4BG,E07000176,E12000004
NG4 2FW,E07000173,E12000004
NG4 3QY,E07000173,E12000004
NG5 2EU,E06000018,E12000004
NG11 6EA,E07000176,E12000004
NG18 5DP,E07000174,E12000004
NG19 7GJ,E07000174,E12000004
NG19 8AR,E07000174,E12000004
NG19 8EB,E07000174,E12000004
NG3 4HJ,E06000018,E12000004
NG8 5NX,E06000018,E12000004
NG14 7FZ,E07000175,E12000004
NG23 6SH,E07000171,E12000004
NG6 0DN,E06000018,E12000004
NG11 8SS,E06000018,E12000004
NG12 3DS,E07000176,E12000004
NG12 3JZ,E07000176,E12000004
NG12 5FY,E07000176,E12000004
S81 7LS,E07000171,E12000004
NG14 5BG,E07000173,E12000004
NG21 9PE,E07000175,E12000004
NG11 8PE,E06000018,E12000004
NG12 5QR,E07000176,E12000004
NG2 1PQ,E06000018,E12000004
NG2 5HB,E07000176,E12000004
NG14 6TE,E07000173,E12000004
NG16 3PY,E07000172,E12000004
NG25 0PP,E07000175,E12000004
NG7 2PB,E06000018,E12000004
NG2 7NS,E07000176,E12000004
NG4 2GG,E07000173,E12000004
NG5 1QR,E06000018,E12000004
NG22 0EH,E07000175,E12000004
NG22 0QL,E07000171,E12000004
NG22 9WE,E07000175,E12000004
NG23 7JJ,E07000175,E12000004
NG5 5GT,E06000018,E12000004
NG5 9JA,E06000018,E12000004
NG6 0JJ,E06000018,E12000004
NG8 5EN,E06000018,E12000004
NG1 3NY,E06000018,E12000004
NG18 5SR,E07000174,E12000004
NG19 0SA,E07000174,E12000004
NG9 8DB,E07000172,E12000004
LE12 6AS,E07000176,E12000004
NG12 1BF,E07000176,E12000004
NG13 9FA,E07000176,E12000004
NG2 2FD,E06000018,E12000004
NG4 1FJ,E07000173,E12000004
NG23 5PE,E07000175,E12000004
NG23 6SU,E07000175,E12000004
NG24 1RU,E07000175,E12000004
NG5 2LW,E06000018,E12000004
NG16 5GL,E07000170,E12000004
NG17 8JX,E07000170,E12000004
NG24 4QW,E07000175,E12000004
NG25 0RZ,E07000175,E12000004
NG18 5AF,E07000174,E12000004
NG17 5JX,E07000170,E12000004
NG24 4LD,E07000175,E12000004
NG8 1PD,E06000018,E12000004
NG8 2GE,E06000018,E12000004
NG8 6LE,E06000018,E12000004
NG9 1BD,E07000172,E12000004
S80 3HW,E07000171,E12000004
NG18 4TJ,E07000170,E12000004
NG16 3RS,E07000172,E12000004
NG16 5FR,E07000170,E12000004
NG16 6QE,E07000170,E12000004
NG17 2GJ,E07000170,E12000004
NG24 3HS,E07000175,E12000004
NG25 0BP,E07000175,E12000004
NG3 2FX,E06000018,E12000004
NG7 2SD,E06000018,E12000004
NG18 3JW,E07000174,E12000004
NG18 4RH,E07000174,E12000004
NG9 1GQ,E07000172,E12000004
NG12 5RF,E07000176,E12000004
NG13 8PP,E07000176,E12000004
NG13 8TZ,E07000176,E12000004
NG13 8UA,E07000176,E12000004
NG2 4JP,E06000018,E12000004
NG21 0RQ,E07000175,E12000004
NG7 1PS,E06000018,E12000004
NG7 5RY,E06000018,E12000004
NG18 1LE,E07000174,E12000004
NG4 1QS,E07000173,E12000004
NG4 3RZ,E07000173,E12000004
NG12 3JX,E07000176,E12000004
NG7 6PJ,E06000018,E12000004
NG17 1LN,E07000170,E12000004
NG17 2AR,E07000170,E12000004
NG22 8PB,E07000175,E12000004
NG22 8WL,E07000175,E12000004
NG22 9AZ,E07000175,E12000004
NG23 5NF,E07000175,E12000004
NG23 6NH,E07000175,E12000004
NG4 2DQ,E07000173,E12000004
NG11 8HW,E06000018,E12000004
NG13 9NX,E07000176,E12000004
NG2 3LZ,E06000018,E12000004
NG20 0RP,E07000174,E12000004
NG23 6SF,E07000171,E12000004
NG5 1FQ,E06000018,E12000004
NG12 4EA,E07000176,E12000004
NG12 4LR,E07000176,E12000004
NG2 4JT,E06000018,E12000004
NG21 0BY,E07000174,E12000004
NG7 3RA,E06000018,E12000004
NG8 4PL,E06000018,E12000004
NG8 5PE,E06000018,E12000004
NG17 4HB,E07000170,E12000004
NG4 3DD,E07000173,E12000004
NG4 4FL,E07000173,E12000004
NG4 4JR,E07000173,E12000004
LE12 6QT,E07000176,E12000004
NG19 0EW,E07000174,E12000004
NG19 6RA,E07000174,E12000004
NG5 3GL,E06000018,E12000004
NG5 8LJ,E07000173,E12000004
NG14 6DE,E07000173,E12000004
NG14 7HN,E07000175,E12000004
NG15 7RF,E07000170,E12000004
NG9 2RS,E07000172,E12000004
S81 0DT,E07000171,E12000004
NG1 3PG,E06000018,E12000004
NG18 5TB,E07000174,E12000004
NG24 3AU,E07000175,E12000004
NG6 9BU,E06000018,E12000004
NG14 6FZ,E07000173,E12000004
S81 0RF,E07000171,E12000004
NG18 5JQ,E07000174,E12000004
NG5 7GQ,E07000173,E12000004
NG5 8GP,E07000173,E12000004
NG23 6AP,E07000175,E12000004
NG1 4GX,E06000018,E12000004
NG1 6JP,E06000018,E12000004
NG18 4UZ,E07000170,E12000004
NG18 6AQ,E07000174,E12000004
NG19 9LS,E07000174,E12000004
NG24 2QE,E07000175,E12000004
NG3 6FB,E07000173,E12000004
NG5 5NX,E06000018,E12000004
NG6 7BS,E06000018,E12000004
NG6 8TE,E07000170,E12000004
NG6 9AL,E06000018,E12000004
S80 1AT,E07000171,E12000004
S80 1SQ,E07000171,E12000004
NG12 3FY,E07000176,E12000004
NG17 7FQ,E07000170,E12000004
NG8 1EE,E06000018,E12000004
NG15 6BD,E07000170,E12000004
NG15 7AP,E07000170,E12000004
NG22 9JU,E07000175,E12000004
NG4 2NL,E07000173,E12000004
NG5 1GH,E06000018,E12000004
S81 0HY,E07000171,E12000004
S81 0PT,E07000171,E12000004
NG19 0JY,E07000174,E12000004
NG24 2TF,E07000175,E12000004
NG22 0PB,E07000175,E12000004
NG22 9AG,E07000175,E12000004
NG9 4AW,E07000172,E12000004
NG11 7DJ,E06000018,E12000004
NG2 1PT,E06000018,E12000004
NG20 9EX,E07000171,E12000004
NG21 0HY,E07000175,E12000004
NG21 0PU,E07000175,E12000004
S80 3QW,E07000171,E12000004
NG23 7EP,E07000175,E12000004
NG24 2FJ,E07000175,E12000004
NG11 8HQ,E06000018,E12000004
NG2 6HW,E07000176,E12000004
NG2 6RX,E07000176,E12000004
NG2 7GG,E07000176,E12000004
NG2 7HD,E07000176,E12000004
NG20 0AF,E07000174,E12000004
NG21 0GH,E07000175,E12000004
NG4 2PT,E07000173,E12000004
LE12 6HG,E07000176,E12000004
NG9 1QD,E07000172,E12000004
NG2 2EW,E06000018,E12000004
NG20 0PU,E07000174,E12000004
NG4 4HL,E07000173,E12000004
NG17 9HA,E07000170,E12000004
NG5 2GQ,E06000018,E12000004
NG5 4PX,E07000173,E12000004
NG5 8FQ,E07000173,E12000004
NG5 9NX,E07000173,E12000004
S81 9EY,E07000171,E12000004
S81 9FW,E07000171,E12000004
S81 9RR,E07000171,E12000004
NG8 4BW,E06000018,E12000004
NG8 5EE,E06000018,E12000004
S81 9DT,E07000171,E12000004
NG1 1GN,E06000018,E12000004
NG18 3ET,E07000174,E12000004
NG7 7AY,E06000018,E12000004
NG8 4AZ,E06000018,E12000004
NG16 2AA,E07000172,E12000004
NG12 1BU,E07000176,E12000004
NG13 8JH,E07000176,E12000004
NG2 6NT,E07000176,E12000004
NG4 4DF,E07000173,E12000004
NG17 7HJ,E07000170,E12000004
NG24 4DS,E07000175,E12000004
NG5 3EZ,E06000018,E12000004
NG5 8BL,E07000173,E12000004
NG5 9BN,E06000018,E12000004
NG11 6LH,E07000176,E12000004
NG18 3NB,E07000174,E12000004
NG17 2FU,E07000170,E12000004
NG18 1AP,E07000174,E12000004
NG6 0LE,E06000018,E12000004
NG11 0AH,E07000176,E12000004
NG11 0JN,E07000176,E12000004
NG8 5AX,E06000018,E12000004
NG17 2QS,E07000170,E12000004
NG8 4GJ,E06000018,E12000004
NG13 8ET,E07000176,E12000004
NG14 5BY,E07000173,E12000004
NG16 1HF,E07000172,E12000004
NG18 5GN,E07000174,E12000004
NG19 7GB,E07000174,E12000004
NG17 1NA,E07000170,E12000004
NG17 8NJ,E07000170,E12000004
NG2 3HS,E06000018,E12000004
NG2 5DH,E07000176,E12000004
NG2 7JG,E07000176,E12000004
NG11 9FL,E06000018,E12000004
NG12 3NP,E07000176,E12000004
NG12 5PJ,E07000176,E12000004
NG13 9PH,E07000175,E12000004
NG14 6DZ,E07000173,E12000004
NG3 3GD,E06000018,E12000004
NG5 9HE,E06000018,E12000004
NG17 4AU,E07000170,E12000004
NG18 1AE,E07000174,E12000004
NG4 4LH,E07000173,E12000004
NG16 1DR,E07000172,E12000004
NG16 1LN,E07000172,E12000004
NG19 6BX,E07000174,E12000004
NG19 7RH,E07000174,E12000004
NG25 0EL,E07000175,E12000004
NG3 6FQ,E07000173,E12000004
NG6 0LD,E06000018,E12000004
NG25 0TD,E07000175,E12000004
NG3 3BX,E06000018,E12000004
NG5 5LX,E06000018,E12000004
NG5 6QL,E07000173,E12000004
NG5 8BA,E07000173,E12000004
NG6 7BT,E06000018,E12000004
NG22 0PD,E07000175,E12000004
NG24 2FA,E07000175,E12000004
S80 1RF,E07000171,E12000004
LE14 3QA,E07000176,E12000004
S81 7JL,E07000171,E12000004
NG17 1JH,E07000170,E12000004
NG17 3DE,E07000170,E12000004
NG17 8DU,E07000170,E12000004
NG17 8NG,E07000170,E12000004
NG18 1LL,E07000174,E12000004
NG8 3QB,E06000018,E12000004
NG8 4FF,E06000018,E12000004
NG11 9JZ,E06000018,E12000004
NG9 2DJ,E07000172,E12000004
NG9 6LX,E07000172,E12000004
NG23 6NE,E07000175,E12000004
S81 9NP,E07000171,E12000004
NG16 3DU,E07000172,E12000004
NG18 3LN,E07000174,E12000004
NG25 0AS,E07000175,E12000004
NG3 5EP,E06000018,E12000004
NG24 1LY,E07000175,E12000004
NG12 3DP,E07000176,E12000004
NG12 3TU,E07000176,E12000004
NG18 4RB,E07000174,E12000004
NG19 7LT,E07000174,E12000004
NG3 7DQ,E06000018,E12000004
NG5 3GQ,E06000018,E12000004
NG6 0FF,E06000018,E12000004
NG15 8JL,E07000173,E12000004
NG16 1EA,E07000172,E12000004
NG2 7FP,E07000176,E12000004
NG2 7QE,E07000176,E12000004
NG19 0NA,E07000174,E12000004
NG19 9JE,E07000174,E12000004
NG5 8EL,E07000173,E12000004
NG5 9DN,E06000018,E12000004
NG6 9BN,E06000018,E12000004
S80 2NE,E07000171,E12000004
S80 3EP,E07000171,E12000004
NG14 6AX,E07000175,E12000004
NG14 6PZ,E07000173,E12000004
NG15 8FW,E07000173,E12000004
NG2 6QY,E07000176,E12000004
NG11 8HD,E06000018,E12000004
NG11 9AZ,E06000018,E12000004
NG12 1AJ,E07000176,E12000004
NG12 5SX,E07000176,E12000004
NG19 0EG,E07000174,E12000004
NG24 4RT,E07000175,E12000004
NG5 7AU,E07000173,E12000004
NG5 8HZ,E07000173,E12000004
NG5 9NF,E06000018,E12000004
NG6 0FX,E06000018,E12000004
NG14 7EB,E07000175,E12000004
NG15 7HB,E07000170,E12000004
NG2 5AS,E07000176,E12000004
NG7 3BS,E06000018,E12000004
NG7 3LW,E06000018,E12000004
NG13 8BS,E07000176,E12000004
NG3 3AJ,E06000018,E12000004
NG3 3NE,E06000018,E12000004
NG5 5LD,E06000018,E12000004
NG11 6AB,E07000176,E12000004
NG14 6NE,E07000173,E12000004
NG14 6NN,E07000173,E12000004
NG14 7HG,E07000175,E12000004
NG15 6PY,E07000170,E12000004
NG15 6WH,E07000170,E12000004
NG16 2UB,E07000172,E12000004
NG2 5DZ,E07000176,E12000004
NG2 6DJ,E07000176,E12000004
NG21 0DE,E07000174,E12000004
NG8 5HA,E06000018,E12000004
NG22 8DH,E07000175,E12000004
NG23 6PU,E07000175,E12000004
NG24 1QA,E07000175,E12000004
NG4 4AU,E07000173,E12000004
S81 9DY,E07000171,E12000004
NG8 3AS,E06000018,E12000004
NG8 6HQ,E06000018,E12000004
NG17 3NG,E07000170,E12000004
NG4 2QN,E07000173,E12000004
NG9 5NT,E07000172,E12000004
NG21 9BG,E07000175,E12000004
NG22 0NA,E07000171,E12000004
NG9 6JW,E07000172,E12000004
NG17 7DP,E07000170,E12000004
NG17 8HJ,E07000170,E12000004
NG21 9JT,E07000175,E12000004
NG23 7RP,E07000175,E12000004
NG4 2GT,E07000173,E12000004
S81 8DP,E07000171,E12000004
NG1 1LA,E06000018,E12000004
NG23 6ET,E07000175,E12000004
NG5 2AS,E06000018,E12000004
NG7 2QB,E06000018,E12000004
NG8 2AR,E06000018,E12000004
NG8 3BZ,E06000018,E12000004
NG8 6NJ,E06000018,E12000004
NG2 4FY,E06000018,E12000004
NG2 4RL,E06000018,E12000004
NG2 7QD,E07000176,E12000004
NG1 7FH,E06000018,E12000004
NG7 3JN,E06000018,E12000004
NG8 1BZ,E06000018,E12000004
NG16 3NG,E07000172,E12000004
NG21 0BH,E07000174,E12000004
NG9 4GG,E07000172,E12000004
NG1 3DB,E06000018,E12000004
NG17 4NB,E07000170,E12000004
NG22 0HA,E07000175,E12000004
NG5 1ED,E06000018,E12000004
NG7 1DP,E06000018,E12000004
NG2 6LN,E07000176,E12000004
NG9 5GN,E07000172,E12000004
NG9 6NT,E07000172,E12000004
S80 2LY,E07000171,E12000004
NG12 2LF,E07000176,E12000004
NG24 2NL,E07000175,E12000004
NG24 3FL,E07000175,E12000004
NG25 0JP,E07000175,E12000004
NG5 5TR,E06000018,E12000004
NG5 6AR,E07000173,E12000004
S80 1JR,E07000171,E12000004
NG12 4GJ,E07000176,E12000004
NG5 9PR,E07000173,E12000004
NG6 8RB,E06000018,E12000004
S80 2BX,E07000171,E12000004
S80 2HX,E07000171,E12000004
NG13 8US,E07000176,E12000004
NG18 4RA,E07000174,E12000004
NG3 3PF,E06000018,E12000004
NG3 6EL,E07000173,E12000004
NG3 7AG,E06000018,E12000004
NG6 0LZ,E06000018,E12000004
NG6 8BT,E06000018,E12000004
NG6 9GA,E06000018,E12000004
NG22 0JQ,E07000171,E12000004
NG24 1BL,E07000175,E12000004
NG4 4AA,E07000173,E12000004
NG8 4AQ,E06000018,E12000004
NG14 7AW,E07000175,E12000004
NG16 1FX,E07000172,E12000004
NG16 2FF,E07000172,E12000004
NG16 3PS,E07000172,E12000004
NG9 5DE,E07000172,E12000004
S80 1XE,E07000171,E12000004
NG11 8FT,E06000018,E12000004
NG11 9DQ,E06000018,E12000004
NG12 5SB,E07000176,E12000004
NG24 2TH,E07000175,E12000004
NG3 6EZ,E07000173,E12000004
NG5 5NT,E06000018,E12000004
NG5 8DD,E07000173,E12000004
NG18 4HY,E07000174,E12000004
NG24 3BD,E07000175,E12000004
S81 0XJ,E07000171,E12000004
NG9 5EG,E07000172,E12000004
NG12 2PZ,E07000176,E12000004
NG12 3ND,E07000176,E12000004
NG18 2JB,E07000174,E12000004
NG18 4QT,E07000174,E12000004
NG19 6DT,E07000174,E12000004
NG19 7EU,E07000174,E12000004
NG19 9LT,E07000174,E12000004
NG24 4FS,E07000175,E12000004
NG14 5HR,E07000173,E12000004
NG14 7RA,E07000175,E12000004
NG15 6BW,E07000170,E12000004
NG15 6UN,E07000170,E12000004
NG15 8GU,E07000170,E12000004
NG2 3GH,E06000018,E12000004
NG2 4PB,E06000018,E12000004
NG19 0FH,E07000174,E12000004
NG7 4DN,E06000018,E12000004
NG9 5JN,E07000172,E12000004
NG16 1QF,E07000172,E12000004
NG2 2ES,E06000018,E12000004
NG15 6RW,E07000170,E12000004
NG2 7PY,E07000176,E12000004
NG5 1GD,E06000018,E12000004
NG22 8GB,E07000175,E12000004
NG5 3GW,E06000018,E12000004
NG5 5WP,E06000018,E12000004
NG4 3BJ,E07000173,E12000004
NG17 1NW,E07000170,E12000004
NG17 7HS,E07000170,E12000004
NG18 1AH,E07000174,E12000004
NG21 9QE,E07000175,E12000004
NG23 6LG,E07000175,E12000004
NG5 2JH,E06000018,E12000004
NG5 5QT,E06000018,E12000004
NG5 8RU,E07000173,E12000004
NG4 1RF,E07000173,E12000004
NG18 2SD,E07000174,E12000004
NG24 4EL,E07000175,E12000004
S81 0DA,E07000171,E12000004
DE74 2GW,E07000176,E12000004
NG15 6LR,E07000170,E12000004
S80 3GD,E07000171,E12000004
NG16 5AU,E07000172,E12000004
NG17 2QB,E07000170,E12000004
NG17 8BU,E07000170,E12000004
NG23 7AS,E07000175,E12000004
NG14 5HZ,E07000173,E12000004
NG14 6EB,E07000173,E12000004
NG5 6AY,E07000173,E12000004
NG5 7FN,E07000173,E12000004
NG5 8LH,E07000173,E12000004
LE12 5NN,E07000176,E12000004
NG18 3GW,E07000174,E12000004
NG19 6EY,E07000174,E12000004
NG11 9LZ,E06000018,E12000004
NG12 1AH,E07000176,E12000004
NG12 2FT,E07000176,E12000004
NG20 0QA,E07000174,E12000004
NG16 3JZ,E07000172,E12000004
NG5 3AU,E06000018,E12000004
NG5 3EP,E06000018,E12000004
NG12 1EU,E07000176,E12000004
NG12 2EQ,E07000176,E12000004
NG20 0LH,E07000174,E12000004
NG14 6DS,E07000173,E12000004
NG15 8AQ,E07000170,E12000004
NG21 9NJ,E07000175,E12000004
NG1 4AH,E06000018,E12000004
NG11 6HD,E07000176,E12000004
NG9 2GU,E07000172,E12000004
NG9 2NJ,E07000172,E12000004
NG12 1FL,E07000176,E12000004
NG13 8NW,E07000176,E12000004
NG13 8ZQ,E07000176,E12000004
NG2 1LQ,E06000018,E12000004
NG16 2LF,E07000172,E12000004
NG22 8GH,E07000175,E12000004
NG23 5RY,E07000175,E12000004
NG5 2GZ,E06000018,E12000004
NG5 4BZ,E06000018,E12000004
NG6 8QU,E06000018,E12000004
NG11 6LD,E07000176,E12000004
NG19 9JA,E07000174,E12000004
NG9 2NN,E07000172,E12000004
NG9 7HW,E07000172,E12000004
NG4 4FG,E07000173,E12000004
S80 3DX,E07000171,E12000004
NG24 3DS,E07000175,E12000004
NG24 3WR,E07000175,E12000004
NG3 5FQ,E06000018,E12000004
NG3 5LP,E07000173,E12000004
NG7 3EF,E06000018,E12000004
NG17 3JL,E07000170,E12000004
NG17 6AD,E07000170,E12000004
NG24 3BT,E07000175,E12000004
NG8 3PT,E06000018,E12000004
NG8 5GE,E06000018,E12000004
NG16 5JQ,E07000170,E12000004
NG17 4LP,E07000170,E12000004
NG17 8SU,E07000170,E12000004
NG3 3EB,E06000018,E12000004
S81 0TU,E07000171,E12000004
NG2 6BF,E07000176,E12000004
NG2 7NQ,E07000176,E12000004
NG21 0QS,E07000175,E12000004
NG4 2FY,E07000173,E12000004
S80 2HL,E07000171,E12000004
NG17 7JU,E07000170,E12000004
NG24 3EG,E07000175,E12000004
NG3 2AL,E06000018,E12000004
NG3 5PN,E06000018,E12000004
NG3 6BG,E07000173,E12000004
S81 0AR,E07000171,E12000004
NG11 6RY,E07000176,E12000004
NG11 7GQ,E06000018,E12000004
NG2 4QA,E06000018,E12000004
NG20 9NW,E07000171,E12000004
NG21 0AG,E07000175,E12000004
NG7 5AA,E06000018,E12000004
NG8 3HH,E06000018,E12000004
S81 9QS,E07000171,E12000004
NG15 7GZ,E07000170,E12000004
NG21 0UY,E07000174,E12000004
NG22 8PD,E07000175,E12000004
NG23 6DQ,E07000175,E12000004
NG11 6RG,E07000176,E12000004
NG11 8LH,E06000018,E12000004
NG7 5AH,E06000018,E12000004
NG8 5FJ,E06000018,E12000004
S81 8NW,E07000171,E12000004
LE12 6YE,E07000176,E12000004
NG4 4QT,E07000173,E12000004
NG5 1AN,E06000018,E12000004
NG9 4AY,E07000172,E12000004
NG2 3BP,E06000018,E12000004
NG2 7FZ,E07000176,E12000004
NG7 7DR,E06000018,E12000004
NG8 6HX,E06000018,E12000004
NG14 6PA,E07000173,E12000004
NG16 3DA,E07000172,E12000004
NG22 8GG,E07000175,E12000004
NG12 2BH,E07000176,E12000004
NG13 8FG,E07000176,E12000004
NG2 1LA,E06000018,E12000004
NG8 4PA,E06000018,E12000004
NG15 0AU,E07000170,E12000004
NG15 8AJ,E07000170,E12000004
NG15 9FD,E07000173,E12000004
NG9 1LL,E07000172,E12000004
NG9 3HE,E07000172,E12000004
NG19 6QW,E07000174,E12000004
NG5 5TD,E06000018,E12000004
NG5 5UN,E06000018,E12000004
NG1 3BW,E06000018,E12000004
NG18 2NA,E07000174,E12000004
NG19 0LW,E07000174,E12000004
NG2 1AN,E06000018,E12000004
NG24 3WA,E07000175,E12000004
NG5 5RA,E06000018,E12000004
NG16 5DD,E07000172,E12000004
NG24 3JY,E07000175,E12000004
NG3 5HU,E06000018,E12000004
NG5 6LB,E07000173,E12000004
NG5 9AX,E06000018,E12000004
NG5 9JZ,E06000018,E12000004
NG6 7DR,E06000018,E12000004
NG17 8AQ,E07000170,E12000004
NG1 5FE,E06000018,E12000004
NG18 1ST,E07000174,E12000004
NG18 5DW,E07000174,E12000004
NG19 0BG,E07000174,E12000004
NG19 9LF,E07000174,E12000004
NG24 2HD,E07000175,E12000004
NG24 2SL,E07000175,E12000004
NG3 3PJ,E06000018,E12000004
NG5 4JY,E07000173,E12000004
NG5 5PH,E06000018,E12000004
NG17 2GZ,E07000170,E12000004
LE12 6LH,E07000176,E12000004
NG3 6BX,E07000173,E12000004
NG5 6ET,E06000018,E12000004
NG5 6QF,E07000173,E12000004
NG6 8PZ,E06000018,E12000004
NG6 8SP,E06000018,E12000004
NG19 7RP,E07000174,E12000004
NG17 2SE,E07000170,E12000004
NG17 7QJ,E07000170,E12000004
NG17 9FE,E07000170,E12000004
NG5 4BB,E06000018,E12000004
NG5 8QT,E07000173,E12000004
NG6 8HR,E06000018,E12000004
NG11 0JY,E07000176,E12000004
NG18 4LT,E07000174,E12000004
NG9 2GR,E07000172,E12000004
NG9 5AA,E07000172,E12000004
NG9 8FH,E07000172,E12000004
NG16 6RG,E07000170,E12000004
NG24 2LW,E07000175,E12000004
NG24 5BH,E07000175,E12000004
NG3 6JJ,E06000018,E12000004
NG5 8NT,E07000173,E12000004
NG6 8BE,E06000018,E12000004
LE12 6SG,E07000176,E12000004
NG17 4GY,E07000170,E12000004
NG18 1JQ,E07000174,E12000004
NG24 2JA,E07000175,E12000004
NG6 9LJ,E06000018,E12000004
NG1 6FX,E06000018,E12000004
NG11 0HD,E07000176,E12000004
NG11 6DX,E07000176,E12000004
NG18 1QQ,E07000174,E12000004
NG19 8EF,E07000174,E12000004
S80 3HU,E07000171,E12000004
NG21 0RH,E07000175,E12000004
NG4 1DJ,E07000173,E12000004
NG8 4NG,E06000018,E12000004
NG8 4PY,E06000018,E12000004
NG8 5JG,E06000018,E12000004
S81 0PN,E07000171,E12000004
NG23 6EA,E07000175,E12000004
NG12 5GU,E07000176,E12000004
NG2 7BU,E07000176,E12000004
NG8 6JJ,E06000018,E12000004
S81 8GP,E07000171,E12000004
NG22 9UJ,E07000175,E12000004
NG23 7BL,E07000175,E12000004
S80 3BY,E07000171,E12000004
NG11 8NY,E06000018,E12000004
NG11 9JE,E06000018,E12000004
NG13 8JQ,E07000176,E12000004
NG4 4HF,E07000173,E12000004
NG5 1BZ,E06000018,E12000004
NG7 7NR,E06000018,E12000004
NG8 1FR,E06000018,E12000004
NG8 4BL,E06000018,E12000004
S81 7HP,E07000171,E12000004
NG21 9QW,E07000175,E12000004
NG22 8PZ,E07000175,E12000004
S80 3QB,E07000171,E12000004
NG12 4DH,E07000176,E12000004
NG2 4PG,E06000018,E12000004
NG4 3JH,E07000173,E12000004
NG8 2TP,E06000018,E12000004
S81 7NG,E07000171,E12000004
S81 7PU,E07000171,E12000004
NG14 6DW,E07000173,E12000004
NG15 9JR,E07000173,E12000004
NG16 1AB,E07000172,E12000004
NG16 2BJ,E07000172,E12000004
NG22 8JS,E07000175,E12000004
NG22 9HE,E07000175,E12000004
NG23 6BZ,E07000175,E12000004
LE12 6AP,E07000176,E12000004
NG17 1NB,E07000170,E12000004
NG21 9FA,E07000175,E12000004
NG22 0BZ,E07000175,E12000004
NG22 8AT,E07000175,E12000004
NG15 8BS,E07000170,E12000004
NG2 2HU,E06000018,E12000004
NG2 7QT,E07000176,E12000004
NG24 4HJ,E07000175,E12000004
NG8 2BH,E06000018,E12000004
NG8 6JP,E06000018,E12000004
S81 8TY,E07000171,E12000004
LE12 6JF,E07000176,E12000004
NG16 5FQ,E07000170,E12000004
NG22 9XT,E07000175,E12000004
NG4 3EB,E07000173,E12000004
NG4 4JQ,E07000173,E12000004
NG9 1EY,E07000172,E12000004
NG9 7HT,E07000172,E12000004
NG15 6TU,E07000170,E12000004
NG16 1RB,E07000172,E12000004
NG16 3LF,E07000172,E12000004
NG20 0PW,E07000174,E12000004
NG24 3SB,E07000175,E12000004
NG7 1LH,E06000018,E12000004
NG13 8UJ,E07000176,E12000004
NG18 4HR,E07000174,E12000004
NG19 0SG,E07000174,E12000004
NG19 7LE,E07000174,E12000004
LE12 5NL,E07000176,E12000004
LE12 6AX,E07000176,E12000004
NG16 5AR,E07000172,E12000004
NG22 0DL,E07000175,E12000004
NG23 7EU,E07000175,E12000004
NG15 8JD,E07000170,E12000004
NG15 9FP,E07000173,E12000004
NG3 5SN,E07000173,E12000004
NG9 1DJ,E07000172,E12000004
NG5 2JX,E06000018,E12000004
NG5 9LA,E06000018,E12000004
NG6 8BY,E06000018,E12000004
NG17 8GB,E07000170,E12000004
NG17 8GY,E07000170,E12000004
NG17 9EZ,E07000170,E12000004
NG4 3BS,E07000173,E12000004
NG15 0AR,E07000170,E12000004
NG15 9DZ,E07000173,E12000004
NG16 2GH,E07000172,E12000004
NG16 3FH,E07000172,E12000004
NG25 0DT,E07000175,E12000004
NG3 5FD,E06000018,E12000004
NG7 1RS,E06000018,E12000004
NG9 1AD,E07000172,E12000004
S81 8JQ,E07000171,E12000004
S80 1UZ,E07000171,E12000004
S80 1YF,E07000171,E12000004
NG12 2AL,E07000176,E12000004
NG1 3PJ,E06000018,E12000004
S80 1HW,E07000171,E12000004
LE14 3AR,E07000176,E12000004
NG12 5GF,E07000176,E12000004
NG19 6RQ,E07000174,E12000004
NG5 5HY,E06000018,E12000004
S80 3DL,E07000171,E12000004
NG18 4AB,E07000174,E12000004
NG18 5GH,E07000174,E12000004
NG19 0PP,E07000174,E12000004
NG9 2HS,E07000172,E12000004
NG9 7HX,E07000172,E12000004
NG9 8LZ,E07000172,E12000004
NG23 6EU,E07000175,E12000004
NG5 3HQ,E06000018,E12000004
NG5 8SR,E07000173,E12000004
NG11 9GH,E06000018,E12000004
NG12 2JY,E07000176,E12000004
NG13 9BX,E07000176,E12000004
NG2 6JG,E07000176,E12000004
NG5 1PA,E06000018,E12000004
NG18 3JF,E07000174,E12000004
NG9 1QA,E07000172,E12000004
NG9 5BX,E07000172,E12000004
NG22 9GS,E07000175,E12000004
NG5 9PW,E07000173,E12000004
NG9 8PR,E07000172,E12000004
NG16 1GL,E07000172,E12000004
NG22 8FL,E07000175,E12000004
NG6 8HN,E06000018,E12000004
NG12 3UR,E07000176,E12000004
NG12 5HU,E07000176,E12000004
NG13 7AL,E07000176,E12000004
NG20 0RR,E07000174,E12000004
NG21 0ND,E07000175,E12000004
NG21 0SH,E07000175,E12000004
NG11 7FQ,E06000018,E12000004
NG20 9NP,E07000171,E12000004
NG17 4HH,E07000170,E12000004
NG24 3SF,E07000175,E12000004
S81 7TG,E07000171,E12000004
NG17 2RW,E07000170,E12000004
NG17 7JT,E07000170,E12000004
NG7 7HL,E06000018,E12000004
NG8 5EQ,E06000018,E12000004
NG18 2PS,E07000174,E12000004
NG19 0LQ,E07000174,E12000004
NG19 8NX,E07000174,E12000004
NG16 2YS,E07000172,E12000004
NG6 9GT,E06000018,E12000004
NG11 6QP,E07000176,E12000004
NG11 8PH,E06000018,E12000004
NG12 5EG,E07000176,E12000004
NG13 9HZ,E07000176,E12000004
NG2 7YX,E07000176,E12000004
NG17 3BD,E07000170,E12000004
NG24 3HF,E07000175,E12000004
NG24 3PW,E07000175,E12000004
NG3 5QF,E07000173,E12000004
NG24 2TY,E07000175,E12000004
NG9 5AU,E07000172,E12000004
NG13 9JU,E07000176,E12000004
NG3 2LG,E06000018,E12000004
NG8 2AL,E06000018,E12000004
NG8 4JJ,E06000018,E12000004
NG11 6EQ,E07000176,E12000004
NG12 4JB,E07000176,E12000004
NG18 6AL,E07000174,E12000004
NG9 2PJ,E07000172,E12000004
NG17 2FR,E07000170,E12000004
NG24 3XQ,E07000175,E12000004
S80 2HP,E07000171,E12000004
NG11 6GG,E07000176,E12000004
NG11 6HB,E07000176,E12000004
NG13 8JJ,E07000176,E12000004
NG15 9DN,E07000173,E12000004
NG16 3JY,E07000172,E12000004
NG5 8NY,E07000173,E12000004
S81 8UH,E07000171,E12000004
NG18 3AH,E07000174,E12000004
NG18 4NH,E07000174,E12000004
NG18 4TE,E07000174,E12000004
NG24 2TT,E07000175,E12000004
NG5 6TG,E07000173,E12000004
NG5 8GT,E07000173,E12000004
NG15 6PA,E07000170,E12000004
NG18 4FY,E07000174,E12000004
NG18 4UW,E07000170,E12000004
NG19 6LH,E07000174,E12000004
NG19 9PB,E07000174,E12000004
NG3 2NT,E06000018,E12000004
NG3 4EL,E06000018,E12000004
NG3 5DE,E06000018,E12000004
NG5 7LX,E07000173,E12000004
NG15 8BH,E07000170,E12000004
S81 0AP,E07000171,E12000004
S81 7SG,E07000171,E12000004
NG2 5ED,E07000176,E12000004
NG17 2EU,E07000170,E12000004
NG18 1NY,E07000174,E12000004
NG8 5JN,E06000018,E12000004
NG11 9ET,E06000018,E12000004
NG12 4BS,E07000176,E12000004
NG2 5BP,E07000176,E12000004
NG20 0RS,E07000174,E12000004
NG16 6DU,E07000170,E12000004
NG17 3EY,E07000170,E12000004
NG7 3GF,E06000018,E12000004
NG8 6HY,E06000018,E12000004
NG15 6HQ,E07000170,E12000004
NG22 9UL,E07000175,E12000004
NG23 6FF,E07000175,E12000004
NG23 6HQ,E07000175,E12000004
NG5 1QJ,E06000018,E12000004
NG12 2NT,E07000176,E12000004
NG16 6AS,E07000170,E12000004
NG7 2UJ,E06000018,E12000004
NG8 2GT,E06000018,E12000004
NG8 3NL,E06000018,E12000004
NG8 5EA,E06000018,E12000004
NG8 5HW,E06000018,E12000004
NG3 2LH,E06000018,E12000004
NG3 6HA,E07000173,E12000004
S80 2QJ,E07000171,E12000004
NG14 6PU,E07000173,E12000004
NG14 7DN,E07000175,E12000004
NG16 1ET,E07000172,E12000004
NG23 5SH,E07000175,E12000004
NG24 2BB,E07000175,E12000004
NG4 3SF,E07000173,E12000004
NG4 4FW,E07000173,E12000004
NG9 2BU,E07000172,E12000004
NG9 6DH,E07000172,E12000004
NG18 3NS,E07000174,E12000004
NG18 4FA,E07000174,E12000004
NG18 4UY,E07000170,E12000004
NG3 3EF,E06000018,E12000004
NG3 7AY,E06000018,E12000004
NG3 7BD,E06000018,E12000004
NG5 5LT,E06000018,E12000004
NG9 3EF,E07000172,E12000004
NG1 2BP,E06000018,E12000004
NG19 7SP,E07000174,E12000004
NG5 5DZ,E06000018,E12000004
NG11 8FJ,E06000018,E12000004
NG11 9FS,E06000018,E12000004
NG12 4JH,E07000176,E12000004
NG20 9JF,E07000171,E12000004
NG17 3FE,E07000170,E12000004
NG17 4PQ,E07000170,E12000004
NG18 1DB,E07000174,E12000004
NG8 1HB,E06000018,E12000004
NG14 6QF,E07000173,E12000004
NG22 0AR,E07000175,E12000004
NG22 0SX,E07000175,E12000004
NG22 9TT,E07000175,E12000004
NG4 1AS,E07000173,E12000004
NG4 2RF,E07000173,E12000004
NG18 5GR,E07000174,E12000004
NG19 7SQ,E07000174,E12000004
NG24 4GT,E07000175,E12000004
NG24 4SD,E07000175,E12000004
NG24 4TE,E07000175,E12000004
NG24 4WA,E07000175,E12000004
NG5 2HE,E06000018,E12000004
NG5 6NJ,E07000173,E12000004
NG16 1DD,E07000172,E12000004
NG16 2SZ,E07000172,E12000004
NG22 0PX,E07000171,E12000004
NG2 5BZ,E07000176,E12000004
NG2 7GY,E07000176,E12000004
S80 1AH,E07000171,E12000004
NG9 2FT,E07000172,E12000004
NG11 8EP,E06000018,E12000004
NG4 1BE,E07000173,E12000004
NG4 4GF,E07000173,E12000004
S80 1SY,E07000171,E12000004
NG2 7HS,E07000176,E12000004
NG4 1EQ,E07000173,E12000004
NG4 1QD,E07000173,E12000004
NG4 4NL,E07000173,E12000004
NG17 1JW,E07000170,E12000004
NG3 5GJ,E06000018,E12000004
NG6 8UD,E06000018,E12000004
NG11 0DB,E07000176,E12000004
NG18 1RU,E07000174,E12000004
NG7 2PG,E06000018,E12000004
NG7 3FJ,E06000018,E12000004
NG8 2NL,E06000018,E12000004
NG16 6ET,E07000170,E12000004
NG17 2FP,E07000170,E12000004
NG24 3WP,E07000175,E12000004
NG3 3DX,E06000018,E12000004
NG3 3EG,E06000018,E12000004
NG3 4PL,E06000018,E12000004
S81 7SY,E07000171,E12000004
S81 9EE,E07000171,E12000004
LE14 3AH,E07000176,E12000004
NG18 3RD,E07000174,E12000004
NG18 4JE,E07000174,E12000004
NG15 7SE,E07000170,E12000004
NG22 8RB,E07000175,E12000004
NG9 4BG,E07000172,E12000004
NG2 4QU,E06000018,E12000004
NG21 0RA,E07000175,E12000004
NG4 4DJ,E07000173,E12000004
NG24 5AF,E07000175,E12000004
NG3 5DD,E06000018,E12000004
NG5 4BA,E06000018,E12000004
NG5 8PF,E07000173,E12000004
NG5 9QG,E07000173,E12000004
S81 9EH,E07000171,E12000004
NG18 2EH,E07000174,E12000004
NG19 7SE,E07000174,E12000004
NG8 6DA,E06000018,E12000004
NG8 6FJ,E06000018,E12000004
NG18 1JL,E07000174,E12000004
NG5 4HT,E07000173,E12000004
S81 9PG,E07000171,E12000004
NG8 1HR,E06000018,E12000004
NG8 4DE,E06000018,E12000004
NG16 6WL,E07000170,E12000004
NG17 9EU,E07000170,E12000004
NG2 5HG,E07000176,E12000004
NG7 1JU,E06000018,E12000004
NG7 1PB,E06000018,E12000004
NG7 2DQ,E06000018,E12000004
NG9 1QB,E07000172,E12000004
NG9 3TA,E07000172,E12000004
NG15 6QN,E07000170,E12000004
NG18 1RS,E07000174,E12000004
NG25 0FY,E07000175,E12000004
NG17 2ED,E07000170,E12000004
NG17 9FL,E07000170,E12000004
NG7 1JW,E06000018,E12000004
NG7 1SF,E06000018,E12000004
NG7 6EQ,E06000018,E12000004
NG4 4GD,E07000173,E12000004
NG14 5AJ,E07000173,E12000004
NG14 6JR,E07000173,E12000004
NG18 2RE,E07000174,E12000004
NG24 4DZ,E07000175,E12000004
NG3 6BP,E07000173,E12000004
NG6 9GE,E06000018,E12000004
NG16 5GZ,E07000170,E12000004
NG17 3LX,E07000170,E12000004
NG2 7AN,E07000176,E12000004
NG7 2GB,E06000018,E12000004
NG8 2PS,E06000018,E12000004
NG8 5ER,E06000018,E12000004
NG8 5JS,E06000018,E12000004
NG11 8RH,E06000018,E12000004
NG11 9HX,E06000018,E12000004
NG15 0BD,E07000173,E12000004
NG15 8GD,E07000173,E12000004
NG19 0HH,E07000174,E12000004
NG24 3EH,E07000175,E12000004
NG25 0BT,E07000175,E12000004
NG5 3DN,E06000018,E12000004
NG5 4LL,E07000173,E12000004
NG5 5UU,E06000018,E12000004
NG5 7LR,E07000173,E12000004
NG5 7LU,E07000173,E12000004
NG5 9AF,E06000018,E12000004
NG6 0NU,E06000018,E12000004
S80 2QA,E07000171,E12000004
NG22 8US,E07000175,E12000004
NG24 1DE,E07000175,E12000004
S81 7TJ,E07000171,E12000004
S80 1EW,E07000171,E12000004
S80 2UP,E07000171,E12000004
NG22 0TY,E07000171,E12000004
NG17 2AY,E07000170,E12000004
NG2 4GH,E06000018,E12000004
NG7 1DE,E06000018,E12000004
NG7 2ER,E06000018,E12000004
NG7 3NU,E06000018,E12000004
NG8 6BF,E06000018,E12000004
NG4 2NZ,E07000173,E12000004
NG9 3RP,E07000172,E12000004
NG9 8GE,E07000172,E12000004
NG9 8PA,E07000172,E12000004
NG21 9RZ,E07000175,E12000004
S81 0PZ,E07000171,E12000004
S81 8AE,E07000171,E12000004
S81 9AH,E07000171,E12000004
S81 9PQ,E07000171,E12000004
NG16 1QG,E07000172,E12000004
NG19 9NH,E07000174,E12000004
S80 2RU,E07000171,E12000004
NG24 2JJ,E07000175,E12000004
NG24 2UB,E07000175,E12000004
NG3 3NG,E06000018,E12000004
NG3 5NT,E07000173,E12000004
NG3 6AP,E07000173,E12000004
NG16 2BU,E07000172,E12000004
NG8 6NQ,E06000018,E12000004
NG11 9HB,E06000018,E12000004
NG13 9BS,E07000176,E12000004
NG18 3PZ,E07000174,E12000004
NG19 9BE,E07000174,E12000004
NG24 4TT,E07000175,E12000004
NG3 7DA,E06000018,E12000004
NG5 6FJ,E07000173,E12000004
NG5 7JG,E07000173,E12000004
NG6 0HQ,E06000018,E12000004
NG1 3LT,E06000018,E12000004
NG14 6AE,E07000175,E12000004
NG20 0LS,E07000174,E12000004
NG21 0HZ,E07000175,E12000004
NG7 5GB,E06000018,E12000004
NG11 8LF,E06000018,E12000004
NG12 5EF,E07000176,E12000004
NG18 4AR,E07000174,E12000004
NG18 4UT,E07000170,E12000004
NG5 8DH,E07000173,E12000004
NG6 0NX,E06000018,E12000004
NG6 8JX,E06000018,E12000004
NG6 9FS,E06000018,E12000004
S80 1UG,E07000171,E12000004
NG14 7HZ,E07000175,E12000004
NG15 6XA,E07000170,E12000004
NG15 9GP,E07000173,E12000004
NG2 7TP,E07000176,E12000004
NG7 1RR,E06000018,E12000004
NG8 2JL,E06000018,E12000004
NG12 3TQ,E07000176,E12000004
NG13 8DJ,E07000176,E12000004
NG13 9NE,E07000176,E12000004
NG18 4HU,E07000174,E12000004
NG25 0EY,E07000175,E12000004
NG25 0JW,E07000175,E12000004
NG1 3BH,E06000018,E12000004
NG15 9AQ,E07000173,E12000004
NG16 3NA,E07000172,E12000004
NG8 3AT,E06000018,E12000004
NG8 3PH,E06000018,E12000004
NG8 5GQ,E06000018,E12000004
NG22 9BE,E07000175,E12000004
NG23 6LS,E07000175,E12000004
NG4 2HZ,E07000173,E12000004
NG9 3LU,E07000172,E12000004
NG8 6HZ,E06000018,E12000004
NG9 4EZ,E07000172,E12000004
NG17 1LY,E07000170,E12000004
NG17 7EG,E07000170,E12000004
NG18 1HH,E07000174,E12000004
NG23 7RE,E07000175,E12000004
NG24 1JS,E07000175,E12000004
NG4 1RB,E07000173,E12000004
NG17 5HU,E07000170,E12000004
NG22 9BW,E07000175,E12000004
NG24 2BE,E07000175,E12000004
NG4 1NJ,E07000173,E12000004
NG9 5NJ,E07000172,E12000004
NG1 7HD,E06000018,E12000004
NG11 6LF,E07000176,E12000004
NG17 8SJ,E07000170,E12000004
NG24 1ST,E07000175,E12000004
NG4 4GP,E07000173,E12000004
NG15 9GL,E07000173,E12000004
NG2 3LT,E06000018,E12000004
NG2 3UP,E06000018,E12000004
NG1 6GY,E06000018,E12000004
NG17 7QR,E07000170,E12000004
NG22 9LY,E07000175,E12000004
NG23 5LE,E07000176,E12000004
NG23 6LZ,E07000175,E12000004
NG4 1BN,E07000173,E12000004
NG4 2NU,E07000173,E12000004
NG7 2DX,E06000018,E12000004
NG7 3HH,E06000018,E12000004
NG8 1DU,E06000018,E12000004
NG15 8JJ,E07000170,E12000004
NG2 5FA,E07000176,E12000004
NG20 9LZ,E07000171,E12000004
NG9 1LS,E07000172,E12000004
NG16 5JA,E07000170,E12000004
NG21 9NL,E07000175,E12000004
NG4 2LT,E07000173,E12000004
NG7 7BP,E06000018,E12000004
S81 7AE,E07000171,E12000004
NG14 7ED,E07000175,E12000004
NG2 7QU,E07000176,E12000004
S80 2JB,E07000171,E12000004
NG11 8HU,E06000018,E12000004
NG11 9LR,E06000018,E12000004
NG13 8DY,E07000176,E12000004
NG13 8NQ,E07000176,E12000004
NG24 3HD,E07000175,E12000004
NG24 3HQ,E07000175,E12000004
NG24 3NX,E07000175,E12000004
NG24 4AU,E07000175,E12000004
NG3 3BA,E06000018,E12000004
NG5 4DL,E06000018,E12000004
NG12 2HD,E07000176,E12000004
NG18 5PW,E07000174,E12000004
NG24 5AD,E07000175,E12000004
NG3 1EJ,E06000018,E12000004
NG3 5GD,E06000018,E12000004
NG3 6AF,E07000173,E12000004
NG18 3HB,E07000174,E12000004
NG3 3ND,E06000018,E12000004
NG5 8PJ,E07000173,E12000004
NG6 9HY,E06000018,E12000004
NG1 3PE,E06000018,E12000004
NG8 2AE,E06000018,E12000004
NG8 4AA,E06000018,E12000004
NG15 9AF,E07000173,E12000004
NG16 2HH,E07000172,E12000004
NG16 2TH,E07000172,E12000004
NG2 4NZ,E06000018,E12000004
NG11 9JG,E06000018,E12000004
NG18 4NW,E07000174,E12000004
NG19 7LQ,E07000174,E12000004
NG24 4EP,E07000175,E12000004
NG3 6ND,E07000173,E12000004
NG5 2NP,E06000018,E12000004
NG5 5GQ,E06000018,E12000004
NG5 8AF,E07000173,E12000004
NG5 8FP,E07000173,E12000004
NG11 8QD,E06000018,E12000004
NG12 3UQ,E07000176,E12000004
NG13 9AJ,E07000176,E12000004
NG19 8EQ,E07000174,E12000004
NG19 9SB,E07000174,E12000004
NG25 0RH,E07000175,E12000004
NG7 1DF,E06000018,E12000004
NG8 4PN,E06000018,E12000004
NG8 6HP,E06000018,E12000004
S81 0UG,E07000171,E12000004
NG9 6RR,E07000172,E12000004
NG11 8BQ,E06000018,E12000004
NG12 2DY,E07000176,E12000004
NG12 5RR,E07000176,E12000004
NG13 8QS,E07000176,E12000004
NG25 0FZ,E07000175,E12000004
NG25 0UW,E07000175,E12000004
S81 0JJ,E07000171,E12000004
NG9 1NB,E07000172,E12000004
NG9 1QJ,E07000172,E12000004
NG19 0DP,E07000174,E12000004
NG24 2QJ,E07000175,E12000004
NG7 6AB,E06000018,E12000004
NG7 6LN,E06000018,E12000004
NG8 4PQ,E06000018,E12000004
NG15 7RX,E07000170,E12000004
NG16 1BW,E07000172,E12000004
NG2 3LJ,E06000018,E12000004
NG2 6DB,E07000176,E12000004
NG20 9PG,E07000174,E12000004
NG15 8ER,E07000170,E12000004
NG16 2PX,E07000172,E12000004
NG2 7AG,E07000176,E12000004
NG2 7RH,E07000176,E12000004
NG2 7SA,E07000176,E12000004
NG4 3LX,E07000173,E12000004
NG4 4GS,E07000173,E12000004
LE12 6QU,E07000176,E12000004
NG11 0AW,E07000176,E12000004
NG17 9JQ,E07000170,E12000004
NG22 8EG,E07000175,E12000004
NG5 1BG,E06000018,E12000004
NG17 1NT,E07000170,E12000004
NG21 9PF,E07000175,E12000004
NG22 0RA,E07000171,E12000004
NG22 0RT,E07000171,E12000004
NG6 8BJ,E06000018,E12000004
NG6 9EH,E06000018,E12000004
NG4 1BP,E07000173,E12000004
NG5 1QU,E06000018,E12000004
S80 3AN,E07000171,E12000004
NG22 9TZ,E07000175,E12000004
NG23 6TA,E07000175,E12000004
NG5 8PY,E07000173,E12000004
NG18 3JQ,E07000174,E12000004
NG18 3LY,E07000174,E12000004
NG19 8QX,E07000174,E12000004
NG24 2TX,E07000175,E12000004
NG25 0XG,E07000175,E12000004
NG8 1HJ,E06000018,E12000004
S81 7GB,E07000171,E12000004
NG9 2WE,E07000172,E12000004
NG15 7BZ,E07000170,E12000004
NG2 3DZ,E06000018,E12000004
NG21 0LQ,E07000175,E12000004
S80 1BJ,E07000171,E12000004
NG16 3TZ,E07000172,E12000004
NG16 5HG,E07000170,E12000004
NG17 5GD,E07000170,E12000004
NG21 9NG,E07000175,E12000004
NG22 9LA,E07000175,E12000004
NG16 2TW,E07000172,E12000004
NG16 3QL,E07000172,E12000004
NG23 6PN,E07000175,E12000004
NG5 6SA,E07000173,E12000004
NG5 8FR,E07000173,E12000004
NG19 9BL,E07000174,E12000004
NG9 5GG,E07000172,E12000004
NG9 5JY,E07000172,E12000004
NG9 8HQ,E07000172,E12000004
NG4 2JA,E07000173,E12000004
NG16 2WG,E07000172,E12000004
NG22 9EF,E07000175,E12000004
NG5 5LZ,E06000018,E12000004
NG1 4HX,E06000018,E12000004
NG9 2WA,E07000172,E12000004
NG12 4AF,E07000176,E12000004
NG2 4HY,E06000018,E12000004
NG20 0TQ,E07000174,E12000004
NG21 0NZ,E07000175,E12000004
NG14 7DX,E07000175,E12000004
NG23 5SJ,E07000175,E12000004
NG6 7BJ,E06000018,E12000004
NG11 9AD,E06000018,E12000004
NG12 5QH,E07000176,E12000004
NG13 8PF,E07000176,E12000004
NG20 0PE,E07000174,E12000004
NG4 4BJ,E07000173,E12000004
NG4 4HP,E07000173,E12000004
NG15 0DJ,E07000170,E12000004
NG15 6LU,E07000170,E12000004
NG15 8LA,E07000173,E12000004
NG22 0AU,E07000175,E12000004
NG22 8TZ,E07000175,E12000004
NG24 1NT,E07000175,E12000004
NG5 5RP,E06000018,E12000004
NG5 6BQ,E07000173,E12000004
NG6 7DE,E06000018,E12000004
NG18 4XE,E07000174,E12000004
NG19 7HN,E07000174,E12000004
NG9 8GH,E07000172,E12000004
NG4 4JP,E07000173,E12000004
S80 2NP,E07000171,E12000004
S80 2RX,E07000171,E12000004
NG17 4LB,E07000170,E12000004
NG17 7EJ,E07000170,E12000004
NG3 6ED,E07000173,E12000004
NG9 1AP,E07000172,E12000004
S80 2QX,E07000171,E12000004
NG17 5ES,E07000170,E12000004
NG17 8DW,E07000170,E12000004
NG3 2NW,E06000018,E12000004
NG3 3BP,E06000018,E12000004
NG7 1GU,E06000018,E12000004
NG8 5LH,E06000018,E12000004
NG17 2EH,E07000170,E12000004
NG17 2LS,E07000170,E12000004
NG17 5BJ,E07000170,E12000004
NG7 1ER,E06000018,E12000004
NG7 5RR,E06000018,E12000004
NG11 6RW,E07000176,E12000004
NG2 7GU,E07000176,E12000004
S80 1RE,E07000171,E12000004
S80 2UG,E07000171,E12000004
NG17 2PA,E07000170,E12000004
NG17 8NH,E07000170,E12000004
NG24 2SZ,E07000175,E12000004
NG3 3PS,E06000018,E12000004
NG7 1GA,E06000018,E12000004
NG11 9AL,E06000018,E12000004
NG12 1BD,E07000176,E12000004
NG12 2BT,E07000176,E12000004
NG13 8FY,E07000176,E12000004
NG2 5BQ,E07000176,E12000004
NG7 4DJ,E06000018,E12000004
S81 8AZ,E07000171,E12000004
S81 8NN,E07000171,E12000004
NG15 9AL,E07000173,E12000004
NG21 9TB,E07000175,E12000004
NG9 3BH,E07000172,E12000004
NG12 3TF,E07000176,E12000004
NG2 7RT,E07000176,E12000004
NG20 0HZ,E07000174,E12000004
NG7 3AW,E06000018,E12000004
NG7 4AW,E06000018,E12000004
NG8 4PF,E06000018,E12000004
NG14 6LE,E07000173,E12000004
NG16 2DH,E07000172,E12000004
NG22 8QN,E07000175,E12000004
NG12 3QH,E07000176,E12000004
NG21 0DT,E07000175,E12000004
NG8 3ND,E06000018,E12000004
S81 7QA,E07000171,E12000004
NG16 3PN,E07000172,E12000004
NG22 8AG,E07000175,E12000004
NG22 9JB,E07000175,E12000004
NG22 9SY,E07000175,E12000004
NG4 1ND,E07000173,E12000004
NG4 1QW,E07000173,E12000004
NG9 2BS,E07000172,E12000004
NG9 2QU,E07000172,E12000004
NG9 8GZ,E07000172,E12000004
NG12 2AN,E07000176,E12000004
NG13 7BA,E07000176,E12000004
NG21 0DF,E07000174,E12000004
S81 8FB,E07000171,E12000004
LE12 5HD,E07000176,E12000004
NG14 7LL,E07000175,E12000004
NG24 1AT,E07000175,E12000004
NG9 3FU,E07000172,E12000004
NG9 6FL,E07000172,E12000004
NG19 0FY,E07000174,E12000004
NG19 7LA,E07000174,E12000004
NG24 2LX,E07000175,E12000004
NG24 4NB,E07000175,E12000004
NG3 7HB,E06000018,E12000004
NG5 4DG,E06000018,E12000004
NG17 2BP,E07000170,E12000004
NG17 3EB,E07000170,E12000004
NG1 3PB,E06000018,E12000004
NG25 0RX,E07000175,E12000004
NG5 5AR,E06000018,E12000004
NG5 8JP,E07000173,E12000004
S80 1FB,E07000171,E12000004
NG11 6AP,E07000176,E12000004
NG18 5AU,E07000174,E12000004
NG3 5TB,E07000173,E12000004
NG16 6GN,E07000170,E12000004
NG17 1GA,E07000170,E12000004
NG18 3RY,E07000174,E12000004
NG18 4AS,E07000174,E12000004
NG18 4EB,E07000174,E12000004
NG24 2NP,E07000175,E12000004
NG3 5ER,E06000018,E12000004
NG5 8SL,E07000173,E12000004
NG6 0AL,E06000018,E12000004
NG17 2DU,E07000170,E12000004
NG17 2HG,E07000170,E12000004
NG17 3HJ,E07000170,E12000004
NG5 5JP,E06000018,E12000004
NG5 5PS,E06000018,E12000004
NG18 2RH,E07000174,E12000004
NG19 0LZ,E07000174,E12000004
NG9 6BD,E07000172,E12000004
LE12 6RB,E07000176,E12000004
NG16 5HA,E07000170,E12000004
NG17 5BF,E07000170,E12000004
NG24 3LP,E07000175,E12000004
NG25 0GA,E07000175,E12000004
NG3 5BE,E06000018,E12000004
NG5 4NR,E07000173,E12000004
NG11 6FQ,E07000176,E12000004
NG19 0QW,E07000174,E12000004
NG19 6DH,E07000174,E12000004
NG19 8HZ,E07000174,E12000004
NG9 7HG,E07000172,E12000004
NG3 5GX,E06000018,E12000004
NG6 9EP,E06000018,E12000004
NG6 9GG,E06000018,E12000004
NG18 1RX,E07000174,E12000004
NG19 6JZ,E07000174,E12000004
NG19 7EG,E07000174,E12000004
NG9 3QA,E07000172,E12000004
NG17 2DR,E07000170,E12000004
NG6 0QN,E06000018,E12000004
NG9 5BN,E07000172,E12000004
NG12 5BN,E07000176,E12000004
NG12 5JW,E07000176,E12000004
NG13 8WF,E07000176,E12000004
NG2 7PU,E07000176,E12000004
NG4 1HB,E07000173,E12000004
NG8 2FW,E06000018,E12000004
NG15 9GA,E07000173,E12000004
NG23 5PT,E07000176,E12000004
NG23 7BG,E07000175,E12000004
NG2 7EU,E07000176,E12000004
NG21 0DL,E07000174,E12000004
NG4 3GZ,E07000173,E12000004
NG5 2DR,E06000018,E12000004
NG15 8BU,E07000170,E12000004
NG16 1AS,E07000172,E12000004
NG16 3GU,E07000172,E12000004
NG22 8QG,E07000175,E12000004
NG24 1XF,E07000175,E12000004
NG12 3NR,E07000176,E12000004
NG12 5ST,E07000176,E12000004
NG7 6PW,E06000018,E12000004
NG8 2RB,E06000018,E12000004
NG14 5FL,E07000173,E12000004
NG15 8GL,E07000170,E12000004
NG23 6NR,E07000175,E12000004
S80 1AU,E07000171,E12000004
NG11 7EA,E06000018,E12000004
NG11 8HA,E06000018,E12000004
NG12 3NJ,E07000176,E12000004
NG4 3PW,E07000173,E12000004
S81 0JB,E07000171,E12000004
NG14 6TF,E07000173,E12000004
NG14 7FF,E07000175,E12000004
NG15 7DF,E07000170,E12000004
NG16 2QR,E07000172,E12000004
NG17 7LU,E07000170,E12000004
NG23 7AQ,E07000175,E12000004
NG24 4AN,E07000175,E12000004
NG24 4NX,E07000175,E12000004
NG8 2BD,E06000018,E12000004
NG8 2BJ,E06000018,E12000004
NG8 3LB,E06000018,E12000004
NG8 4JN,E07000172,E12000004
LE12 6QB,E07000176,E12000004
NG16 5GU,E07000170,E12000004
NG17 3FD,E07000170,E12000004
NG17 7ND,E07000170,E12000004
NG4 1SP,E07000173,E12000004
NG9 3JD,E07000172,E12000004
NG14 6HA,E07000173,E12000004
NG15 7UT,E07000170,E12000004
NG2 7JL,E07000176,E12000004
NG3 4LB,E06000018,E12000004
S81 0DG,E07000171,E12000004
NG19 9DT,E07000174,E12000004
NG17 5ER,E07000170,E12000004
NG17 9JH,E07000170,E12000004
NG18 1HZ,E07000174,E12000004
NG22 8EE,E07000175,E12000004
NG24 2ET,E07000175,E12000004
NG5 1RJ,E06000018,E12000004
NG9 3EZ,E07000172,E12000004
NG9 5JB,E07000172,E12000004
NG14 5HW,E07000173,E12000004
NG15 6FX,E07000170,E12000004
NG7 3GH,E06000018,E12000004
S81 9AW,E07000171,E12000004
NG19 0DQ,E07000174,E12000004
NG19 6NN,E07000174,E12000004
NG5 8DS,E07000173,E12000004
NG6 8HY,E06000018,E12000004
NG23 6TQ,E07000171,E12000004
NG24 1XH,E07000175,E12000004
NG4 1FR,E07000173,E12000004
NG4 1FT,E07000173,E12000004
NG9 2QG,E07000172,E12000004
NG15 9AB,E07000173,E12000004
NG2 5AF,E07000176,E12000004
NG21 0LZ,E07000175,E12000004
NG24 2PH,E07000175,E12000004
NG3 5GF,E06000018,E12000004
NG3 7HD,E06000018,E12000004
NG7 7BB,E06000018,E12000004
NG8 6BU,E06000018,E12000004
S81 0JY,E07000171,E12000004
S80 2HG,E07000171,E12000004
NG11 7AS,E06000018,E12000004
NG13 8NH,E07000176,E12000004
NG18 4ND,E07000174,E12000004
NG18 4TA,E07000170,E12000004
NG11 6AH,E07000176,E12000004
NG5 3HU,E06000018,E12000004
NG19 7QZ,E07000174,E12000004
NG1 5GJ,E06000018,E12000004
NG1 6FB,E06000018,E12000004
NG5 2NL,E06000018,E12000004
NG5 5TQ,E06000018,E12000004
NG5 5XA,E06000018,E12000004
NG5 6AL,E07000173,E12000004
NG5 8NW,E07000173,E12000004
NG6 7AL,E06000018,E12000004
NG6 8RQ,E06000018,E12000004
NG18 2NS,E07000174,E12000004
NG19 6BT,E07000174,E12000004
NG9 5HY,E07000172,E12000004
NG9 6GH,E07000172,E12000004
NG9 6NP,E07000172,E12000004
NG14 5BE,E07000173,E12000004
NG15 6SB,E07000170,E12000004
NG16 2NA,E07000172,E12000004
NG16 2NB,E07000172,E12000004
NG21 9SN,E07000175,E12000004
NG22 8JY,E07000175,E12000004
NG22 9NE,E07000175,E12000004
NG23 6RE,E07000171,E12000004
NG5 6SB,E07000173,E12000004
NG11 8QQ,E06000018,E12000004
NG1 6GJ,E06000018,E12000004
NG18 5DR,E07000174,E12000004
NG18 5GD,E07000174,E12000004
NG9 3LE,E07000172,E12000004
NG9 7DF,E07000172,E12000004
NG23 5PF,E07000175,E12000004
NG5 2GW,E06000018,E12000004
NG5 4GN,E07000173,E12000004
NG5 4NS,E07000173,E12000004
NG5 6RU,E07000173,E12000004
NG1 1QQ,E06000018,E12000004
NG1 6BS,E06000018,E12000004
NG18 4SP,E07000174,E12000004
NG19 8EG,E07000174,E12000004
NG9 2BJ,E07000172,E12000004
NG9 5BA,E07000172,E12000004
NG9 6LU,E07000172,E12000004
NG21 9LA,E07000175,E12000004
NG22 8JF,E07000175,E12000004
NG23 7DU,E07000175,E12000004
NG5 7HR,E07000173,E12000004
NG11 6QT,E07000176,E12000004
NG2 7AU,E07000176,E12000004
NG20 0ND,E07000174,E12000004
NG21 0AX,E07000175,E12000004
NG16 6EE,E07000170,E12000004
NG17 1FW,E07000170,E12000004
NG24 2RN,E07000175,E12000004
NG25 0RP,E07000175,E12000004
NG3 5TE,E07000173,E12000004
NG7 2FD,E06000018,E12000004
LE12 5PF,E07000176,E12000004
NG17 5HF,E07000170,E12000004
NG24 3AQ,E07000175,E12000004
NG3 1JL,E06000018,E12000004
NG3 1NB,E06000018,E12000004
NG3 2FR,E06000018,E12000004
NG3 2LR,E06000018,E12000004
S81 8PF,E07000171,E12000004
NG16 5EQ,E07000170,E12000004
NG17 5GB,E07000170,E12000004
NG17 9FY,E07000170,E12000004
NG7 3BP,E06000018,E12000004
NG7 3NY,E06000018,E12000004
NG7 4FX,E06000018,E12000004
NG1 5AY,E06000018,E12000004
NG9 3FY,E07000172,E12000004
NG9 3LD,E07000172,E12000004
NG5 4AJ,E06000018,E12000004
NG5 8FF,E07000173,E12000004
NG11 7GX,E06000018,E12000004
NG11 8JP,E06000018,E12000004
NG13 8SU,E07000176,E12000004
NG2 3HE,E06000018,E12000004
NG20 8XG,E07000174,E12000004
NG4 4NW,E07000173,E12000004
S81 8ED,E07000171,E12000004
S81 8WF,E07000171,E12000004
NG17 3GJ,E07000170,E12000004
NG17 4LW,E07000170,E12000004
NG24 3XS,E07000175,E12000004
NG8 5PX,E06000018,E12000004
NG3 5TA,E07000173,E12000004
NG8 6NT,E06000018,E12000004
NG1 5JD,E06000018,E12000004
NG9 3JA,E07000172,E12000004
NG11 9JT,E06000018,E12000004
NG4 1GL,E07000173,E12000004
NG22 8NW,E07000175,E12000004
NG5 8BZ,E07000173,E12000004
NG5 8UF,E07000173,E12000004
NG6 9FR,E06000018,E12000004
NG7 1HW,E06000018,E12000004
NG2 7BQ,E07000176,E12000004
NG14 5JZ,E07000173,E12000004
NG22 9AQ,E07000175,E12000004
NG17 1ND,E07000170,E12000004
NG12 2PX,E07000176,E12000004
NG15 0BE,E07000173,E12000004
NG15 8DQ,E07000170,E12000004
NG16 6AQ,E07000170,E12000004
NG18 1DJ,E07000174,E12000004
NG24 3LH,E07000175,E12000004
NG1 3NZ,E06000018,E12000004
S81 8TW,E07000171,E12000004
NG12 3TA,E07000176,E12000004
NG21 9PG,E07000175,E12000004
NG5 9DY,E06000018,E12000004
